question_id,answerable,difficulty,question_type,question,relevant_case_rank,answer,reference_answer,reference_citations,bertscore_f1,citation_precision,citation_coverage,grounding_support_proxy,correct_abstention,false_abstention,end_to_end_success,legal_correctness_1_to_5,completeness_1_to_5,citations_correct_0_or_1,abstention_correct_0_or_1,reviewer_notes
LQA-041,True,medium,statutory_interpretation,"Case background: as the aeco did not have the necessary capital to undertake the work, raju floated in 1933 a public limited company called visakhapatnam electric supply corporation ltd., and another in 1936 called the anakapalli electric supply corporation ltd. Which statutory or constitutional provisions governed the dispute, and how were they interpreted?",1,"The Andhra Engineering Company (AECO), a private limited company, obtained licences from the Government under the Electricity Act for supply of electrical energy to certain places. As the AECO did not have the necessary capital to undertake the work, Raju floated in the year 1933 a public limited company called Visakhapatnam Electric Supply Corporation Ltd. and another in the year 1936 called the Anakapalli Electric Supply Corporation Ltd. The AECO transferred its licences for the supply of electrical energy to the consumers of Visakhapatnam to VESCO and similarly transferred to AECO the licence to supply electrical energy to consumers at Anakapalli. The AECO was appointed managing agent for each of these corporations under separate agreements. Some time later other industrial concerns were started apparently by Raju himself and the AECO was appointed the managing agent of each of these concerns. The original managing agency agreement in favour of AECO with respect to VESCO was for a period of 15 years i.e. from 1933 to 1948 and was later renewed for the remaining term of the currency of the licence granted by the Government under the Electricity Act. The VESCO had its own Board of Directors while the AECO had also its own separate Board of Directors. The VESCO had no Managing Director but at each meeting of its Board of Directors one of the Directors used to be elected Chairman. The AECO on the other hand always had a Managing Director, first of whom was D.L.N. Raju. He died in the year 1939 and was succeeded by R.K.N.G. The VESCO had no Managing Director but at each meeting of its Board of Directors one of the Directors used to be elected Chairman. The AECO on the other hand always had a Managing Director, first of whom was D.L.N. Raju. He died in the year 1939 and was succeeded by R.K.N.G.","FACTS
in 1929 the andhra engineering co.(aeco) which was originally a partnership firm formed by one d.l.n. raju was converted into a private limited, company with its headquarters at visakhapatnam.
it obtained licences from the government under the electricity act for supply of electrical energy to visakhapatnam, anakapalli and some other places.
as the aeco did not have the necessary capital to undertake the work, raju floated in 1933 a public limited company called visakhapatnam electric supply corporation ltd., and another in 1936 called the anakapalli electric supply corporation ltd.
the aeco transferred its licences for the supply of electrical energy to the consumers of visakhapatnam to vesco and similarly transferred to aeco the licence to supply electrical energy to consumers at anakapalli.
the aeco was appointed managing agent for each of these corporations under separate agreements. sometime later other industrial concerns, the andhra cements ltd., vijayawada and the east coast ceremics, rajahmurthy were started apparently by raju himself- and the aeco was appointed the managing agent of each of these concerns.
the original managing agency agreement in favour of aeco with respect to vesco was for a period of 15 years
the vesco had its own board of directors while the aeco had also its own separate board of directors.
the vesco had no managing director but at each meeting of its board of directors one of the directors used to be elected chairman.
the same practice was followed at the meeting of the general body of the shareholders.
the aeco on the other hand always had a managing director, first of whom was d.l.n. raju.
he died in the year 1939 and was succeeded by r.k.n.g. raju, an advocate of rajahmundry.
this person, however, did not shift to visakhapatnam on his becoming the managing director but continued to stay most of the time at rajahmundry.
the aeco as managing agents of vesco had appointed in 1939 one d.v. appala raju, a trusted employee, as its representative and as the secretary of vesco.
in 1944 this person resigned from his appointments and started his own business in radio and electrical goods in the name of d. brothers.
he was succeeded by t. visweswara rao, an employee of the aeco.
eventually their choice fell on g. v. subba raju, resident of manchili, who held a large number of shares in the aeco and who was, besides, related to r.k.n.g. raju by marriage.
he was assured that by consenting to become the managing director be would not be required to discharge onerous duties and that the respondent no. i would look to all the affairs of vesco.
he agreed and was elected managing director of aeco in the middle of 1948. upon this understanding he accepted the position offered to him.
the vesco used to receive large amounts of money from high tension power consumers such as the railways, k. g. hospital, the port administration, the andhra university etc., by cheques.
but domestic consumers usually paid their bills in cash to the bill collectors who used to hand over their collections to the respondent no. 2.
the amount totalled up at the end of the day was posted in vesco's cash handover book as ""'by safe"" indicating that this amount was kept in the safe, though in fact it was not.
on the basis of the entries in the handover book the final accounts were written up.
the respondent no. i opened four personal accounts in different banks, including the imperial bank of india .
when the respondent no. i had to issue a personal cheque on any of these banks he used to ask the second respondent to send an equivalent amount to the bank concerned for being credited to his account.
these amounts also used to be noted in the private note book and entered.
another thing which the respondent no. i initiated was opening a heading in the ledger called ""advance purchase of materials.""
amounts which had been misappropriated used to be posted therein though in fact no orders were placed for any material.
it may be mentioned that subba raju used to visit visakhapatnam twice a month and check up the account books.
at that time it used to be represented to him that the amounts which were shown to be in the safe and not found therein had been sent to the bank for being deposited.
apparently subba raju was fully satisfied with this and other explanations and, therefore, he appointed one c. s. raju, who was the manager of andhra cements to supervise over the affairs of vesco.
apparently because of this a new method of misappropriation was adopted by the respondents by starting in the vesco account books, an account called ""suspense account"".
a lakh of rupees passed through that account.
amounts which were misappropriated used to find their way in this account.
a new cash book was also said to have been prepared by the conspirators with the object of covering up the misappropriations which had been made.
besides that, c. s. raju's management of andhra cements had landed it into a loss of rs. 30, 000/-`.
because of all these things he had c. s. raju replaced towards the end of 1951 by one subbaramayya, a retired finance officer from the madras electricity board both as a director of andhra cements and as a supervisor over the accounts of vesco.
he, however, was unable to obtain any information.
in january, 1952 he therefore brought one s. g. krishna aiyar who had vast experience in the maintenance of accounts of electrical undertaking's having been chief accountant of the south madras electric supply corporation, to undertake an investigation and then to act as financial adviser.
krishna aiyar after his appointment made close enquiry and submitted an interim report.
that report showed that during the period 1948-49 rs. 33, 271-10-0 shown as paid to the andhra power system were in fact not paid.
the interim report showed that there was a shortage of about rs. 90, 000/- for this period.
in april, 1952 the collector attached vesco properties for realising this amount.
on april 30, 1952 the respondent no. 1, by selling some of his property, himself paid rs. 50, 000/- to the andhra power system towards the sum due to it from vesco and had promised to pay the balance shortly thereafter.
he was given time for doing so but he failed to pay it.
the directors of vesco thereafter authorised k. s. dutt, one of the directors to lodge a complaint with the police which he accordingly lodged on may 19, 1952.
on the next day the police placed an armed guard around the office of the respondent no. i and seized a number of papers.
as a result of investigation they found that there was a total misappropriation of rs. 3, 40, 000/-.
on september 13, 1954 ramana offered to make a full confession to the additional district magistrate (independent) who was empowered to grant pardon under s. 337 of the code of criminal procedure.
he, however, directed ramana to make his confession before a submagistrate.
the latter accordingly made a confession on november 15, 1954 and on november 17, 1954 the additional district magistrate granted him pardon and that is how he came to be examined as a witness in this case.
the additional sessions judge convicted both the respondents, the respondent no. i in respect of each head of the offences with which he was charged and the respondent no. 2 in respect only of the offences of conspiracy and misappropriation.
in the first place according to the high court, joint trial of two or more persons in respect of different offences committed by each of them is illegal and that here as they were charged with having committed offences under s. 120-b, s. 409, s. 477-a and s. 476/467, i.p.c. they could not be tried jointly.

ARGUMENT
the points which he urged are briefly these:
(1) that there was a misjoinder of charges and persons in that the various provisions of s. 239 were clubbed together and an omnibus charge of conspiracy was framed which on its face was one likely to embarrass the respondents and make their task of defending themselves difficult.
(2) the procedure adopted in the investigation and committal stages was irregular.
(3) irrelevant evidence was introduced and some evidence was introduced in a manner not authorised by the evidence act.
(4) that the court abused its powers under s.342, cr. p.c. while conducting the examination of the respondents.
(5) the evidence of the approver was inadmissible because the pardon granted to him was illegal, that, in any case, it is unreliable, was so found even by the sessions judge and must, therefore, be rejected.
if the evidence of the approver is left out the remaining evidence would be inadequate to sustain the prosecution case.
as many as 2, 000 documents were ""dumped"" by the prosecution in this case out of which 1600 documents were not sought to be proved by it.
further, 64 documents were missing from the records when they came to the high court and that this has caused serious prejudice to the respondent.

ISSUE
whether there was a misjoinder of parties and of persons.

ANALYSIS
s. 120 b provides that whoever is a party to a criminal conspiracy to commit an offence punishable with death, imprisonment for life or rigorous imprisonment for a term of two years or upwards shall be punishable in the same manner as if he has abetted such offence unless there was an express provision in the code for the punishment of such conspiracy.
the first charge is in respect of the conspiracy alleged to have been entered into by the two respondents, k. v. ramana, the approver, and others ""known and unknown"" to commit criminal breach of trust of the funds of vesco and, in order to screen its detection, to falsify the accounts of vesco and to use forged documents as genuine.
on the face of it this is a valid charge.
but certain objections have been taken to it with which the court will deal at the appropriate place.
the second charge is for an offence of criminal breach of trust punishable under s. 409 and the accusation therein is that the two respondents along with ramana, misappropriated 69 items aggregating to a little over rs. 3, 20, 000/-.
it is clear from the charge that some of the amounts were misappropriated between april, 1947 and march, 1950, some between april, 1947 and march, 1949, some between april, 1947 and march, 1951 and quite a large number between september, 1947 and march, 1950 and a still large number between april, 1951 and march, 1952.
it is thus apparent that offences committed within a space of 12 months were tried along with offences committed beyond that period.
unless, therefore, the provisions of s. 239 are applicable it would follow that there was a misjoinder of charges.
the third charge is that the two respondents, along with the approver ramana made false entries on seven different dates in the account books between september 19, 1947 and march 18, 1952 and thus committed an offence under s. 477-a, i.p.c.
the fourth charge is that the two respondents, along with the approver ramana forged six documents on different dates between march 28, 1949 and november 12, 1951 and thus committed an offence under s. 471 read with s. 467, i.p.c.
there the learned judges have held that these clauses are mutually exclusive and they cannot be simultaneously applied and to construe them as supplementing each other would be enlarging the scope of the exceptions.
each clause is an exception to the general rule enacted in s. 233, cr. p.c.
if such a combination is permissible, all persons accused of offences described in cls. (a) to (g) can be tried together in one case which certainly involves a bewildering multiplicity of charges and which would obviously set at naught the salutary principle contained in s. 233.
s 236 is a special provision available in case of doubt and is neither subject to the limitations prescribed by s. 233 nor those of the other preceding provisions.
now, if the respondent no. 1 were alone tried upon the second, third and the fourth charges the provisions of s. 235(1) could have been pressed in aid if the allegations were that the offences were so connected together as to form one and the same transaction and the validity of the trial would not have been open to any attack.
similarly if the second respondent were alone tried on the second charge his trial would not have been open to any objection if the allegation were that the offences were so connected together as to form the same transaction.
here, however, the court a case where the prosecution alleges that there was additionally a conspiracy to which apart from the two respondents the approver and some other persons were parties and where in both the respondents were tried together.
a conspiracy must be regarded as one transaction and, therefore, a single individual charged with it could be tried with the aid of s. 235(1) for all the acts committed by him in furtherance or in pursuance of the conspiracy without the limitations imposed by s.234(1).
the only provision in the code which permits the joint trial of more than one person is s. 239 and what the court to see is whether under that provision the two respondents could have been jointly tried for the offences with which they were charged.
on the other hand at the end of cl. (f) there is a conjunction 'and'.
now, since s. 234(1) cannot be properly read overriding s. 235(1) there is no valid reason for construing it as overriding the provisions of s. 239 either.
s, 239 must be read at least subject to ss. 234(1) and 235(1) on the ground that if there are certain restrictions with respect to the trial of a single accused there is no reason why those restrictions will disappear if an accused person is tried along with several other persons.
thus where several persons are accused of more offences than one of the same kind committed by them jointly within a period of 12 months, the number of offences for which they could be tried cannot exceed three.
in this connection he relied upon the words ""within the meaning of s. 224"" occurring in cl. (c) of s. 239.
these words clearly show that cl. (c) of s. 239 is subject to the provisions of s. 234.
in the court’s opinion the words ""within the meaning of s. 234"" indicate that what was meant by the words offence of the same kind"" ""'persons accused of more offences than one of the same kind not exceeding three in number""or may have used the words"" person accused of more than one offence of the same kind to the extent permissible under s. 234.
therefore, even if the expression ""'same transaction"" alone had been used in s. 235(1) it would have meant a transaction consisting either of a single act or of a series of connected acts.
the expression ""same transaction"" occurring in cls. (a), (c) and (d) of s. 239 as well as that occurring in s. 235(1) ought to be given the same meaning according to the normal rule of construction of statutes.
looking at the matter in that way, it is pointless to inquire further whether the provisions of s. 239 are subject to those of s. 236(1).
the provisions of sub-s. (2) and (3) of s. 235 are enabling provisions and quite plainly can have no overriding effect.
but it would be open to the court to resort to those provisions even in the case of a joint trial of several persons permissible under s. 239.s. 236 is also an enabling provision to be availed of in case of doubt and it is meaningless to say that s. 239 is subject to s. 236.
bearing in mind the fact that the provisions in the ""former part"" of chapter xix are applicable to charges made with the aid of s. 239 only ""so far as may be"" it would not be right to construe s. 239 as being subject to the provisions of ss. 233 to 236.
the court could not, however, give the expression such a restricted meaning.
for, even in the absence of those words, the earlier provisions could not have been ignored.
for, it is a rule of construction that all the provisions of a statute are to be read together and given effect to and that it is, therefore, the duty of the court to construe a statute harmoniously.
thus, while it is clear that the sections preceding s. 239 have no overriding effect on that section, , the courts are not to ignore them but apply such of them as can be applied without detracting from the provisions of s.239.
indeed, the very expression 'so far as may be' emphasises the fact that while the earlier provisions have to be borne in mind by the court while applying s. 239 it is not those provisions but the latter which is to have an overriding effect.
criminal conspiracy as defined in s. 120-a and consists of an agreement to do an illegal act or an agreement to do an act which is not illegal by illegal means.
criminal conspiracy was, however, not an unknown thing before the amendment of the indian penal code in 1913.
but what the amendment did was to make that conspiracy itself punishable. the idea was to prevent the commission of crimes by, so to , speak, nipping them in the bud.
but it does not follow that where crimes have been committed the liability to punishment already incurred under s. 120-b by having entered into a criminal conspiracy is thereby wiped away.
no doubt, as already stated, where offences for committing which a conspiracy was entered into have actually been committed it may not, in the particular circumstances of a case, be desirable to charge the offender both with the conspiracy and the offences committed in pursuance of that conspiracy.
but that would be a matter ultimately within the discretion of the court before which the trial takes place.
in so far as the fourth point is concerned, that would have a bearing not on the form of the charge but on the credibility of the evidence bearing on the point of conspiracy.
the prosecution be established by reference to s. 34 of the indian evidence act which reads thus as what it does is to make entries in books of account regularly kept in the course of business relevant in all proceedings in a court of law.
these entries are, however, not by themselves sufficient to charge any person with liability.
therefore, when a sues b for a sum of money it is open to him to put his account books' in evidence provided they are regularly kept in the course of business and show by reference to them that the amount claimed by him is debited against b.
the entry though made by a in his own account books, and though it is in his own favour is a piece of evidence which the court may take into consideration for the purpose of determining whether the amount referred to therein was in fact paid by a to b.
the entry by itself is of no help to a in his claim against b but it can be considered by the court along with the evidence of a for drawing the conclusion that the amount was paid by a to b.
to this limited extent entries -in the account books are relevant and can be proved. s. 34 does not go beyond that.
it says nothing about non-existence of entries in account books.
the court, therefore, agree with the high court that the account books of the various concerns to whom payments are said to have been made by the respondents are not by themselves evidence of the fact that no payments were received by them.
the decision in queen empress v. grees chunder banerjee ((1884) i. l. r. 10 cal 1024.), upon which reliance is placed by the high court in support of its view is also to that effect. similarly in ram prashad singh v. lakhpati koer ((1902) i. l. r. 30 cal 231, 247).
lord robertson during the course of the hearing has observed that no inference can be drawn from the absence of any entry relating to any particular matter which observation supports the view taken in queen empress v. girish chander banerjee ( (1884) i.l.r. 10 c.l 1024. ).
there is s. ii of the evidence act which provides that facts not otherwise relevant are relevant if they are inconsistent with any fact in issue or relevant fact.
some of the facts in issue in this case are whether payments of certain sums of money were made to crompton engineering co., and other firms or authorities.
absence of entries in their account books would be inconsistent with the receipt of the accounts and would thus be a relevant fact which can be proved under s. 11.
the fact that no payments were received by those firms has been deposed to by persons connected with those firms and whose duty it was to receive and acknowledge amounts received by the firms or who were in charge of the accounts of these firms.
for the purpose of showing that no amounts were received by the firms, their account books would thus be as relevant as the vesco account books for the purpose of showing the contrary.
there is s. 5 of the evidence act which reads thus as it is the case of the prosecution that the alleged payments were never made by vesco to the various firms.
the offence under s. 467 read with s. 471 is punishable with imprisonment for life or imprisonment of either description for a period of 10 years but it is exclusively triable by a court of session .
as regards the offence under s. 477-a, it is one of those sections which are specifically enumerated in s. 337 (1) and the argument advanced before the court and which the court rejected would not even be available with regard to the pardon in respect of that offence.
it is true that the respondent no. i alone was convicted by the additional sessions judge of this offence and the offence under s. 467 read with s. 471 but the validity of a pardon is to be determined with reference to the offence alleged against the approver alone and not with reference to the offence or offences for which his associates were ultimately convicted.
the decision in sarwan singh v. the state of punjab ([1957] b. c. r. 953.), on which reliance has been placed by the high court has been explained by this court in the case of maj. e. g. barsay v. the state of bombay .
this court has pointed out in the latter decision that while it must be shown that the approver is a witness of truth, the evidence adduced in a case cannot be considered in compartments and that even for judging the credibility of, the approver the evidence led to corroborate him in material particulars would be relevant for consideration.
the high court should bear this in mind for deciding whether the evidence of the approver should be acted upon or not.
then again it would not be sufficient for the high court to deal with the evidence in a general way.
it would be necessary for it to consider for itself the evidence adduced by the prosecution on the specific charges and then to conclude whether those charges have been established or not.
the prosecution would be well, advised if, instead of placing the evidence on each and every one of those large number of charges against the respondents, it chooses to select a few charges under each head other than the head of conspiracy and concentrates on establishing those charges, this would save public time and also serve the purpose of the prosecution.
the court set aside the acquittal of the respondents and remit the appeal to the high court for decision on merits in the light of our observations.

STATUTE
ss. 221 to 232 of ipc are comprised under the first sub-head and ss. 233 to 240 in the second.
ss. 221 to 223 deal with the framing and content of charge. s. 224 deals with the interpretation of the language of the charge and s. 225 with the effect of errors in the charge.
ss. 226 to 231 deal with the power of the court with regard to framing and altering charges and the procedure to be adopted at the trial where a charge is found to be defective or there is no charge or where a new charge is to be framed.
s. 232 deals with the power of the appellate court or the high court when it discovers that there is material error in the charge.
s. 233 provides that for every distinct offence of which any person is accused there shall be a. separate charge.
but it also provides that this will be subject to the exceptions contained in ss. 234, 235, 236 and 239.
the first three provisions relate to the framing of charges against a single accused person.
s. 234 (1) deals with the trial of a person for offences of the same kind not exceeding three committed within the space of 12 months from the first to the last of such offences and s. 231 (2) what is meant by the expression 'offences of' the same kind'.
this provision lifts partially the ban on the trial of a person for more than one offence at the same trial.
s. 235(1), however, goes a step further and permits the trial of a person for more offences than one if they are so connected together as to form the same transaction.
thus under this provision if the connection between the various offences is established the limitations placed by s. 234(1) both as regards the number and the period during which the offences are alleged to have been committed will not apply.
sub-s. (2) of s. 235 deals with a case where an offence falls within two definitions and sub-s.(3) deals with a case in which a number of acts are alleged against an accused person, different combinations of which may constitute different offences.
s. 236 which provides that if a single act or series of acts is of such a nature that it is doubtful which of several offences the facts which can be proved will constitute, the accused may be charged with having committed all or any of such offences and further provides that any number of such charges may be tried together.
it also permits that charges could be framed against an accused person in the alternative if the court thinks fit.
s. 239 cls. (a) and (b)- cl. (a) says that persons accused of the same offence committed in the course of the same transaction may be charged and tried together.
this first thing to be noticed is that s. 239 does not read as if its various clauses can be applied only alternatively.
cl. (b) says that persons accused of an offence and persons accused of abetment, or, of an attempt to commit such offence may also be charged and tried together.
the opening words of the section show that it is an enabling provision and, therefore, the court has a discretion to avail itself cumulatively of two or more clauses.
the concluding portion of s. 239 shows that the provisions contained in the former part of chapter xix shall, as far as may be, apply to the charges framed with the aid of s. 239.
does this mean that the provisions of s. 233, 234, 235, and 236 must also be complied with?
obviously, s. 233 does not override the provisions of s. 239. s. 234 cannot also be regarded as an overriding provision because reading it that way will lead to the clear result that whereas several accused persons can be charged at the same trial with any number of different offences committed by them in the course of the same transaction they cannot be tried also for -offences of the same kind exceeding three in number and committed beyond a space of 12 months from the first to the last.
it could not have been the intention of the legislature to create such a situation.
again, as already stated, s. 234(1) does not override the provisions of s. 235(1) which permits trial of a person for more offences than one committed during any period provided they are so connected together as to form one transaction.
unless the court read s. 234(1) as not enacting a fetter on s. 235(1), it may not be possible to give full effect to the latter.
it is under these provisions that the account books of the firms must be held to be relevant.
what value to attach to them is another matter and would be for the court of fact to consider.","['IN-Ext:1963_S_59:retrieval-0004', 'IN-Ext:1963_S_59:retrieval-0002', 'IN-Ext:1963_S_59:retrieval-0008', 'IN-Ext:1963_S_59:retrieval-0005', 'IN-Ext:1963_S_59:retrieval-0007', 'IN-Ext:1963_S_59:retrieval-0023']",0.8003617525100708,0.0,0.0,0.0,,0.0,0.0,,,,,
LQA-023,True,medium,statutory_interpretation,"Case background: the is that for certain the appellant could not derive actual income from the forests taken over by the state from him and therefore there was no income-tax payable on any agricultural income from these forests. Which statutory or constitutional provisions governed the dispute, and how were they interpreted?",1,"The appellant challenged the slab system of compensation provided in the Act which awards smaller multiples for estates yielding larger incomes on the score of violation of the fundamental rights under the Constitution. The appellant also contended that for certain reasons he could not derive any actual income from the forests taken over by the State from him and therefore there was no income tax payable on any agricultural income from these forests and therefore in arriving at the next income the deduction of income tax was not permissible. Dismissing the appeal, ^ HELD: (1) Article 313 read with article 312 bars any challenge to the amount of compensation on acquisition by the State subject to compliance with the prescriptions in the said sub articles on the ground that the amount so fixed or determined is not adequate. Presidential assent has been accorded to this State Act and so the ban operates. Moreover article 31A repels the applicability of articles 14, 19 and 31 to the acquisition by the State of any estate or of any rights therein etc. This provision directly demolishes the contention of the appellant. [IN-Ext:1976_T_9:retrieval-0020B D] (2) In the case of forests it is the assumed income and not the actual income that forms the basis of calculation of compensation. If the actual income were to be the foundation for computation of compensation on the premise that not actual income has accrued, the compensation might be zero. On the other hand statutory compensation is provided for on the formula of assumed income in the previous year. Similarly an assumed income tax also has to be worked out and deducted. [IN-Ext:1976_T_9:retrieval-0023C E] (3) The contention that for certain reasons the appellant could not derive any actual income from the forests taken over by the State from him and therefore there was no income tax payable on any agricultural income from these forests and therefore in arriving at the next income the deduction of income tax was not permissible is bere","FACTS
three civil appeals, stemming from three revision petitions to the high court of orissa under the orissa estates abolition act, 1951.
the high court, after deciding various issues, remanded the cases to the compensation officer under the act, after over-ruling most of the contentions pressed before it by the appellant.
shri achutananda purohit, appellant, was the intermediary in respect of vast forests and other lands comprised in the estate of jujumura in the district of sambalpur.
the appellant has received around rs. 3,00,000/- but much more, according to him, is due.

ARGUMENT
the argument is that for certain reasons the appellant could not derive actual income from the forests taken over by the state from him and therefore there was no income-tax payable on any agricultural income from these forests.
the contention is that therefore in arriving at the next income the deduction of income-tax is not permissible.

ISSUE
the estate vested in the state on april 1, 1960 by force of the act and the crucial question consequentially turns on the quantum of compensation awardable under chapter v of the orissa estates abolition act, 1951.
the meat of the matter, the primary question agitated in the appeal, lopping off the fringe issues of lesser import, consists in the statutory methodology and functionaries prescribed by the act for quantifying the compensation and the compliance therewith by the statutory machinery in the case of the appellant.

ANALYSIS
the compensation officer is charged with fixing the quantum in the prescribed manner.
a compensation assessment roll containing the gross asset and net income of each estate, together with the compensation payable in respect of such estate, has to be prepared by him.
the dynamic rule of law, with a social mission, makes a meaningful distinction between rights steeped in the old system and compensation for deprivation of those interests, on the one hand, and the ordinary commercial transactions or regulation of rights untinged by social transformation urges, on the other.
this gives rationality to the seeming disparity.
moreover, the high court has rightly pointed out that the validity of s. 37(3) of the act which fixes a small rate of interest on the compensation amount has been upheld by the supreme court in gajapati narayan's case.
for the purposes of the law, the rupee of long ago is the same as the rupee of today, although for the purposes of the market place and cost-of living, the housewife's answer may be different.
art. 31(3) read with art. 31(2) bars any challenge to the amount of compensation on acquisition by the state subject to compliance with the prescriptions in the said sub-articles, on the ground that the amount so fixed or determined is not adequate.
presidential assent has been accorded to this state act and so the ban operates.
moreover, art. 31a repels the applicability of arts. 14, 19 and 31 to the acquisition by the state of any estate or of any rights therein etc.
in the case of forests it is the assumed income and not the actual income that forms the basis of calculation of compensation.
on the other hand, statutory compensation is provided for on the formula of assumed income in the previous year.
similarly, an assumed income- tax also has to be worked out and deducted.
the statutory scheme of compensation for forest lands consists of machinery for assessment of the net income which is multiplied on a sliding scale and the method of challenge to the determination by the aggrieved owner of state.
so the first step is for the government to appoint forest officers from out of d.f.os. in the forest department, for the purposes of the act.
those officers ascertain the income from the forest concerned and the figure so fixed is subject to the approval of the c.c.f. (chief conservator of forests).
the power to approve implies the power to disapprove or modify but not to report or arrive at an income de hors the forest officer's report altogether.
indeed, there was a fundamental difference in the basis adopted by the forest officer and the chief conservator in the matter of assessing the income of the forests in question.
this was wrong and contrary to s. 26.
it is astonishing that anyone should urge, as the appellant did, that the date of vesting is the last date by which the calculation of compensation should have been made and since that had not been done, the compensation officer had become functus officio in awarding compensation.
in this context, it is perhaps not irrelevant to remember that the appellant, a freedom-fighter, is an 83-year-old man and, at this stage of his life, the state should show ommiseration not merely in quickly disposing of the proceedings but also in not being cantankerous in awarding and disbursing the balance compensation.

STATUTE
s. 24 of the orissa estates abolition act, 1951 stipulates that the compensation shall be determined for the estate as a whole and not separately for each of the shares therein.
s. 26 has great relevance as it lays down the method of arriving at the gross asset and s. 27 has like significance as it focuses on the manner in which the net income from an estate shall be computed by deducting certain items from the gross asset of the estate.
s. 28 states how the amount of compensation is to be determined and the methodology of payment.
there are a few other s.s in chapter vi which deal with payment of compensation.
the act also provides for appeal, second appeal and revision, the last being to the high court and the earlier ones being to the collector and a board constituted under s. 22.
the rule-making power is vested in the government under s. 47 and there is a routine 'removal of difficulties' clause contained in s. 50.
the policy of the law of agrarian reform postulates the extinguishment of ancient privileges and cornering of land resources, and the socioeconomic yardstick is different from what applies to ordinary purchases of real estate and this is manifest in the special provisions contained in art. 31a and art. 31b of the constitution.","['IN-Ext:1976_T_9:retrieval-0000', 'IN-Ext:1976_T_9:retrieval-0001', 'IN-Ext:1976_T_9:retrieval-0032', 'IN-Ext:1976_T_9:retrieval-0030', 'IN-Ext:1976_T_9:retrieval-0020', 'IN-Ext:1976_T_9:retrieval-0012']",0.841618537902832,0.0,0.0,0.0,,0.0,0.0,,,,,
LQA-056,True,easy,procedural_history,"Case background: order came into force, the distinction between essential and non-essential bulk drugs was abolished and a maximum price had to be fixed for barlagan ketone also like other bulk drugs. What procedural steps and earlier rulings brought the matter before the deciding court?",1,"The Drugs (Prices Control) Order 1970 classified certain drugs as essential bulk drugs and provided for their control. After the 1979 Drugs (Prices Control) Order came into force, the distinction between essential and non essential bulk drugs was abolished and a maximum price had to be fixed for Barlagan Ketone also like other bulk drugs. The manufacturer applied for fixation of price at Rs. 8500 per kg. The Government fixed the price at Rs. 1810 per kg. The High Court quashed the order fixing the price. The manufacturer appealed to this Court. [IN-Ext:1987_C_108:retrieval-0156] 1.2 In matters of this nature where prices of essential commodities are fixed in order to maintain or increase supply of the commodities or for securing the equitable distribution and availability at fair prices of the commodity it is not right that the court should make any interim order staying the implementation of the notification fixing the prices. Such orders are against the public interest and ought not to be made by a court unless the court is satisfied that no public interest is going to be served. [IN-Ext:1987_C_108:retrieval-0156C D] 1.3 It is true that the price of a bulk drug is dependent on innumerable variables. But it does not follow that the notification fixing the maximum price must necessarily be struck down as obsolete by the mere passage of time. Applications for review must be dealt with expeditiously and whenever they are not so dealt with the aggrieved person may seek a mandamus from the court to direct the government to deal with the review application within a time frame work. [IN-Ext:1987_C_108:retrieval-0156D E] 1.4 The price of Rs. 24735 per kg. at which the manufacturer was previously selling the drug and at which he continues","FACTS
the price which the manufacturer of barlagan kotone, reported to the central government in 1971 was rs.24,735.68 per kg.
after the 1979 drugs (prices control. order came into force, the distinction between essential and non-essential bulk drugs was abolished and a maximum price had to be fixed for barlagan ketone also like other bulk drugs.
the manufacturer applied for fixation of price at rs.8,500 per kg.
armed with authority under the drugs (prices control. order, 1979 the central government issued notifications fixing the maximum prices at which various indigenously manufactured bulk drugs may be sold by the manufacturers.
these notifications were questioned on several grounds by the manufacturers and they have been quashed by the delhi high court on the ground of failure to observe the principles of natural justice.

ARGUMENT
shri g. ramaswamy, learned additional solicitor general on behalf of the union of india, submitted that the fixation of maximum price under paragraph 3 of the drugs (prices control. order was a legislative activity and, therefore, not subject to any principle of natural justice.
he urged that relevant information was required to be furnished and was indeed furnished by all the manufacturers in the prescribed form as required by paragraph 3(4) of the drugs (prices control) order.
he urged that the government had always been ready and wilting to give a proper hearing to the parties and in fact gave them a heating in connection with their review applications.
the learned counsel argued that there were several patent errors which came to light during the course of the hearing in the high court.
one of the submissions of shri diwan was that in calculating ""net-worth"" the cost of new works in progress and the amount invested outside the business were excluded from 'free reserves' and that such exclusion could not be justified on any known principle of accountancy.
another submission of the learned counsel relating to the norms for conversion costs, packing charges and process loss of raw materials and packing materials required to the notified for the purpose of calculating retail prices of formulations.
a general submission of the learned counsel was that the price of formulations should not have been prescribed until the review application filed by the manufacturer in regard to the patent bulk drugs was disposed of.
he submitted that the price of a formulation was dependant on the price of the bulk drug and it was, therefore, not right to fix the price of formulation when the price of bulk drug was in question in the review application and there was a prospect of the price of the bulk drug being increased.

ISSUE
the problem is that of high prices, bearing, it is said, little relation to the cost of production to the manufacturers.

ANALYSIS
'price-fixation is neither the function nor the forte of the court.
the second observation made is, legislative action, plenary or subordinate, is not subject to rules of natural justice.
in the case of parliamentary legislation, the proposition is self-evident.
in the case of subordinate 'legislation, it may happen that parliament may itself provide for a notice and for a hearing-there are several instances of the legislature requiring the subordinate legislating authority to give public notice and a public hearing before say, for example, levying a municipal rate--,in which case the substantial non-observance of the statutorily prescribed mode of observing natural justice may have the effect of invalidating the subordinate legislation.
any attempt to draw a distinct line between legislative and administrative functions, it has been said, is 'difficult in theory and impossible in practice.
a price fixation measure does not concern itself with the interests of an individual manufacturer or producer.
it is generally in relation to a particular commodity or class of commodities or transactions.
it is a direction of a general character, not directed against a particular situation.
it is intended to operate in the future. it is conceived in the interests of the general consumer public.
the right of the citizen to obtain essential articles at fair prices and the duty of the state to so provide them are transformed into the power of the state to fix prices and the obligation of the producer to charge n6 more than the price fixed. viewed from whatever angle, the angle of general application the prospectivity of its effect, the public interest served, and the rights and obligations flowing therefrom, there can be no question that price fixation is ordinarily a legislative activity.
pricefixation may occasionally assume an administrative or quasi-judicial character when it relates to acquisition or requisition of goods or property from individuals and it becomes necessary to fix the price separately in relation to such individuals.
in shree meenakshi mills ltd. v. union of india, [1974. 1 scc 468 1973 indlaw sc 291 a notification fixing the ex-factory price of certain counts of cotton yarn was questioned on the ground that the price had been arbitrarily fixed.
if the prices of yarn or cloth were fixed in such a way to enable the manufacturer or producer recover his cost of production and secure a reasonable margin of profit, no aspect of infringement of any fundamental right could be said to arise.
it was to be remembered that the mere fact that some of those were engaged in the industry, trade or commerce alleged'that they were incurring loss would not render the law stipulating the price unreasonable.
in laxmi khandsari v. state of uttar pradesh, [1981] 2 scc 600 1981 indlaw sc 558 it was held that the sugar cane control order, 1966 was a legislative measure and therefore, rules of natural justice were not attracted.
in rameshchandra kachardas porwal v. state of maharashtra, [1981] 2 scc 722 1981 indlaw sc 423 it was observed that legislative activity did not invite natural justice and that making of a declaration that a certain place shall be a principal market yard for a market area under the relevant agricultural produce markets acts was an act legislative in character.
the observation of magarry, j. in bates v. lord hailsha, of st. marylebone [1972. 1 wlr 1973 that the rules of natural justice do not run in the sphere of legislation, primary or delegated, was cited with approval and two well known text books writers paul kackson and wades h.w.r. were also quoted.
it is further prescribed that different prices may be determined, from time to time, for different areas or for different factories or for different kinds of sugar.
it is to be noticed here that the payment to be made under s. 3(3c) is not necessarily the same as the controlled price which may be fixed under s. 3(2)(c) of the act.
a committee on drugs and pharmaceutical industry, popularly known as the hathi committee was appointed by the government of india to enquire into the various facets, of the drug industry in india.
one of the terms of reference was 'to examine the measures taken so far to reduce prices of drugs for the consumer, and to recommend such further measures as may be necessary to rationalise the prices of basic drugs and formulations.
the hathi committee noticed that 'in a country like india where general poverty and the wide disparities in levels of income between different sections existed' it was particularly important to emphasise 'the social utility of the industry and the urgent need for extending as rapidly as possible certain minimum facilities in terms of preventive and curative medicines to the large mass of people both urban and rural.
the distinction between an essential bulk drug included in the schedule and a bulk drug not so included in the schedule, which was made in 1970 drugs (prices control. order was abandoned in the 1979 order.
bulk drugs were, however, broadly divided into indigenously manufactured bulk drugs, imported bulk drugs and hulk drugs which were both manufactured indigenously as also imported.
nothing in the scheme of the drugs (prices control. order induces us to hold that price fixation under the drugs (prices control. order is not a legislative activity, but a quasi-judicial activity which would attract the observance of the principles of natural justice.
nor is there anything in the scheme or the provisions of the drugs (prices control) order which otherwise contemplates the observance of any principle of natural justice or kindred rule, the non-observance of which would give rise to a cause of action to a suitor.
what the order does contemplate however is 'such enquiry' by the government 'as it thinks fit.
the primary object of the enquiry is to secure the bulk drug at a fair price for the benefit of the ultimate consumer an object designed to fulfil the mandate of art. 39(b) of the constitution
it is primarily from the consumer public's point of view that the government is expected to make its enquiry.
the need of the consumer public is to be ascertained and making the drug available to them at a fair price is what it is all about.
the enquiry is to be made from that angle and directed towards that end.
so, information may be gathered from whatever source considered desirable by the government.
the price fixed by the government may be questioned on the ground that the considerations stipulated by the order as relevant were not taken into account.
it may also be questioned on any ground on which a subordinate legislation may be questioned, such as, being contrary to constitutional or other statutory provisions.
it may be questioned on the ground of a denial of the right guaranteed by art. 14 if it is arbitrary, that is, if either the guidelines prescribed for the determination are arbitrary or if, even though the guidelines are not arbitrary, the guidelines are worked in an arbitrary fashion.
these are all matters which should legitimately be raised in the review application, if there is any substance in them.
these are not matters for investigation in a petition under art. 226 of the constitution or under art. 32 of the constitution.
despite the pressing invitation of shri diwan to go into facts and figures and his elaborate submissions based on facts and figures, we have carefully and studiously refrained from making any reference to such facts and figures as we consider it outside our province to do so and we do not want to set any precedent as was supposed to have been done in premier automobiles though it was not so done and, therefore, needed explanation in later cases.
the question has to be decided with reference to the definition of 'free reserve' in paragraph 2(g) of the control order and not on any assumed principle of accountancy.
this is also a question which may be raised before the government in the review application.
it was open to the subordinate legislating body to prescribe and adopt its own mode of ascertaining the cost of production and the items to be included and excluded in so doing.
the subordinate legislating body was under no obligation to adopt the method adopted by the income-tax authorities in allowing expenses for the purpose of ascertaining income and assessing it.
there may be many items of business expenditure which may be allowed by income-tax authorities as legitimate expenses but which can never enter the cost of production.
so long as the method prescribed and adopted by the subordinate legislating body is not arbitrary and opposed to the principal statutory provisions, it cannot be legitimately questioned.
any information sought by the manufacturer may be given to him at the hearing in terms of what we have said in the judgment.

STATUTE
it must be remembered that art. 39(b) of the essential commodities act enjoins a duty on the state towards securing 'that the ownership and control of the material resources of the community are so distributed as best to subserve the common good.
the essential commodities act is a legislation towards that end. s. 3(1) of the essential commodities act enables the central government, if it is of opinion 'that it is necessary or expedient so to do for maintaining or increasing supplies of any essential commodity or for securing their equitable distribution and availability at fair price', to 'provide for regulating or prohibiting by order, the production, supply and distribution thereof and trade and commerce therein.
in particular, s. 3(2)(c) enables the central government, to make an order providing for controlling the price at which any essential commodity may be bought or sold.
it is in pursuance of the powers granted to the central government by the essential commodities act that first the drugs (prices control. order, 1970 and later the drugs (prices control. order, 1979 were made.
s. 3(3c) provides for the ascertainment of the price.
it provides that in calculating the amount to be paid for the commodity required to be sold regard is to be had to--(a) the minimum price, if any, fixed for sugarcane by the central government under this section; (b) the manufacturing cost of sugar; (c) the duty or tax, if any, paid or payable thereon; and (d) the securing of a reasonable return on the capital employed in the business of manufacturing sugar.
s. 3(2)(c) of the act, we have already seen, enables the central government to make an order controlling the price at which any essential commodity may be bought or sold, if the central government is of opinion that it is necessary or expedient so to do for maintaining or increasing supplies of any essential commodity or in securing their equitable distribution and availability at fair prices.
s. 3(3c) provides for the determination of the price to be paid to a person who has been directed by the central government by an order made under s. 3(2)(c) to sell a certain quantity of an essential commodity to the government or its nominee.
the drugs (prices control) order, 1970 defined 'bulk drugs' as follows: ""bulk drugs"" means ""any unprecessed phamaceutical, chemical, biological and plant product or medicinal gas conforming to pharmacopocial or other standards accepted which is used as such or after being processed into formulations and includes an essential bulk drug.","['IN-Ext:1987_C_108:retrieval-0000', 'IN-Ext:1987_C_108:retrieval-0001', 'IN-Ext:1987_C_108:retrieval-0002', 'IN-Ext:1987_C_108:retrieval-0004', 'IN-Ext:1987_C_108:retrieval-0007', 'IN-Ext:1987_C_108:retrieval-0100']",0.8057889938354492,1.0,0.07692307692307693,1.0,,0.0,1.0,,,,,
LQA-071,True,hard,arguments_and_reasoning,Case background: the appellants questioned legality of the g.m.o directing discontinuance of purchase tax exemption in case of mills which exceeded the ceiling of rs. How did the court evaluate the principal arguments advanced by each side?,1,The appellants questioned the legality of the Government Orders directing discontinuance of purchase tax exemption in case of mills which exceeded the ceiling of Rs. The appellants contended that the doctrines of promissory estoppel and legitimate expectation were applicable to the facts of the case and that there was no material to show existence of any overriding public interest to rule out application of the aforesaid doctrine. The State questioned the correctness of the judgment before the High Court which held the Government Orders and the Government Letter to be valid. The Court allowed the appeals. [IN-Ext:2004_C_129:retrieval-0001] 2. The Court allowed the appeals. [IN-Ext:2004_C_129:retrieval-0000] 3. The Court allowed the appeals. [IN-Ext:2004_C_129:retrieval-0000] 4. The Court allowed the appeals. [IN-Ext:2004_C_129:retrieval-0000] 5. The Court allowed the appeals. [IN-Ext:2004_C_129:retrieval-0000] 6. The Court allowed the appeals. [IN-Ext:2004_C_129:retrieval-0000] 7. The Court allowed the appeals. [IN-Ext:2004_C_129:retrieval-0000] 8. The Court allowed the appeals. [IN-Ext:2004_C_129:retrieval-0000] 9. The Court allowed the appeals. [IN-Ext:2004_C_129:retrieval-0000] 10. The Court allowed the appeals. [IN-Ext:2004_C_,"FACTS
the appellants question correctness of the judgment rendered by a division bench of the madras high court which held that the withdrawal of benefits extended to the appellants as subsidy was in order.
the appellants questioned legality of the g.m.o directing discontinuance of purchase tax exemption in case of mills which exceeded the ceiling of rs. 300 lakes during the period of five years, and government letter which made the aforesaid g.m.o operative retrospectively.
initially the writ petitions were filed before the high court, but after constitution of the tamil nadu taxation special tribunal (hereinafter referred to as the 'tribunal') the writ petitions were transferred to the tribunal which held that on application of the principles of promissory estoppel and legitimate expectation, the withdrawal of benefit was not sustainable in law.
the state questioned correctness of the judgment before the high court which, as noted above, held the g.m.o and the govt. letter to be valid, reversing the conclusions arrived at by the tribunal.
the judgment forms subject matter of challenge in these appeals.
with reference to the files produced, certain factual conclusions were arrived at, the correctness of those form the core challenge in these appeals.
a new class of estoppel has come to be recognized by the courts in this country as well as in england.
the doctrine of 'promissory estoppel' has assumed importance in recent years though it was dimly noticed in some of the earlier cases.

ARGUMENT
the doctrines of promissory estoppel and legitimate expectation were applicable to the facts of the case.
there was no material to show existence of any overriding public interest to rule out application of the aforesaid doctrine there was no scope for retrospective withdrawal.
in any event, before withdrawal of the benefits, no opportunity of hearing was granted.
the appellants have failed to adduce any evidence or material to show that were in any way induced by any governmental action to set up industries.

ISSUE
the question of legitimate expectation arises according to the appellants after the benefits were granted by the concerned g.m.os.
further, a definite plea was taken that there was no scope for retrospective withdrawal of benefit by an executive order.

ANALYSIS
""promissory estoppel"" is defined in black's law distionary as ""an estoppel which arises when there is a promise which promissor should reasonable expect to induce action or forbearance of a definite and substantial character on the part of promisee, and which does include such action or forbearance, and such promise is binding if injustice can be avoided only by enforcement of promise"".
in central london property trust ltd. v. high trees house ltd., [1947] 1 k.b. 130 (high trees case) , the principle stated is that, where one party has, by his words or conduct, made to the other a promise or assurance which was intended to affect the legal relations between them and to be acted on accordingly, then, once the other party has taken him at his word and acted on it, the party who gave the promise or assurance cannot afterwards be allowed to revert to the previous legal relationship as if no such promise or assurance had been made by him, but he must accept their legal relations subject to the qualification which he himself has so introduced, even though it is not supported in point of law by any consideration, but only by his word.
but that principle does not create any cause of action, which did not exist before; so that, where a promise is made which is not supported by any consideration, the promise cannot bring an action on the basis of that promise.
no vested right as to tax holding is acquired by a person who is granted concession.
if any concession has been given it can be withdrawn at any time and no time limit should be insisted upon before it was withdrawn.
the rule of promissory estoppel can be invoked only if on the basis of representation made by the government, the industry was established to avail benefit if of exemption.
a person may have a 'legitimate expectation' of being treated in a certain way by an administrative authority even though he has no legal right in private law to receive such treatment.
the expectation may arise either from a representation or promise made by the authority, including an implied representation, or from consistent past practice.
the doctrine of legitimate expectation has an important place in the developing law of judicial review.
it is, however, not necessary to explore the doctrine in this case, it is enough merely to note that a legitimate expectation can provide a sufficient interest to enable one who cannot point to the existence of a substantive right to obtain the leave of the court to apply for judicial review.
the doctrine does not give scope to claim relief straightway from the administrative authorities as no crystallized right as such involved.
the protection of such legitimate expectation does not require the fulfilment of the expectation where an overriding public interest requires otherwise.
the basic requirement of article 14 is fairness in action by the state, and non-arbitrariness in essence and substance is the heart beat of fair play.
actions are amenable, in the panorama of judicial review only to the extent that the state must act validity for discernible reasons, not whimsically for any ulterior purpose.
the meaning and true import and concept of arbitrariness is more easily visualized than precisely defined.
a question whether the impugned action is arbitrary or not is to be ultimately answered on the facts and circumstances of a given case.
a basic and obvious test to apply in such cases is to see whether there is any discernible principle emerging from the impugned action and if so, does if really satisfy the test of reasonableness.
every state action must be informed by reason and it follows that an act uninformed by reason is per se arbitrary.
something overwhelming must appear before the court will intervene.
that is and ought to be a difficult onus for an applicant to discharge.
there is ample room within the legal boundaries for radical differences of opinion in which neither side is unreasonable.
the reasonableness in administrative law must, therefore, distinguish between proper course and improper abuse of power.
nor is the test court's own standard of reasonableness as it might conceive it in a given situation.
the point to note is that the thing is not unreasonable in the legal sense merely because the court thinks it to be unwise.
in punjab communications ltd. v. union of india of others, air (1999) sc 1801 1999 indlaw sc 1548, the change in policy can defeat a substantive legitimate expectation if it can be justified on ""wednesbury reasonableness.""
the decision-maker has the choice in the balancing of the pros and cons relevant to the change in policy.
it is, therefore, clear that the choice of police is for the decision-maker and not the court.
the legitimate substantive expectation merely permits the court to find out if the change of policy which is the cause for defeating the legitimate expectation is irrational or perverse or one which no reasonable person could have made.
a claim based on merely legitimate expectation without anything more cannot ipso facto give a right.
its uniqueness lies in the fact that it covers the entire span of time; present, past and future. how significant is the statement that today is tomorrows' yesterday.
the present is as we experience it, the past is a present memory and future is a present expectation.
if a denial of legitimate expectation in a given case amounts to denial of right guaranteed or is arbitrary, discriminatory, unfair or biased, gross abuse of power of violation of principles of natural justice, the same can be questioned on the well known grounds attracting article 14 but a claim based on mere legitimate expectation without anything more cannot ipso facto give a right to invoke these principles.
if the state acts within the bounds of reasonableness, it would be legitimate to take into consideration the national priorities and adopt trade policies.
as noted above, the ultimate test is whether on the touchstone of reasonableness the policy decision comes out unscathed.
reasonableness of restriction is to be determined in an objective manner and from the standpoint of interest of the general public and not from the standpoint of the interests of persons upon whom the restrictions have been imposed or upon abstract consideration.
a restriction cannot be said to be unreasonable merely because in a given case, it operates harshly.
the state government, if it so chooses, shall file its further counter-affidavits before the high court within six weeks from today indicating the reasons which warranted the withdrawal of the benefits extended.
the plea of the appellants regarding legitimate expectation shall be considered by the high court in the light of materials to be placed by the respondents by affidavits as directed above.
the court made it clear that we have not expressed any opinion on the factual aspects except indicating the principles underlying legitimate expectation.
another point which was specifically raised before the high court but has not been dealt by it is the legality of the action in directing retrospective withdrawal of the benefit by a letter of the government. whether the same is permissible in law has to be decided by the high court.

STATUTE
article 166 of the constitution deals with the conduct of government business. the said provision reads as follows: conduct of business of the government of a state,- (1) all executive action of the government of a state shall be expressed to be taken in the name of the governor, (2) orders and other instruments made and executed in the name of the governor shall be authenticated in such manner as may be specified in rules to be made by the governor, and the validity of an order or instrument which is so authenticated shall not be called in question on the ground that it is not an order or instrument made or executed by the governor,(3) the governor shall make rules for the more convenient transaction of the business of the government of the state, and for the allocating among ministers of the said business in so far as it is not business with respect to which the governor is by or under this constitution required to act in his discretion.","['IN-Ext:2004_C_129:retrieval-0000', 'IN-Ext:2004_C_129:retrieval-0001', 'IN-Ext:2004_C_129:retrieval-0002', 'IN-Ext:2004_C_129:retrieval-0005', 'IN-Ext:2004_C_129:retrieval-0053', 'IN-Ext:2004_C_129:retrieval-0006']",0.8033084273338318,1.0,0.0,0.0,,0.0,0.0,,,,,
LQA-001,True,easy,facts,"Case background: An affidavit filed before the High Court by the Sarpanch stated that the document filed by M, by way of an affidavit in support of his application had not been verified by any proper authority and for this and other the Panchayat did not believe that the High... Which facts were legally material to the court's determination?",1,"The High Court held that the Sarpanch first wanted to avoid the petitioner 's affidavit being brought on the record by declaring that it was not proper because it did not fully evidence the fact that the High Court had passed an order staying proceedings before the Nyaya Panchayat. The High Court further held that the Nyaya Panchas faithfully accepted the objections raised by the Sarpanch and dittoed him about the impropriety of the petitioner 's affidavit and inadequacy of the evidence contained therein regarding the stay order alleged to have been passed by the High Court. The High Court disbelieved the explanation of the Panchas given before it because no mention of these was made in the order sheet dated December 25, 1963. The High Court held that there was no reasonable ground for the Panchas to have doubted the averments made in the application and affidavit of Mahabir that the High Court had stayed further proceedings before the Panchayat, nor was there anything in the order sheet to show that the Panchas did not believe the contents of the application and affidavit of Mahabir. The High Court further held that if the Panchas wanted to ascertain the matter, they should have at best stayed the proceedings for a short while and should have asked the applicant to produce a certified copy of the stay order. The High Court held that the Panchas had acted mala fide and that they had disobeyed the order of the High Court and disposed of the case on 25 12 63 and thus they committed contempt of the High Court. [IN Abs:2392:retrieval 0009] 117 2. The High Court held that the Panchas had acted mala fide and that they had disobeyed the order of the High Court and disposed of the case on 25 12 63 and thus they committed contempt of the High Court. [IN Abs:2392:retrieval","M, an accused person in certain proceedings pending before the Nyaya Panchayat filed a petition under article 227 in the High Court and obtained a stay of the proceedings on December 20, 1963 .
Thereafter when the Panchayat met to proceed with the matter, he made an application supported by a document purporting to be an affidavit stating that the High Court had admitted his writ petition and had stayed further proceedings before the Panchayat; and that therefore nothing further should be done in the matter.
However, the, Panchayat did not allow his application and proceeded (to hold M and others guilty and imposing fines on them.
M, thereafter filed an application under sections 4 and 5 of the , alleging contempt of the High Court by the Panchayat.
An affidavit filed before the High Court by the Sarpanch stated that the document filed by M, by way of an affidavit in support of his application had not been verified by any proper authority and for this and other reasons the Panchayat did not believe that the High Court had stayed the proceedings.
The High Court held the members of the Panchayat guilty of contempt and observed that if they wanted to ascertain the matter, they should have at best stayed the proceedings for a short while and asked the applicant to produce a certified copy of the stay order; in not doing so, the Panchas had obviously not acted bona fide and their action amounted to, wilful disobedience of the High Court 's order.
On appeal to this Court, HELD : The appeal must be allowed and the judgment and order of the High Court set aside.
The only material before the Panchayat was the application dated December 25.
1963, which was not supported by 'any affidavit sworn to before a person authorised to administer oaths.
Further, the application did not contain the date of the order; even a copy of the telegram stated to have been sent by M 's advocate in the High Court was not attached to the application.
On this material the bona fides of the Panchas could not be doubted if they refused to accept the mere statement of the party that the High Court had stayed the proceedings before them.
In such matters those who assert that a person had knowledge of the order must prove this fact beyond all reasonable doubt.
If there is any doubt.
the benefit, ought to be given to the person charged with contempt of court.[120 F H; 121 A B] It is true that in certain cases proceedings can be adjourned to enable the parties to file better proof, but a judicial officer is not bound (to do so and, if the bona fide does not in his discretion adjourn proceedings, it cannot be said that he has committed contempt of court.
[121 C D]","['IN-Abs:2392:retrieval-0002', 'IN-Abs:2392:retrieval-0009', 'IN-Abs:2392:retrieval-0010', 'IN-Abs:2392:retrieval-0003', 'IN-Abs:2392:retrieval-0000', 'IN-Abs:2392:retrieval-0006']",0.8439117670059204,0.0,0.0,0.0,,0.0,0.0,,,,,
LQA-027,True,hard,multi_issue_synthesis,"Case background: When a potential customer identified a hotel at which she wished to stay, she would book a holiday through a form on the website, which set out standard booking conditions (the website terms). What complete path from factual background through legal analysis led to the final order?",1,"The appellant marketed holiday accommodation through a website. The hoteliers who wished their hotels to be marketed by the appellant entered into written agreements with the appellant. When a potential customer logged onto the website, she would see some terms of use. If, after considering what was available, she identified a hotel at which she wished to stay, she would book a holiday through a form on the website, which set out standard booking conditions. The customer had to pay the whole of the sum which she had agreed with the appellant to pay for the holiday before the holidaymaker arrived at the hotel. However, the appellant only paid the hotel a lower sum in respect of the holiday concerned, pursuant to an invoice which was rendered by the hotelier when the holiday had ended. The appellant was assessed to value added tax under Article 306(1)(a) of the Sixth Directive. The appellant contended that it was during the relevant period a travel agent which was acting solely as an intermediary and that it was therefore liable to value added tax under Article 306(1)(b) of the Sixth Directive. The appellant challenged the assessment on the ground that the nature of its business was such that it did not fall within Article 306(1)(a), but within Article 306(1)(b). The appellant 's analysis of the position was that, through the appellant 's agency, the hotelier supplied a hotel room to a customer for the gross sum, and that the appellant was entitled to the difference between the gross sum and the net sum as a commission from the hotelier for acting as his agent. The appellant 's approach was that the difference between the gross sum and the net sum would be the appellant 's commission for providing services to the hotelier, who was entitled to the gross sum from the customer. The appellant contended that the terms of the contractual documentation showed that it was acting as the hotelier 's agent. The appellant contended that the terms of the contractual documentation showed that it was acting as the hotelier 's agent.","This appeal concerns the liability for Value Added Tax (VAT) of a company known as Med, which marketed hotel accommodation in the Mediterranean and the Caribbean through a website.
An hotelier who wished his hotel to be marketed by Med had to enter into a written agreement with Med (the Accommodation Agreement).
When a potential customer identified a hotel at which she wished to stay, she would book a holiday through a form on the website, which set out standard booking conditions (the website terms).
The customer had to pay the whole of the sum she agreed with Med to pay for the holiday (the gross sum) before arriving at the hotel.
However, Med only paid the hotel a lower sum (the net sum) for the holiday after it had ended.
VAT is an EU tax levied on the supply of goods or services.
By article 2.1(c) of Directive 2006/112/EC (the Principal VAT Directive) VAT is liable to be levied on the supply of services for consideration within the territory of a Member State by a taxable person acting as such.
Article 45 states that The place of the supply of services connected with immovable propertyshall be the place where the property is located.
The application of article 45 to travel agents could result in their having to be registered in many member states, and so articles 306 310 contain a special scheme relating to travel agents.
Article 306 differentiates between two categories of travel agent, namely (a) those who deal with customers in their own name and use supplies of goods or services provided by other taxable persons, in the provision of travel facilities and (b) those who act solely as intermediaries (referred to for convenience as, respectively, article 306.1(a) and article 306.1(b)), and provides for a special VAT scheme for transactions carried out by travel agents who fall within article 306.1(a).
The Commissioners for Her Majestys Revenue and Customs (HMRC) assessed Med for VAT on the basis that Med was a travel agent that deals with customers in its own name within the meaning of article 306.1(a).
On that basis, it was agreed that Med would be liable for VAT on the gross sum paid by the customer to Med.
Med challenged this assessment, on the ground that it was a travel agent acting solely as an intermediary within the meaning of article 306.1(b).
On this approach, any VAT would be due to the Greek taxation authorities.
The First Tier Tribunal upheld HMRCs analysis.
Morgan J allowed Meds appeal, but HMRCs subsequent appeal to the Court of Appeal was successful.
The Supreme Court unanimously allows the appeal.
Lord Neuberger gives the only judgment, with which the rest of the court agrees.
Med was acting as an intermediary rather than in its own name, and so falls within article 306.1(b).
Consequently, the Supreme Court discharges the order of the Court of Appeal and restores the order of Morgan J.
The outcome of this appeal turns on the question whether Meds activities in relation to the provision of hotel rooms to customers fell within article 306.1(a) or article 306.1(b) of the Principal Tax Directive [20].
What article 306 means and how it is to be applied is a matter of EU law, a topic on which the decisions of the Court of Justice of the European Community (CJEU) are binding on national courts [22].
However, insofar as the provisions of article 306 depend upon the precise nature and character of the contractual relationship between two or more parties, that issue must be determined by reference to the proper law of the contract or contracts concerned [23].
The domestic law Where parties have entered into a written agreement which appears on its face to be intended to govern the relationship between them, in order to determine the legal and commercial nature of that relationship it is necessary to interpret the agreement in order to identify the parties respective rights and obligations, unless it is established that it constitutes a sham [31].
While it is not possible to take into account the subsequent behaviour or statements of the parties as an aid to interpreting their written agreement, this may be invoked for other reasons: (i) to support the contention that the written agreement was sham; (ii) to support a claim for rectification; (iii) to support a claim that the written agreement was subsequently varied, or rescinded and replaced by a subsequent contract; or (iv) to establish that the written agreement represented only part of the parties contractual relationship [33].
It is not suggested that either the Accommodation Agreement or the website terms is a sham or liable to rectification.
Accordingly, one must start by characterising the nature of the relationship between Med, the customer, and the hotel, in the light of the Accommodation Agreement and the website terms (the contractual documentation).
One must then consider whether this characterisation represents the economic reality of the situation, and, finally, one must determine the result of this characterisation under article 306 [34].
The contractual documentation makes it clear that, both as between Med and the hotelier, and as between Med and the customer, the hotel room is provided by the hotelier to the customer through the agency of Med.
The customer pays the gross sum to the hotelier on the basis that the amount by which it exceeds the net sum is to be Meds commission as agent [36].
None of the provisions of the contractual documentation relied on by HMRC is inconsistent with Med acting as the hoteliers agent: they merely reflect the relative bargaining positions of Med and the hoteliers.
They do not alter the nature of the relationship between Med, the hotelier and the customer [37] [44].
The EU law It is clear from the guidance given by CJEU that the concepts of an intermediary and an agent are similar, as are the concepts of a person dealing in his own name and a principal [55].
In deciding whether article 306.1(a) or 306.1(b) applies, the approach laid down by the CJEU in order to determine whether a person such as Med is an intermediary is very similar to the approach applied in English law to determine whether Med was an agent [56].
For the same reasons that the contractual documentation supports the notion that Med was an agent, it also supports the conclusion that Med was an intermediary, and the economic reality does not assist a contrary view [57].
Once it has been decided that Med was the hoteliers agent in relation to the supply of accommodation to customers as a matter of English law, it follows, at least on the facts of this case, that it was an intermediary for the purpose of article 306.1 [58].","['UK-Abs:uksc-2013-0036:retrieval-0000', 'UK-Abs:uksc-2013-0036:retrieval-0001', 'UK-Abs:uksc-2013-0036:retrieval-0028', 'UK-Abs:uksc-2013-0036:retrieval-0005', 'UK-Abs:uksc-2013-0036:retrieval-0006', 'UK-Abs:uksc-2013-0036:retrieval-0035']",0.8367010951042175,0.0,0.0,0.0,,0.0,0.0,,,,,
LQA-040,True,medium,legal_issue,"Case background: Appellant was detained under section 3(1)(a)(i) of the Preventive Detention Act, Act IV of 1950 on the grounds that with the financial help given by the Portuguese authorities he was carrying on espionage on their behalf with the help of underground workers and that he was also collecting... Which question of law determined the resolution of the dispute?",3,"The appellant was detained under section 3(1)(a)(i) of the Preventive Detention Act, 1950 on the grounds that with the financial help given by the Portuguese authorities he was carrying on espionage on their behalf with the help of underground workers and that he was also collecting intelligence about the security arrangements on the border area and making such intelligence available to the Portuguese authorities. The case of the appellant was sent to an Advisory Board constituted under section 8 of the Act, and the Advisory Board having reported that there was, in its opinion, sufficient cause for detention of the appellant, the Central Government confirmed the order of detention. The appellant challenged the legality of his detention and asked for the issue of a writ in the nature of a writ of habeas corpus. The question of law that determined the resolution of the dispute was whether the order of detention was passed under section 3(1)(a)(i) of the Act.","Appellant was detained under section 3(1)(a)(i) of the Preventive Detention Act, Act IV of 1950 on the grounds that with the financial help given by the Portuguese authorities he was carrying on espionage on their behalf with the help of underground workers and that he was also collecting intelligence about the security arrangements on the border area and was making such intelligence available to the Portuguese authorities.
Appellant made no application to the Government for further particulars.
Held, that in these circumstances and having regard to the fact that what is alleged is espionage activity, the grounds could not be considered to be vague.
In answer to the objection in the writ application before the High Court that the grounds were not specific and that no particular of the alleged activities of the appellant were given the Under Secretary to the Government in his affidavit claimed privilege under article 22(6) of the Constitution.
Held, that the right of the detenue to be furnished particulars is subject to the limitation under article 22(6).
Hence even if the grounds are vague due to the reason that facts cannot be disclosed in the public interest, the order of detention cannot be challenged on the ground of such vagueness.
The necessity of communicating the decision to claim privilege under article 22(6) would arise only when the detenue asks for parti 383 culars.
In the absence of any such request by the detenue, the noncommunication of the decision cannot be hold to have hampered his constitutional right to make his representation.
Mala fides must be made out against the detaining authority and not against the police.
The contention of mala fides is untenable in the present case having regard to the nature of the grounds and to the nature of the activities imputed to the appellant.","['IN-Abs:415:retrieval-0007', 'IN-Abs:415:retrieval-0010', 'IN-Abs:415:retrieval-0008', 'IN-Abs:415:retrieval-0005', 'IN-Abs:415:retrieval-0002', 'IN-Abs:415:retrieval-0015']",0.88504558801651,0.0,0.0,0.0,,0.0,0.0,,,,,
LQA-066,True,easy,outcome,Case background: The appellants were convicted of serious criminal offences after trials in which the victims of the offences did not give evidence: in one case because he had since died and in the other because she had run away in fear when the trial was about to commence. How did the court ultimately dispose of the appeal or claim?,1,"The appellants were convicted of serious criminal offences after trials in which the victims of the offences did not give evidence: in one case because he had since died and in the other because she had run away in fear when the trial was about to commence. The appellants challenged their convictions on the ground that they did not receive a fair trial, contrary to article 6 of the European Convention on Human Rights. The Court of Appeal held that the appellants ' convictions did not rest on the evidence of the victim to a decisive extent. The appellants challenged that finding. The High Court did not properly examine the defence evidence on the ground that the counsel for the appellant in that Court admitted that there was no substance in it. After examining the entire evidence, the Supreme Court was unable to hold that any grounds were made out for interference with the conviction. [409C D] 406 In the instant case, the High Court did not properly examine the defence evidence on the ground that the counsel for the appellant in that Court admitted that there was no substance in it. After examining the entire evidence, the Supreme Court was unable to hold that any grounds were made out for interference with the conviction. [409D E] 2.1 The High Court did not properly examine the defence evidence on the ground that the counsel for the appellant in that Court admitted that there was no substance in it. After examining the entire evidence, the Supreme Court was unable to hold that any grounds were made out for interference with the conviction. [409E F] 2.2 The High Court did not properly examine the defence evidence on the ground that the counsel for the appellant in that Court admitted that there was no substance in it. After examining the entire evidence, the Supreme Court was unable to hold that any grounds were made out for interference with the conviction. [409F G] 2.3 The High Court did not properly examine the defence evidence on the ground that the counsel for the appellant in that Court admitted that there was no substance in it. After examining the","The appellants were convicted of serious criminal offences after trials in which the victims of the offences did not give evidence: in one case because he had since died and in the other because she had run away in fear when the trial was about to commence.
In each case a statement from the victim was admitted pursuant to s 116 Criminal Justice Act 2003 and placed before the jury.
The appellants complained that their convictions were based solely or to a decisive extent on the statement of a witness whom they had had no chance to cross examine.
This had infringed their right to a fair trial guaranteed by articles 6(1) and 6(3) of the European Convention on Human Rights which provide: 6(1) In the determination of his civil rights and obligations or of any criminal charge against him, everyone is entitled to a fair and public hearing within a reasonable time by an independent and impartial tribunal established by law (3) Everyone charged with a criminal offence has the following minimum rights: (d) To examine or have examined witnesses against him and to obtain the attendance and examination of The Court of Appeal had dismissed the appellants appeals against conviction, holding that the test of fairness laid down by the European Court of Human Rights in Al Khawaja and Tahery v United Kingdom (2009) 49 EHRR 1 was not determinative of the results in these appeals.
The United Kingdom had requested that this decision be referred to the Grand Chamber of the Strasbourg Court.
On 5 June 2009 the Panel of the Grand Chamber adjourned consideration of that request pending the judgement of the Supreme Court in this case.
The Supreme Court unanimously dismissed the appeal.
The judgment of the court was given by Lord Phillips, President. witnesses on his behalf under the same conditions as witnesses against him.
The questions before the court were (i) whether the regime enacted by Parliament in relation to the admission of the evidence of an absent witness at a criminal trial will result in an unfair trial and, if not (ii) whether the case law of the European Court on Human Rights nonetheless requires the court to apply that regime in a manner contrary to the intention of Parliament.
The requirement to take into account any judgment of the European Court of Human Rights found in s 2 Human Rights Act 1998 would normally result in the Supreme Court applying principles that were clearly established by the Strasbourg court.
There would however be rare occasions where the court had concerns as to whether a decision of the Strasbourg court sufficiently appreciated or accommodated particular aspects of the UK trial process.
In such circumstances it was open to the Supreme Court to decline to follow the Strasbourg decision, giving reasons for adopting this course.
This was likely to give the Strasbourg Court the opportunity to reconsider the particular aspect of the decision that was in issue, so that there took place what might prove to be a valuable dialogue between the courts [para 11].
The conclusions of the Court of Appeal were correct and the judgement of the Supreme Court should be read as complementary to that of the Court of Appeal and not as a substitute for it [para 13].
The Supreme Court held that the appellants trials were fair notwithstanding the decision in Al Khawaja for the following reasons: (i) The common law hearsay rule addressed the aspect of a fair trial covered by article 6(3)(d).
Parliament had enacted exceptions to the hearsay rule in a regime which contained safeguards that rendered the sole or decisive rule unnecessary. (ii) The Strasbourg Court had recognised that exceptions to article 6(3)(d) were required in the interests of justice but the jurisprudence on the exceptions lacked clarity and had introduced a sole or decisive rule without discussion of the principle underlying it or full consideration of whether it was justified to impose it equally on common law and continental jurisdictions (iii) The sole or decisive rule would create severe practical difficulties if applied to English criminal procedure.
In almost all cases English law would reach the same result without it.
Al Khawaja did not establish that it was necessary to apply the rule in this jurisdiction.
Judgments","['UK-Abs:uksc-2009-0073:retrieval-0000', 'UK-Abs:uksc-2009-0073:retrieval-0112', 'UK-Abs:uksc-2009-0073:retrieval-0002', 'UK-Abs:uksc-2009-0073:retrieval-0081', 'UK-Abs:uksc-2009-0073:retrieval-0071', 'UK-Abs:uksc-2009-0073:retrieval-0079']",0.8300831913948059,0.0,0.0,0.0,,0.0,0.0,,,,,
LQA-011,True,easy,procedural_history,"Case background: allegedly,on the premise that the first respondent is the proprietor of the said mark by of long user and,thus,acquired a reputation in that behalf... How did the dispute progress through the authorities or lower courts?",1,"The first respondent was the registered proprietor of a trade mark ""Field Marshal"" for diesel engines since 1964. The appellant commenced its business of manufacturing and selling centrifugal pumps also under the mark ""Field Marshal"". On the premise that the first respondent was the proprietor of the said mark by reason of long user and thus acquired a reputation in that behalf, a legal notice was issued upon it questioning its right to use the said mark in respect of centrifugal pumps by the appellant laying a claim that it had been using the said mark since 1963. The first respondent thereafter filed a suit in the Delhi High Court for grant of a decree of permanent injunction alleging infringement of the said mark and/or claiming right of passing off in respect thereof. An ex parte order of injunction was passed on 19 12 1985 against the defendant appellant herein. The appellant filed an appeal before the Division Bench of the High Court. The Division Bench allowed the appeal and set aside the order of injunction passed by the Single Judge. The appellant filed a writ petition before the Supreme Court challenging the order of the Division Bench. The Division Bench of the High Court allowed the appeal and set aside the order of injunction passed by the Single Judge. The appellant filed a writ petition before the Supreme Court challenging the order of the Division Bench. The Division Bench of the High Court allowed the appeal and set aside the order of injunction passed by the Single Judge. The appellant filed a writ petition before the Supreme Court challenging the order of the Division Bench. The Division Bench of the High Court allowed the appeal and set aside the order of injunction passed by the Single Judge. The appellant filed a writ petition before the Supreme Court challenging the order of the Division Bench. The Division Bench of the High Court allowed the appeal and set aside the order of injunction passed by the Single Judge. The appellant filed a writ petition before the Supreme Court challenging the order of the Division Bench. The Division Bench of the High Court allowed the appeal and set aside the order of injunction passed by the Single Judge. The appellant filed a","FACTS
interpretation of the provisions of s.46(1)(b) of the trade and merchandise marks act,1958 is involved herein.
first respondent is the registered proprietor of a trade mark 'field marshal' for diesel engines since 1964 bearing no.228867.
one m/s. jain industries got the trade mark 'field marshal' registered under clause (7),inter alia,for flour mills,centrifugal pumps,couplings for machines,pulleys included in class 7 and valves (parts of machines).
the said registration was renewed for the periods 13.5.1972 and 12.5.1979; 13.5.1979 and 12.7.1986 and 13.7.1986 and 12.7.1993.
appellant is said to have commenced its business of manufacturing and selling centrifugal pumps also under the mark 'field marshall.
allegedly,on the premise that the first respondent is the proprietor of the said mark by reason of long user and,thus,acquired a reputation in that behalf,a legal notice was issued upon it questioning its right to use the said mark in respect of centrifugal pumps by the appellant laying a claim that it had been using the said mark since 1963.
respondent no.1 thereafter filed a suit in the delhi high court for grant of a decree of permanent injunction being suit no.2408 of 1985 alleging infringement of the said mark and/or claiming right of passing off in respect thereof.
an ex parte order of injunction was passed on 19.12.1985 against the defendant.
meanwhile,a temporary ex parte injunction is issued against the defendants restraining them from manufacturing or selling either themselves or through any dealer or representative diesel oil engines or parts thereof with the trade mark 'field marshal' and/or any other trade mark identical therewith and all goods falling in cl.7 of the trade and merchandise mark rules.
the second rectification application filed by the first respondent,however,was transferred to the intellectual property appellate board.
the said application was dismissed.
a writ petition was filed there against by the first respondent.
a learned single judge of the delhi high court,however,refused to stay the operation of the order of the board dated 27.10.2004.an appeal was preferred there against.
the division bench of the high court thereafter while disposing of both the writ petition and the letters patent appeal allowed the writ petition and set aside the order of the board and directed it to adjudicate the dispute on merits.
the said order of the division bench is under challenge in this appeal.

ARGUMENT
appellant's counsel appeared on that date and,inter alia,contended that presently it was the registered owner of the trade mark which was sought to be cancelled.
in view of that statement,a submission was made on behalf of the first respondent that it may be permitted to withdraw the petition with liberty to file a fresh petition on the same cause of action.

ISSUE
whether in the aforementioned facts and circumstances of the case,the application under s.46(1)(b) was maintainable.
whether to take off the registered trade mark from the register in respect of centrifugal pumps (goods) so far as the registration made in favour of the appellant is concerned.

ANALYSIS
the core question which arises for our consideration is as to whether in the aforementioned facts and circumstances of the case,the application under s.46(1)(b) was maintainable.
indisputably,the scope of the provisions for removal from register in terms of s.46 and 56 of the act stand on different footings.
whereas s.46 had a limited application,s.56 of the act is wider in nature. concededly,cl.(a) of sub-s.(1) of s.46 is not attracted in the case.
the prayer in the application was to take off the registered trade mark from the register in respect of centrifugal pumps (goods) so far as the registration made in favour of the appellant is concerned.
it is in the aforementioned situation,it is advisable to determine the meaning of the words 'for the time being' occurring in s.46(1)(b) of the act.
two interpretations thereto which are possible are: (1) the said words would denote non-use of the trade mark in relation to the goods by the appellant for a period of five years or longer; and (2) the mark had not been used for a period of five years or longer either by the present proprietor thereof or his predecessor.
the words 'for the time being' would mean differently in different situations.
it may mean 'the moment or existing position' as was held by this court in the case of jivendra nath kaul v. collector/district magistrate and anr.[(1992. 3 scc 576 1992 indlaw sc 1107] or in the context of cl.(22) of art.366 of the constitution as has been held in h.h.maharajadhiraja. madhav rao jivaji rao scindia bahadur of gwalior,h.h.maharajadhiraja. maharana shri bhagwat singhji bahadur of udaipur v. union of india and anr.,air 1971. sc 530 1970 indlaw sc 300 para 88 to mean: ""by the use of the expression ""for the time being"" in cl.(22) of art.366. the president is not invested with authority to accord a temporary recognition to a ruler nor with authority to recognize or not to recognize a ruler arbitrarily : the expression ""for them time being"" predicts that there shall be a ruler of the indian state,that if the first recognized ruler dies,or ceases to be a ruler,a successor shall be appointed,and that there shall not be more rulers than one at a given time.
the person in whose name the trade mark has been registered may take action against any person for passing off the goods as that of the registered owner.
it confers an exclusive right of use of the trade mark in relation to the goods in which the trade mark is registered.
whether s.46(1)(b) read with s.48 of the act would bring within its purview,not only a registered proprietor but also the proprietor who had otherwise acquired a right would depend upon the facts and circumstances of each case.
the court while construing a statute takes into consideration the parliamentary intent in amending the provisions thereof. it seeks to enhance the period of moratorium of use of the registered trade mark from one month to three months so as to prevent speculative assignment.
thus,a case of speculative assignment is specifically required to be made out. such an application may be maintainable in terms of s.56 of the act but strictly not in terms of s.46(1)(b) thereof and that too in the absence of the original registered proprietor.
attention has again been drawn to a passage from 'law of trade marks &; geographical indications' by shri k.c.kailasam,wherein the judgment of the tribunal has been criticized in the following terms : ""from the above legislative intent,it would seem that the period of non-use of the trade mark is to be reckoned continuously from the date of its registration. in the case of american home products corporation v. mac laboratories pvt.ltd. rendered under the 1958 act,it was held by the supreme court that ""the person seeking to have the trade mark removed from the register has only to prove. such continuous non-user.""
it would appear that neither the u.k.act,nor the indian act,at any time envisaged that the commencement of 5 year period of non-use is to be delinked from the date of registration of the mark,so as to give a fresh lease of life to the registration,every-time there is change in the ownership of the mark.
if that be so,any registered proprietor could easily defeat an application for rectification by assigning the mark to some other person to have a fresh period of 5 years from the date of assignment and thus effectively frustrate the very object of the provision in s.47(1)(a) and (b).
further,it is to be noted that an assignment is subject to ""the provisions of the act and any rights vested in any other person"" -see. s.37.
the assignor cannot obviously transfer more rights than he himself has to the assignee under the act.
an assigner can transfer only such right which he possesses.

STATUTE
interpretation of the provisions of s.46(1)(b) and section 48 of the trade and merchandise marks act,1958","['IN-Ext:2008_P_8:retrieval-0000', 'IN-Ext:2008_P_8:retrieval-0001', 'IN-Ext:2008_P_8:retrieval-0004', 'IN-Ext:2008_P_8:retrieval-0062', 'IN-Ext:2008_P_8:retrieval-0065', 'IN-Ext:2008_P_8:retrieval-0005']",0.8100016713142395,0.0,0.0,0.0,,0.0,0.0,,,,,
LQA-045,True,hard,multi_issue_synthesis,"Case background: Mr Amjid Khan was behind the kiosk desk, employed by the Respondent to see that petrol pumps and the kiosk were kept in good order and to serve customers. How did the facts, governing law and judicial reasoning combine to determine the result?",1,"The respondent company operated a petrol station with a kiosk. One of its employees, Mr Khan, was employed to see that the petrol pumps and the kiosk were kept in good order and to serve customers. The claimant, a member of a minority community, went to the petrol station to enquire whether it would be possible to print some documents from a USB stick which he was carrying. Mr Khan, who was behind the counter, replied by saying ""We don 't do such shit"". The claimant protested at being spoken to in that manner. Using foul, racist and threatening language, Mr Khan ordered the claimant to leave. The claimant walked out of the kiosk and returned to his car by the air pump. He was followed by Mr Khan. The claimant got into his car and switched on the engine, but before he could drive off Mr Khan opened the front passenger door and told him in threatening words never to come back. The claimant told Mr Khan to get out of the car and shut the passenger door. Instead, Mr Khan punched the claimant on his left temple, causing him pain and shock. The claimant switched off the engine and got out in order to walk round and close the passenger door. At this point Mr Khan again punched him in the head, knocked him to the floor and subjected him to a serious attack, involving punches and kicks, while the claimant lay curled up on the petrol station forecourt, trying to protect his head from the blows. In carrying out the attack Mr Khan ignored instructions from his supervisor, who came on the scene at some stage and tried to stop Mr Khan from behaving as he did. The trial judge held that the company was not vicariously liable for Mr Khan 's unprovoked assault. His principal reason was that although Mr Khan 's job involved some interaction with customers and members of the public who attended the kiosk, it involved nothing more than serving and helping them. There was not a sufficiently close connection between what he was employed to do and his tortious conduct for his employer to be","On 15 March 2008 the Claimant entered the Respondents premises in Small Heath, Birmingham which include a petrol station and a kiosk where customers pay for their purchases.
Having parked his car he entered the kiosk to ask whether he could print some documents from a USB stick.
Mr Amjid Khan was behind the kiosk desk, employed by the Respondent to see that petrol pumps and the kiosk were kept in good order and to serve customers.
Mr Khan refused the Claimants request in a rude manner, at which the Claimant protested.
Mr Khan responded in foul, racist and threatening language and ordered the Claimant to leave.
The Claimant returned to his car followed by Mr Khan.
Before the Claimant could drive off, Mr Khan opened the passenger door, told the Claimant in threatening words never to return and punched him on the left temple.
The Claimant got out and walked round to close the passenger door when Mr Khan subjected him to a serious attack.
The Claimant had not done anything which could be considered aggressive or abusive.
The Claimant brought proceedings against the Respondent on the basis that it was vicariously liable for the actions of its employee Mr Khan.
The trial judge dismissed the claim because he considered that there was an insufficiently close connection between what Mr Khan was employed to do and his tortious conduct in attacking the Claimant for the Respondent to be liable.
The Court of Appeal upheld the judges decision.
The Claimant appealed, challenging whether the close connection test was the appropriate standard to apply and also arguing that his claim should have succeeded in any event.
The Supreme Court unanimously allows the Claimants appeal and holds the Respondent vicariously liable for the actions of its employee, Mr Khan, in attacking the Claimant.
Lord Toulson gives the lead judgment.
The close connection test has been followed at the highest level [42] and there is nothing wrong with it as such [46].
In the present case, the court has to consider two matters.
First, the court must ask what function or field of activities has been entrusted by the employer to the employee (i.e. what was the nature of his job).
This is to be viewed broadly [44].
Second, the court must decide whether there was a sufficient connection between the position in which he was employed and his wrongful conduct to make it right for the employer to be held liable [45].
Applying that test here, it was Mr Khans job to attend to customers and respond to their inquiries.
His conduct in responding to the Claimants request with abuse was inexcusable, but interacting with customers was within the field of activities assigned to him by his employer.
What happened thereafter was an unbroken sequence of events.
The connection between the field of activities assigned to Mr Khan and his employment did not cease at the moment when he came out from behind the counter and followed the Claimant onto the forecourt.
There are two reasons to draw this conclusion.
First, it is not correct to regard Mr Khan as having metaphorically taken off his uniform the moment he stepped out from behind the counter he was following up on what he said to the Claimant.
Secondly, when Mr Khan followed the Claimant to his car and told him not to come back to the petrol station, that was not something personal between them, but an order to keep away from his employers premises.
In giving the order he was purporting to act about his employers business [47].
Mr Khans motive in the attack is irrelevant.
It does not matter whether he was motivated by personal racism rather than a desire to benefit his employers business [48].
Lord Dyson agrees with the reasons given by Lord Toulson [57] and emphasises that the close connection test is the correct test to apply [53].","['UK-Abs:uksc-2014-0087:retrieval-0001', 'UK-Abs:uksc-2014-0087:retrieval-0002', 'UK-Abs:uksc-2014-0087:retrieval-0034', 'UK-Abs:uksc-2014-0087:retrieval-0003', 'UK-Abs:uksc-2014-0087:retrieval-0033', 'UK-Abs:uksc-2014-0087:retrieval-0004']",0.8432714939117432,0.0,0.0,0.0,,0.0,0.0,,,,,
LQA-082,True,easy,facts,"Case background: In 1956, the Life Insurance Corpora tion of India, the appellant stepped into the shoes of the said companies The appellant moved two applications before the Rent Controller for fixation of a 'fair rent ' for each of the premises... Which facts were legally material to the court's determination?",1,"In 1956, the Life Insurance Corporation of India (LIC) stepped into the shoes of these two insurance companies and became the owner of the property. On 20.7.65, the LIC moved two applications (being HRC Nos. 3310 and 3311 of 1965) in the court of the Rent Controller (Sri A. Varadarajan who later became a Judge of the Supreme Court) for fixation of a ""fair rent"" for each of the premises. [623D] 622 In the instant case, the standard rent of the build ing was not fixed by the Controller and in the absence of fixation of the fair rent, it was lawfully competent to the landlord to recover rent in excess of the fair rent determinable under that Act. [623F] Life Insurance Corporation of India vs M/s.","Two separate properties bearing Door Nos. 2 and 3 ad measuring 41 grounds and 2005 sq. ft., which originally formed part of an extent of land, situate at Mount Road, Madras belonged to several co owners, who leased out the same to the Respondent, by two separate lease deeds (exhibit P 1 and P 2) item 1 and 2 in the Schedule A to the plaint.
The property contained in Door No. 2 which comprised an area of 4 grounds and 151 sq ft with certain buildings was given on rent for Rs. 150 p.m., whereas the property contained in Door No. 3 which also had some buildings thereon was let out for Rs.200 p.m.
The owners sold the properties to the United India Life Assurance Co. and the New Guardian of India Life Insurance Co. Ltd. in July 1953.
In 1956, the Life Insurance Corpora tion of India, the appellant stepped into the shoes of the said companies The appellant moved two applications before the Rent Controller for fixation of a 'fair rent ' for each of the premises; In respect of the property in Door No. 2, the rent claimed was Rs.2,399/03 while in respect of the other, the rent claimed was Rs.3266/50p.
The tenants claimed that, under both the lease deeds, what had been leased out to them was only a vacant land and since the superstructure had been built by them, they were entitled to relief under the Madras City Tenants ' Protection Act.
It was further contended that the Rent Controller had no jurisdiction to fix a fair rent.
The Rent Controller accepted the contention of the tenant so far as item No. 1 (property at Door No. 2) was concerned but with regard to the second property (Door No. 3), he fixed the fair rent at Rs. 1451 p.m.
There were then two appeals to the Court of Small Causes.
The Small Causes Court came to the conclusion that the buildings on the land leased vide P 1 had also been conveyed to the appellant and that the LIC was entitled to seek fixation of fair rent in respect of this premises also.
However the order of the Rent Controller in regard to the 546 other property in Door No. 3 was upheld.
However, in certain earlier proceedings for fixation of fair rent etc., it had been held by the Rent Controller that item No. (Door No. 2) belonged to the LIC, but his order of eviction had been set aside by the appellate court on some other ground.
The Court of Small Causes did not treat that decision as res judicata.
The tenants being aggrieved by the order of the Court of Small Causes filed revision petitions but they were dis missed on 20.11.1968.
The appellant thereupon filed Civil Suit against the tenants respondents for recovery of arrears of rent together with interests etc.
on the basis of the fair rent fixed.
The respondents tenants also filed a civil suit claiming protec tion under the Madras City Tenants ' Protection Act but this suit and further appeals therefrom were dismissed.
In the suit for recovery of rent filed by the appellant, the ten ants contended that since the subject matter of the lease under exhibit P 1 was only a vacant site, the Rent Controller had no jurisdiction to fix the fair rent in respect thereof and that, therefore, the claim in the suit for arrears of rent, based on the Rent Controller 's order in respect of the premises covered by exhibit P 1 had to fail.
The trial Judge in the High Court came to the conclusion that exhibit P 1 did not, in law, create a valid lease between the co owners and the tenants.
He further held that the superstructure constructed on the land had been conveyed to the vendee under the sale deed dated 30.7.1953 and thus vested in LIC.
On this reason ing the High Court held that the Rent Controller had juris diction to fix the fair rent in respect of the premises.
The tenants filed an appeal.
The appellate Bench confirmed the decree in respect of Item 2 but as regards Item No. 1, the Appellate Bench vacated the decree passed by the trial Court.
It held that there was a valid lease between the owners and the tenants under Exts.
P 1 and P 2.
The appel lant Bench held that the Rent Controller had no jurisdiction to entertain the application for fixation of fair rent in respect of the property which was only a vacant piece of land.
Thus, the Court held that the LIC could not maintain the suit for recovery of rent based on the order made by the statutory tribunal under the Rent Control Act.
The tenants ' appeal was accordingly partly allowed.
LIC came up in appeal to this Court against the said order, after obtaining special leave.
Two questions arose for determination by this Court viz., (1) Was the LIC the vendee only of a vacant land with no title to the buildings standing on the site in Item 1, and (2) it open for the tenants to contend that the order of the Court of Small Causes in the earlier rent 547 control proceedings deciding to the contrary, and fixing the fair rent of item 1 could be completely ignored as an order passed totally without jurisdiction though it had become final between the parties? Dismissing the appeal, this Court, HELD: There are clear indications in the Act and rules that the Rent Controller does not have the jurisdiction to decide questions of title.
In a proceeding under the Act, whether it be for fixation of fair rent or eviction, the tenant may raise several objections.
He may, inter alia, take the point that the opposite party is not the landlord.
[561C D] All that the Rent Controller has to do is to satisfy himself that the person seeking eviction or fixation of fair rent is a 'landlord ' who has, prima facie, the right to receive the rent of the property in question.
That the Rent Controller 's jurisdiction on this issue is limited is clear from the proviso to Section 10(1) of the Act.
[561 F G] The extensive jurisdiction conferred on civil courts under Section 9 of the Code of Civil Procedure should not be curtailed without a specific statutory warrant or except on some clear principle.
There is nothing in the Tamil Nadu Rent Control Act which, in any way, takes away, or narrows down, the civil court 's jurisdiction as, for example, there is in the Delhi Rent Control Act (Section 50).
[569G H] Section 4 of the Rent Control Act provides only a ma chinery for fixation of fair rent in respect of certain premises.
It is the quantum of fair rent that arises for determination by the Rent Controller.
There is no doubt that, since an application for this purpose cannot lie except at the instance of a landlord or a tenant, the Rent Controller has to deal with this incidentally but this is not one of the direct issues before the Rent Controller.
If and only if, this relationship exists between the parties, the Rent Controller steps in for a limited purpose to determine what the fair rent is and then fades out of the picture.
Where a fair rent is fixed by a Controller, the Rent Control Act does not provide for a machinery for recov ery of the amount.
The amount has to be recovered by the landlord only by recourse to a civil court.
This gives an indication that the determination of the relationship that gives rise to the application is also not conclusive.
This is indeed made clear by the provisions relating to eviction.
[570B E] If the civil court in the instant case, had come to the conclusion that there is a relationship of a landlord and a tenant, and that the LIC 548 was entitled to recover the rent from the tenants, it will have to pass a decree in favour of the LIC on the basis of the fair rent fixed by the Rent Controller.
It will not be open to the civil court to re determine the rent payable by the tenant to the landlord because that is a matter squarely and exclusively within the jurisdiction of the Rent Control ler and, therefore, impliedly excluded from the purview of the civil court.
But his decision is not final on the issue that opens up his jurisdiction and cannot preclude an owner from contending, in a civil court, that he should not be asked to pay rent for his own property to some one else.
[570F H] There is no reason to hold that contract between a person with himself and others is invalid.
[571A] Krishnamurthy vs Parthasarathy, AIR 1949 Mad. 780; Manibhai Hathibhai vs Arbuthnot, AIR 1947 Bom.
413; Rai Brij Raj vs Shaw, ; at 147, 150; Official Trustee vs Sachindranath; , & 99 pp.
Antulay vs Nayak, ; at 649, 677 and 700; Trideshwar Dayal vs Maheshwar Dayal; , at 1437; Shiv Chander Kapoor vs Amar Bose, ; paras 22 and 23: Palaniappa Chettiar and Ors.
vs Vairavan Chettiar, [19631 76 L.W. 21; Palaniappa Chettiar vs Babu Sahib alias Sheik Mytheen Sahib and Ors., [1964] 77 LW 551; Salay Mohamed Sail etc.
vs Jaffer Mohamed Sait 's Memorial Dispensary Charity and Ors., [1969] 1 Andhra Weekly Reporter (S.C. 16); Bhagwan Dayal vs Reoti Devi, ; ; Desika Charyulu vs State of Andhra Pradesh and Ant., AIR 1964 SC 807; Dhulabhai vs State, ; ; Mathura Prasad Bajoo Jaiswal and Ors.
vs Dossibai N.B. Jee jeebhoy, [1070] 3 SCR 830; Jeeth Kaur and Ors.
vs Smt.
P. Rondalamma and Ant., AIR 1983 A.P. 219 and State of Tamil Nadu vs Ramalinga Samigal Madam and Ors.","['IN-Abs:6521:retrieval-0000', 'IN-Abs:6521:retrieval-0001', 'IN-Abs:6521:retrieval-0002', 'IN-Abs:6521:retrieval-0003', 'IN-Abs:6521:retrieval-0006', 'IN-Abs:6521:retrieval-0008']",0.8124871253967285,0.0,0.0,0.0,,0.0,0.0,,,,,
LQA-036,True,hard,multi_issue_synthesis,"Case background: On 7 November 2008 the appeal court (Lord Osborne, Lady Paton and Lord Philip) refused his appeal against conviction, leaving his appeal against sentence to be heard on a date to be fixed. Identify the controlling issues, explain the court's reasoning, and state the final outcome.",1,"The appellant was convicted after trial in the High Court of four contraventions of section 4(3)(b) of the Misuse of Drugs Act 1971. In effect, he was found guilty of being concerned in the supplying of cocaine and three other controlled drugs at his home and elsewhere in the United Kingdom. The trial judge sentenced him to 8 years imprisonment. The appellant appealed against both his conviction and sentence. The appeal court refused his appeal against conviction, leaving his appeal against sentence to be heard on a date to be fixed. The appellant 's appeal against sentence was dismissed by the appeal court. The appellant applied for leave to appeal to the Privy Council in relation to the additional ground of appeal. The appeal court refused the application as incompetent, on the ground that no intimation of a devolution issue had been given to the Advocate General as required by para 5 of Schedule 6 to the Scotland Act 1998. The appellant 's appeal to the Privy Council was granted special leave. The appellant 's appeal to the Privy Council was dismissed. The appellant 's appeal to the Supreme Court was granted special leave. The appellant 's appeal to the Supreme Court was dismissed. The appellant 's appeal to the Supreme Court was granted special leave. The appellant 's appeal to the Supreme Court was dismissed. The appellant 's appeal to the Supreme Court was granted special leave. The appellant 's appeal to the Supreme Court was dismissed. The appellant 's appeal to the Supreme Court was granted special leave. The appellant 's appeal to the Supreme Court was dismissed. The appellant 's appeal to the Supreme Court was granted special leave. The appellant 's appeal to the Supreme Court was dismissed. The appellant 's appeal to the Supreme Court was granted special leave. The appellant 's appeal to the Supreme Court was dismissed. The appellant 's appeal to the Supreme Court was granted special leave. The appellant 's appeal to the Supreme Court was dismissed. The appellant 's appeal to the Supreme Court was granted special leave. The","On 9 September 2004 the appellant, Steve Allison, was convicted after trial in the High Court at Glasgow of four contraventions of section 4(3)(b) of the Misuse of Drugs Act 1971.
In effect, he was found guilty of being concerned in the supplying of cocaine and three other controlled drugs.
The trial judge sentenced him to 8 years imprisonment.
The appellant appealed against both his conviction and sentence.
On 7 November 2008 the appeal court (Lord Osborne, Lady Paton and Lord Philip) refused his appeal against conviction, leaving his appeal against sentence to be heard on a date to be fixed.
One of his grounds of appeal, which was first advanced in an additional Note of Appeal, related to the record of a police interview of a John Stronach.
Mr Stronach had died before the trial and the Crown introduced the interview into evidence in accordance with the procedure in section 259(5) of the Criminal Procedure (Scotland) Act 1995.
Neither before nor during the trial did the Crown disclose to the defence that Mr Stronach had a number of previous convictions and that there were outstanding charges against him.
One of the outstanding cases was under the Misuse of Drugs Act and related to events covered by the trial and it was therefore known to the appellants legal advisers.
The Crown disclosed the previous convictions and the other outstanding charges only while the appellants appeal was pending before the appeal court.
This prompted the appellant to argue that the Crowns failure to disclose to the defence the existence of all the previous convictions and outstanding charges was incompatible with his article 6 Convention rights.
As a result, the defence had been unable to prepare and conduct their defence properly and appellant did not receive a fair trial.
When dismissing the appellants appeal, the appeal court accepted that the failure by the Crown to disclose Mr Stronachs previous convictions had been incompatible with the appellants article 6(1) rights.
Having considered the circumstances of the case, however, the appeal court was not persuaded that the Crowns failure had resulted in an unfair trial and hence a miscarriage of justice.
The appeal court drew a distinction between Mr Stronachs previous convictions and the outstanding charges against him.
Because of the presumption of innocence, the appeal court did not consider that the existence of outstanding charges could be of importance in connection with the preparation of a defence or with any challenge that might be mounted to the credibility of a witness.
The Supreme Court unanimously dismisses the appeal, with Lord Rodger delivering the leading judgment of the Court.
The Court disagrees with the appeal courts view in relation to outstanding charges.
It is, of course, trite that an individual charged with crime is presumed to be innocent until proven guilty.
But that is not to say that he has to be treated in all respects as if he were an innocent person against whom no charge has been brought (para 9).
The Privy Councils decision in Holland v HM Advocate 2005 1 SC (PC) 3, that the Crown should disclose outstanding charges of Crown witnesses of which they are aware, simply reflects the common sense position that just as in everyday life judges or jurors who have to assess the credibility of a witness may properly take into account not only the fact that the witness has been convicted of various offences, but also the fact that he has been charged with others.
This approach merely reflects what appears to have been recognised as the proper practice in Scottish courts for more than 170 years (para 10).
In the present case, the Crown does not deny that the outstanding charges against Mr Stronach might have weakened the Crown case by casting doubt on his character or credibility.
Indeed the Crown accepts that, in accordance with Holland and HM Advocate v Murtagh 2009 SLT 1060, the failure to disclose the outstanding charges to the defence was incompatible with the appellants article 6(1) rights (para 14).
The only live issue in the appeal, therefore, is the actual significance, in the whole circumstances of the case, of the Crowns failure to disclose the outstanding charges.
Having considered the circumstances of the case against the appellant, the Court is not persuaded that, if defence counsel had been able to deploy Mr Stronachs outstanding charges as well as his previous convictions, this would have made any material difference (para 22).
The Court is satisfied that there is no real possibility that the jury would have come to a different verdict on the charges against the appellant if they had been made aware, not only of Mr Stonachs previous convictions, but of the outstanding charges against him as well.
There has therefore been no miscarriage of justice (para 23).","['UK-Abs:uksc-2009-0129:retrieval-0000', 'UK-Abs:uksc-2009-0129:retrieval-0001', 'UK-Abs:uksc-2009-0129:retrieval-0011', 'UK-Abs:uksc-2009-0129:retrieval-0014', 'UK-Abs:uksc-2009-0129:retrieval-0010', 'UK-Abs:uksc-2009-0129:retrieval-0003']",0.8332910537719727,0.0,0.0,0.0,,0.0,0.0,,,,,
LQA-057,True,easy,outcome,"Case background: Terrorism is defined in section 1 of the Terrorism Act 2000, as the use or threat of action, inside or outside the United Kingdom, (a) involving serious violence against a person, involving serious damage to property, endangering another persons life... What final order did the court make, and what relief followed?",1,"The appellants were convicted of offences under section 1 of the Terrorism Act 2000, for providing support to a foreign armed group engaged in a non international armed conflict. The appellants appealed to the Supreme Court contending that the answer to the certified question should be in the negative. The Court of Appeal (Sir John Thomas P, Silber and Kenneth Parker JJ) answered that question in the affirmative, and also rejected certain other grounds of appeal, as well as refusing to interfere with the sentence which the judge had imposed. Accordingly, the appellants appeal was dismissed [2012] EWCA Crim 280, [2012] 1 WLR 3432. The SS Lotus 1927, PCIJ, Series A, No 10, para 48; Max Planck Encyclopaedia of Public International Law, in its discussion of the case, referred to.","The issue in the appeal is whether the definition of terrorism in the Terrorism Act 2000 includes military attacks by non state armed groups against national or international armed forces in a non international armed conflict.
Mr Gul was convicted by a jury of five counts of disseminating terrorist publications, for which he was sentenced to five years imprisonment.
The offence was created by section 2 of the Terrorism Act 2006, which defines terrorist publications as including publications which are likely to be understood as a direct or indirect encouragement to the commission, preparation, or instigation of acts of terrorism.
Terrorism is defined in section 1 of the Terrorism Act 2000, as the use or threat of action, inside or outside the United Kingdom, (a) involving serious violence against a person, involving serious damage to property, endangering another persons life, creating a serious risk to public health or safety, or designed to seriously interfere with seriously disrupt an electronic system; (b) designed to influence a government or intergovernmental organization or to intimidate the public or a section of the public; and (c) made for the purpose of advancing a political, religious, racial, or ideological cause.
The publications in question included videos which Mr Gul posted on YouTube showing (i) attacks by members of al Qaeda, the Taliban, and other proscribed groups on military targets in Chechnya, and on the Coalition forces in Iraq and in Afghanistan, (ii) the use of improvised explosive devices against Coalition forces, (iii) excerpts from martyrdom videos, and (iv) clips of attacks on civilians, including the 11 September 2001 attack on the United States.
These videos were accompanied by commentaries praising the bravery, and martyrdom, of those carrying out the attacks, and encouraging others to emulate them.
The Court of Appeal refused Mr Guls appeal against conviction and sentence.
His appeal to the Supreme Court was based on a challenge to the conclusion of the Court of Appeal (arising from a direction given by the trial judge following a request from the jury) that the definition of terrorism included military attacks by non state armed groups against national or international armed forces in their territory.
The Supreme Court unanimously dismisses Mr Guls appeal for reasons contained in a judgment given by Lord Neuberger and Lord Judge, with whom the other members of the Court agree.
Mr Gul argued that both domestic law and international law required the statutory definition of terrorism to be interpreted narrowly, so as to exclude its application to situations such as those depicted in some of the videos which he had uploaded, namely those involving actions by non state armed troops attacking foreign armed forces in their territory.
The court addresses this argument first by considering the application of familiar domestic law principles to the statutory definition of terrorism, and then by considering whether that results in a conclusion which has to be adapted to meet those requirements of international law that are incorporated into domestic law [25].
Applying the familiar domestic law approach to statutory interpretation, the Court holds that there is no basis on which the natural, very wide, meaning of section 1 of the 2000 Act could be read restrictively, as Mr Gul
argued.
The definition had clearly been drafted in deliberately wide terms so as to take account of the various and possibly unpredictable forms that terrorism might take, and the changes which may occur in the diplomatic and political spheres [312, 38].
In reaching this conclusion, the Court considers that section 117 of the 2000 Act, which prohibits the prosecution of most offences under the 2000 and 2006 Acts without the consent of the Director of Public Prosecutions or (in some cases) the Attorney General, is of no assistance [35 37, 42].
The Court also observes that creating an offence with a very broad reach and then invoking prosecutorial discretion as a means of mitigation is undesirable in principle and should only be adopted if it is unavoidable.
In these circumstances, the only reason for the Court to interpret the definition more restrictively would be if it conflicted with the European Convention on Human Rights (which was not relied on by Mr Gul) or with the United Kingdoms obligations in international law more generally [38].
The first aspect of Mr Guls argument here was that the United Kingdoms international obligations require it to define terrorism more narrowly in its criminal laws, as it should have the same meaning as it has in international law.
The second aspect was that the United Kingdom could not criminalize terrorism happening abroad except so far as international law allowed.
Both aspects of the international law argument face the insuperable obstacle that there is no accepted definition of terrorism in international law [44].
The U.N. General Assemblys working group seeking to agree a comprehensive international convention on terrorism, reported in 2012 that there were disagreements as to the precise distinction between terrorism and legitimate struggle of peoples fighting in the exercise of their right to self determination.
And, although there are other, non comprehensive treaties dealing with terrorism, there is no plain or consistent approach in UN Conventions on the issue [4648].
This is consistent with what was said by this Court in Al Sirri v Secretary of State [2012] UKSC 54, [2012] 3 WLR 1263, para 37 [44].
Moreover, there have been U.N. resolutions referring to the activities of al Qaeda and the Taliban as terrorism, although their actions involved insurgents attacking forces of states and intergovernmental organizations in non international armed conflict.
And the international law of armed conflict does not give any immunity combatants in non international armed conflicts [4950].
It is true that some other provisions of the 2000 and 2006 Acts give effect to treaties that do not extend to insurgent attacks on military forces in non international armed conflicts.
But there was no reason why the United Kingdom could not go further in the 2000 Act than the treaties had.
And even if those treaties had intended to limit the definition of terrorism that they applied, that would only affect the particular provisions of the 2000 Act that implemented those treaties [54].
As to the second aspect of the international law argument, it is irrelevant for present purposes whether the United Kingdom can criminalize certain actions committed abroad, because the material in this case was disseminated in the United Kingdom [56].
Therefore, whether one approaches the matter as an issue of purely domestic law, or as an issue of domestic law read in the light of international law, there is no valid basis for reading the definition of terrorism more narrowly than the plain and natural meaning of its words suggested.
In parting, the Court notes that although the issue is one for Parliament to decide, the current definition of terrorism is concerningly wide. [38] Canada and South Africa, for example, exclude acts committed by parties regulated by the law of armed conflict from the definition, and a recent report in Australia recommends that that country should follow suit. [61] The Independent Reviewer of Terrorism Legislation in the United Kingdom, Mr David Anderson QC, has made the point that the current law allows members of any nationalist or separatist group to be turned into terrorists by virtue of their participation in a lawful armed conflict, however great the provocation and however odious the regime which they have attacked [61].
The 2000 and 2006 Acts also grant substantial intrusive powers to the police and to immigration officers, which depend upon what appears to be a very broad discretion on their part.
While the need to bestow wide, even intrusive, powers on the police and other officers in connection with terrorism is understandable, the fact that the powers are so unrestricted and the definition of terrorism is so wide is probably of even more concern than the power of criminal prosecution to which the Acts give rise. [64]","['UK-Abs:uksc-2012-0124:retrieval-0004', 'UK-Abs:uksc-2012-0124:retrieval-0014', 'UK-Abs:uksc-2012-0124:retrieval-0003', 'UK-Abs:uksc-2012-0124:retrieval-0000', 'UK-Abs:uksc-2012-0124:retrieval-0039', 'UK-Abs:uksc-2012-0124:retrieval-0026']",0.8149038553237915,0.0,0.0,0.0,,0.0,0.0,,,,,
LQA-087,True,medium,precedent_application,"Case background: Article 40(1) of the United Nations Convention Relating to the Status of Refugees (1951) (the Convention) as modified by the Protocol Relating to the Status of Refugees (1967) (the Protocol) states that: any State may, at the time of signature, ratification or accession... Which precedent or governing legal principle did the court apply, and how was it applied?",1,"The respondents were asylum seekers who had been detained in the Sovereign Base Areas of Cyprus. The Refugee Convention contains a colonial clause in the following terms: Article 40 TERRITORIAL APPLICATION CLAUSE 1. Any State may, at the time of signature, ratification or accession, declare that this Convention shall extend to all or any of the territories for the international relations of which it is responsible. Such a declaration shall take effect when the Convention enters into force for the State concerned. 2. At any time thereafter any such extension shall be made by notification addressed to the Secretary General of the United Nations and shall take effect as from the ninetieth day after the day of receipt by the Secretary General of the United Nations of this notification, or as from the date of entry into force of the Convention for the State concerned, whichever is the later. 3. With respect to those territories to which this Convention is not extended at the time of signature, ratification or accession, each State concerned shall consider the possibility of taking the necessary steps in order to extend the application of this Convention to such territories, subject, where necessary for constitutional reasons, to the consent of the Governments of such territories. On 24 October 1956 the United Kingdom notified the Secretary General under article 40(2) that, subject to certain reservations, the Convention would be extended to 16 territories for whose international relations it was responsible, including Cyprus. It is common ground that the effect was to apply the Convention, as a matter of international law, to the whole island, including those parts of it which later became the Sovereign Base Areas. [UK-Abs:uksc-2017-0106:retrieval-0007] Article VII(4) of the 1967 Protocol provides that where a state made a declaration under article 40(1) or (2) of the Convention extending its application to a territory for whose international relations it was responsible, and then acceded to the Protocol, the","Until 1960 Cyprus was a colony of the UK.
In 1960, pursuant to the Cyprus Act, the Treaty concerning the Establishment of the Republic of Cyprus between the UK, Turkey Greece and Cyprus and an exchange of notes between the UK and Cyprus, Cyprus became an independent Republic.
The territory of the new republic was composed of the island of Cyprus with the exception of two areas Akrotiri and Dhekelia which were retained under UK sovereignty as Sovereign Base Areas (SBAs) for the purposes of accommodating military bases.
Article 40(1) of the United Nations Convention Relating to the Status of Refugees (1951) (the Convention) as modified by the Protocol Relating to the Status of Refugees (1967) (the Protocol) states that: any State may, at the time of signature, ratification or accession, declare that this Convention shall extend to all or any of the territories for the international relations of which it is responsible.
On 24 October 1956, prior to Cypriot independence, the UK notified the UN Secretary General that, subject to certain reservations, the Convention would be extended to Cyprus.
Post independence, Cyprus notified the Secretary General in 1963 that it had acceded to the Convention and in 1968 to the Protocol.
No notification has ever been made by the UK specifically in relation to the SBAs post Cypriot independence.
The Respondents are six refugees.
In October 1998 they boarded a ship in Lebanon which was bound for Italy but which foundered off the coast of Cyprus.
On 8 October 75 passengers including the respondents were airlifted to safety by RAF helicopters and brought to Akrotiri in south western Cyprus.
In due course they were accepted as lawful refugees under the Convention by the SBA Administration, and permitted to remain.
The SBA Administration sought to persuade the UK government to allow them to resettle in the UK but this was not acceptable to Ministers.
Ever since then they have lived in disused and highly unsatisfactory service accommodation in the SBA, while continuing to press for their admission to the UK, on the basis that this is the only practicable way for the UK to discharge its obligations to them under the Refugee Convention.
The arrival of the Respondents in the SBAs followed by further arrivals in 2000 and 2001 gave rise to arguments between the SBAs and Cyprus about which of them was to be responsible for the refugees and asylum seekers among them.
These arguments were resolved for future arrivals on 20 February 2003 when the UK and Cyprus entered into a Memorandum of Understanding relating to illegal migrants and asylum seekers (the 2003 Memorandum).
The agreement provided, in summary, for the full range of governmental services to be provided to refugees by Cyprus but at the expense of the UK.
Shortly after the 2003 Memorandum, the SBA Administrator enacted the Refugee Ordinance 2003 which gave effect within the SBAs to rights substantially corresponding to those conferred by the Convention.
The 2003 Memorandum did not apply to refugees such as the Respondents who had arrived in the SBAs prior to the date of its conclusion.
The Appellants case is that in 2005 the Cypriot authorities agreed with the SBA Administration that they would deal with refugees recognised as such by the SBA Administration in accordance with the 2003 Memorandum irrespective of the date of their arrival in the SBAs.
This agreement, however, has never been reduced to writing.
The Respondents were unwilling for responsibility for them under the Convention to be transferred to the Republic, and did not accept that this could lawfully be done without their consent.
They continued to press for admission to the UK, latterly with the support of the UN High Commissioner for Refugees (UNHCR).
The unhappy course of the ensuing dispute is summarised in the judgment.
It came to a head when in 2013, the Respondents formally asked to be admitted to the UK.
In a decision dated 25 November 2014, the Secretary of State refused entry.
The Respondents challenged that decision on the basis that it was inconsistent with the Convention.
The High Court held that the Convention did not extend to the SBAs as a matter of international law, but quashed the Secretary of States decision on the basis that she had failed to take into account concerns raised by the UNHCR.
The Court of Appeal overturned that decision, declared that the Convention did extend to the SBAs and directed the Secretary of State to make a fresh decision on whether to admit the Respondents to the UK, having regard to the UKs obligations under the Convention.
On 6 July 2017, the Secretary of State made a fresh decision refusing to admit the Respondents on the basis that she considered that they could resettle in the Cyprus or, alternatively that the UK could comply with its obligations by arranging for the Respondents to be supported by Cyprus as agreed in 2005.
The broad question at issue in the appeal is whether the Respondents are entitled or should be permitted to be resettled in the UK on the basis of the Convention or that in the exceptional circumstances of the case the Secretary of State should exercise his discretion to admit them.
The specific issues identified by the Court as essential to the resolution of the appeal are as follows [60]: (i) Does the Convention (as extended by the 1967 Protocol) apply to the SBAs? (ii) Does the Convention by its terms entitle the Respondents to be resettled in the UK? (iii) Was the Memorandum of Understanding of 2003 a valid performance of the Convention obligations for those within its scope? In particular: a. Was the UK in principle entitled to fulfil its obligations under the Convention by arranging for support to be provided by Cyprus? b.
If so, were the terms of the Memorandum of Understanding (including the 2003 Refugee Ordinance) a proper basis on which to do so? a.
Was the UK entitled in 2005 to make the same arrangements in respect of the Respondents without their consent given their lawful and accepted presence as refugees in the SBAs since 2000 (it being accepted that the Respondents are entitled to continue to live in the SBAs [107])? b.
If so, was the 2005 agreement with Cyprus a legally effective means of doing so, having regard to its informality and the absence of incorporation into SBA law? c.
Has the support of Cyprus for the Respondents in accordance with the 2005 agreement been available in practice, and can it be assured in the future? (v) If the 2005 agreement, for whatever reason, was not a legally effective means of discharging the UKs obligations to the Respondents under the Convention, or if such support has not been available in practice, what are the consequences, in terms of rights or remedies potentially available in these proceedings, and how should the court give effect to them in its order? (iv) If the answer to (iii) is yes:
The Supreme Court gives an interim judgment.
It is final as to the issues covered (issues (i) (iii)), but interim in the sense that other issues will have to be decided (issues (iv) (v)) before the appeal can be finally determined.
Certain critical and difficult issues had not been clearly identified in the agreed statement of facts and issues, nor adequately covered by the written or oral submissions.
In fairness to the parties and in order to reach a fully informed conclusion, the court sees no alternative but to invite further submissions on the matters identified in the interim judgment.
Issue (i) Until 1960 the Convention unquestionably applied to the territory now comprised in the SBAs [63].
Treaty obligations cease to apply to a territory where it secedes from the state which entered into the treaty, or where a formerly dependent territory becomes independent of the parent state which entered into the treaty [64].
The Cyprus Act 1960 did not alter the status of the SBAs but merely excluded them from the transfer of territory to the new Republic of Cyprus when it became independent [69].
As a matter of international law the Convention continues to apply to the SBAs by virtue of the declaration in 1956, in the same way it applied to the colony of Cyprus before 1960.
Article VII(4) of the Protocol provides that where a state made a declaration under Article 40(1) or (2) of the Convention extending its application to a territory for whose international relations it was responsible, and then acceded to the Protocol, the declaration should apply to the Protocol also, unless that state notified the Secretary General to the contrary.
No further declaration was required to extend the Protocol to dependent territories where the original Convention applied.
The UK acceded to the Protocol without any reservation relating to the SBAs.
Since the Convention continued to apply to the SBAs after 1960, the Protocol applies there also [71].
Issue (ii) The Convention does not entitle the Respondents to be resettled in the UK metropolitan territory.
A states duties under the Convention to a refugee reaching a particular territory for whose international relations the state is responsible are in principle and in normal circumstances limited to providing and securing the refugees Convention rights in that context [89].
The widespread use of colonial clauses in international treaties reflects the principle that for certain purposes, including the application of treaties, dependent territories of a state are treated as having a status in international law distinct from that of the parent states metropolitan territory [76].
Like many multilateral treaties, the Convention was framed to apply only to a states home country or metropolitan territory unless extended to other territories under Article 40 [78].
Article 40 suggests that for the purposes of the Convention the metropolitan territory and its dependent territories are to be treated as separate units [80].
Similarly, other articles of the Convention indicate that the metropolitan territory is to be treated as distinct such as Articles 15, 17 to 24, 26, 19, 32 and 34 [81 88].
Issue (iii) The Respondents submission that the 2003 Memorandum was not a proper basis for the provision of the support for refugees required by the Convention is rejected [103].
There are uniquely close practical links between the SBAs and Cyprus [91 93].
The Convention does refer to the appropriate treatment of refugees in a States territory and the provision of facilities to refugees there.
But nothing in the Convention is expressly directed to a situation like that which exists in Cyprus and nothing in it is expressly inconsistent with the nature of the arrangements which the UK has made with Cyprus [94].
International courts and tribunals will interpret a treaty in line with Article 31(1) of the Vienna Convention on the Law of Treaties.
They will endeavour to place the factual situation as it has developed since the inception of the treaty within the context of the preserved and developing treaty relationship in order to achieve its object and purpose in so far as that is feasible [95].
Subject to issues about the precise interpretation of certain articles, the court does not find objection in principle to some, most or all of the supporting facilities required for refugees being provided by co operative and effective arrangements with the Republic.
The more difficult issues are as to its application to those already accepted as lawful refugees [96].
Issues (iv) and (v) have been left for future determination and further submissions.
The parties may be able to reach agreement without further argument on those issues [104 114].
So far as they remain in dispute the appeal should be relisted for further submissions as soon as practicable [115].","['UK-Abs:uksc-2017-0106:retrieval-0013', 'UK-Abs:uksc-2017-0106:retrieval-0022', 'UK-Abs:uksc-2017-0106:retrieval-0011', 'UK-Abs:uksc-2017-0106:retrieval-0036', 'UK-Abs:uksc-2017-0106:retrieval-0076', 'UK-Abs:uksc-2017-0106:retrieval-0007']",0.812904417514801,1.0,0.1111111111111111,1.0,,0.0,1.0,,,,,
LQA-013,True,medium,legal_issue,"Case background: Even in a case of this kind the requirement of bona fides was essential and if the termination of service was a colourable exercise of power, or was a result of victimisation or unfair labour practice, the tribunal had jurisdiction to intervene and set aside such termination. Which question of law determined the resolution of the dispute?",4,"The real criterion which formed the touchstone of a test to determine whether an order of termination of services is an order of discharge simpliciter or amounts to dismissal is the real nature of the order, that is, the intention with which it was passed. If the intention was to punish, that is, to chastise, the order may be regarded as an order of dismissal; and for judging the intention, the question of mala fides (which is the same thing as a colourable exercise of power) becomes all important. If no mala fides can be attributed to the management, the order of discharge must be regarded as one having been caused under M.S.O. 23 even though the reason for its passage is serious misconduct. [228C D] Chartered Bank vs Chartered Bank Employees ' Union, ; , Workmen of Sudder Office, Cinnamore vs Management, ; , referred to.","S, employed by the appellant as a cross cutter in the saw mill was asked to show cause why his services should not be terminated on account of grave indiscipline and misconduct and he denied the allegations of fact.
He was thereafter informed about a department enquiry to be held against him and was suspended pending enquiry.
Purporting to act under r. 18(a) of the Standing Orders, the appellant terminated the services of S, without holding any departmental enquiry.
The industrial tribunal to which the dispute was referred held, that action taken, after dropping the proposed departmental proceedings was not bonafide and was a colourable exercise of the powerconferred under r. 18(a) of the Standing order and since no attempt was made before it to defend such action by proving the alleged misconduct, it passed an order for reinstatement of S, The appellant contended that as the termination was strictly in accordance with the terms of contract under r. 18(a) of the Standing Orders, it was entitled to dispense 823 with the service of an employee at any time by first giving 14 days notice or, paying 12 days wages.
^ Held, that the employer 's decision to discharge the employee under r. 18(a) of the Standing Orders after dropping the enquiry intended to be held for misconduct was clearly a colourable exercise of the power, and an employer could not press his right purely on contract and say that under the contract he has unfettered right ""to hire and fire"" his employees, right was subject to industrial adjudication and even a power like that granted by r. 18(a) of the Standing orders in this case was subject to the scrutiny of industrial courts.
Even in a case of this kind the requirement of bona fides was essential and if the termination of service was a colourable exercise of power, or was a result of victimisation or unfair labour practice, the tribunal had jurisdiction to intervene and set aside such termination.
Buckingham and Carnatic Co. Ltd. vs Workers of the Company, , referred to.
The Chartered Bank Bombay vs The Chartered Bank Employees Union. ; and Assam Oil Company vs Its Workmen, [1960] 3 S.C.R. 457, followed.
Held, further, that the principle relating to termination of Government service stands on an entirely different footing as compared to industrial employees and the same principle could not be applied to industrial adjudication.
Parshotaa Lal Dhingra vs Union of India, ; , distinguished.","['IN-Abs:1406:retrieval-0001', 'IN-Abs:1406:retrieval-0002', 'IN-Abs:1406:retrieval-0000', 'IN-Abs:1406:retrieval-0008', 'IN-Abs:1406:retrieval-0006', 'IN-Abs:1406:retrieval-0005']",0.820294201374054,0.0,0.0,0.0,,0.0,0.0,,,,,
LQA-005,True,medium,statutory_interpretation,"Case background: during the pendency of the aforesaid appeal the state of west bengal requisitioned large extent of fisheries including the disputed nalban fishery, in exercise of power under section 3(1) of the west bengal land requisition and acquisition act of 1948. How did the court interpret or apply section 3(1) and section 2 (7) to resolve the dispute?",1,"The State of West Bengal requisitioned large extent of fisheries including the disputed Nalban Fishery in exercise of power under section 3(1) of the West Bengal Land Requisition and Acquisition Act of 1948. The members of the Sarkar Family challenged the order of requisition by filing a writ petition in the High Court. The Division Bench dismissed the appeal. The Special Leave Petition filed by the Sarkar Family was dismissed by the Supreme Court. The appeal arising out of the Petition Suit was finally disposed of by the Division Bench and the said order was assailed in the Supreme Court. The Supreme Court disposed of the appeals on the basis of a compromise arrived at between the parties. The Supreme Court further ordered that the terms of the decree shall not affect the rights of the State of West Bengal in any manner whatsoever to the fisheries in question if they have vested in the State under the provisions of the West Bengal Estate Acquisition Act of 1953. Pursuant to the aforesaid order appointing Collector Parganas as receiver, the Collector Parganas took possession of the fisheries including Nalban Fishery as receiver and submitted a compliance report dated 22 11 1978 to the Registrar of the Supreme Court. The Collector Parganas was appointed as receiver in respect of the fisheries owned by the Sarkar Family. The Collector Parganas was also the receiver in respect of the fisheries which had not already been vested in the State and whose possession had not already been taken over by the State. The Receiver appointed by the Supreme Court was at all entitled to take possession of the Nalban Fishery pursuant to the order of the Supreme Court or the Nalban Fishery could not have been taken possession by the Receiver and therefore the second Receiver rightly corrected the mistake committed by his predecessor. The Receiver appointed by the Supreme Court was not entitled to take possession of the Nalban Fishery pursuant to the order of the Supreme Court. The Receiver appointed by the Supreme Court was not entitled to take possession of the","FACTS
the respondents are the members of one sarkar family in the city of calcutta.
the dispute centres around a fishery called nalban fishery.
a suit for partition was filed by one of the co-sharers of said sarkar family in the high court of calcutta.
a learned single judge of the calcutta high court passed a preliminary decree in the said suit.
one of the co-sharers of the sarkar family preferred an appeal against the preliminary decree before the division bench.
during the pendency of the aforesaid appeal the state of west bengal requisitioned large extent of fisheries including the disputed nalban fishery, in exercise of power under section 3(1) of the west bengal land requisition and acquisition act of 1948.
members of the sarkar family challenged the order of requisition by filing a writ petition in calcutta high court which was was dismissed by the learned single judge.
sc had directed that the state of west bengal will be made a party to the proceeding and further the collector parganas was appointed as receiver in respect of the fisheries owned by the sarkar family.
the court had also further directed that the collector will be the receiver in respect of the fisheries which has not already been vested in the state and whose possession has not already been taken over by the state.
pursuant to the aforesaid order appointing collector 24 parganas as receiver,the collector 24 parganas took possession of the fisheries including nalban fishery as receiver and submitted a compliance report to the registrar of this court.
the collector 24 parganas who had been appointed as receiver realised that he could not have taken possession of nalban fishery as receiver since the said fishery had already been in possession of the state of west bengal pursuant to requisition order.
the receiver,therefore,intimated to the registrar of this court the mistake committed by him in his earlier report and expressed apology to this court for the mistake committed in the earlier report.
while the matter stood thus in relation to the aforesaid nalban fishery,the government of west bengal handed over the possession of the said nalban fishery to the director of inland fisheries,state fisheries development corporation for undertaking fisheries development scheme.
the aforesaid corporation issued an advertisement for auctioning the nalban fishery for a boating complex.
the sarkar family thereupon filed an application before the calcutta high court contending inter alia that under the decree passed in the partition suit by the supreme court the property belongs to the sarkar family and could not have been handed-over to the state of west bengal.
that application was disposed of by the learned single called upon the collector 24 parganas who was the receiver pursuance to the orders of the supreme court to take over the possession of nalban fishery from the state of west bengal and give vacant possession of the same to the sarkar family.

ARGUMENT
a compromise decree between the parties in a suit for partition will not in army way affect the rights of the state in respect of the fisheries whether such rights the state acquires by virtue of an order of requisition under the requisition act or by virtue of any other statutory provisions under which the fisheries right vest in the state.
on the amendment of the west bengal land reforms act in the year 1936 giving it retrospective effect and defining land to include tank -fishery the nalban fishery vests in the state of west bengal.
nalban fishery having been vested in the state of west bengal under the provisions of west bengal under the provisions of west bengal acquisition act,1955,the state cannot get rid of the direction given by the supreme court to the receiver to handover possession of the various fisheries covered by the final decree to the parties to whom they have been allotted under the decree and the nalban fishery being one such fishery,the possession thereof was required to be given to the person in whose favour the said fishery has been allotted.

ISSUE
whether in the suit for partition amongst the members of the sarkar family which was ultimately disposed of by a compromise decree in this court nalban fishery had been allotted to some members of the sarkar family and whether such decree would affect the rights of the state and bind the state of west bengal.

ANALYSIS
the nalban fishery was one of the items of property in the suit for partition is not disputed.
it is also not disputed that the state of west bengal though was not a party to the suit but in course of proceeding before this court by an order of the court the said state of west bengal was impleaded as a party.
the aforesaid order directing impleadment of the state of west bengal as a 7 party was obviously intended for the purpose that the interest of the state and the rights of the state in relation of the state and the rights of the state in relation of the state and the rights of the state in relation to several fisheries could be protected.
further while directing the receiver to handover possession of the various fisheries covered by the final decree to the parties to whom they have been allotted under the decree,this court also protected the interest of the state by observing that they made it quite clear that this will not in any manner prejudice or affect the right of the state to its claim over the fisheries under the west bengal acquisition act 1955 or under any other statute.
it is an undisputed fact that nalban fishery had been requisitioned much prior to the aforesaid decree of this court and,therefore,the rights of the state to the fishery either by virtue of the requisition order or by virtue of any provision of any other statute remained protected and as such said state of west bengal can't be bound down by the so-called allotment of fisheries in favour of some members of the sarkar family under the compromise decree in question.
the district magistrate 24 parganas who was appointed as receiver took possession of several fisheries including nalban fishery obviously on the impression that the lease in respect of the said fishery which had been granted by the sarkar family had lapsed.
the said receiver was not aware of the fact that nalban fishery had in fact requisitioned by the state of west bengal and the state is in possession of the same.
the successor receiver,in the circumstances,therefore,was fully justified in bringing it to the notice of this court by giving a second report indicating therein that his predecessor had erroneously taken the possession of nalban fishery which is in contravention of the directions of this court and for which the receiver offered his unconditional apology.
the court did not find any illegality in the act of the succeeding receiver in rectifying the earlier mistake and re-delivering the possession of nalban fishery to the state of west bengal.
the aforesaid order cannot be held to operate as res judicata taking away the rights of the state of west bengal in respect of the nalban fishery as the state was not a party to the proceedings.
the rights and interest of the state of west bengal was not in any way be affected by the so-called partition and allotment of the nalban fishery inter se amongst the members of the sarkar family,the order passed by the learned single judge of the calcutta high court will not stand on the way of the state in claiming and putting forth its interest and right over the nalban fishery.

STATUTE
the suit ultimately no doubt was disposed of on the basis of a compromise arrived at between the parties but the court took sufficient care in disposing of the appeals on the terms of compromise by observing that the state has substantial interest with regard to fisheries rights covered by the litigation and nothing in the decree will not affect the rights of the state of west bengal in any manner whatsoever to the fisheries in question if they are vested in the state under the provisions of west bengal estates acquisition act,1953.
by virtue of the extended definition of 'land' in section 2 (7) and the amended provisions of section 3(a) of the land reforms act,tank fishery,like nalban fishery come within the definition of and it vests in the state by operation of section 3(1) read with section 14.
the nalban fishery had been requisitioned by the state of west bengal in exercise of power under section 3(1) of the west bengal land requisition and acquisition act is not disputed and cannot be disputed.","['IN-Ext:1996_B_72:retrieval-0000', 'IN-Ext:1996_B_72:retrieval-0001', 'IN-Ext:1996_B_72:retrieval-0037', 'IN-Ext:1996_B_72:retrieval-0035', 'IN-Ext:1996_B_72:retrieval-0038', 'IN-Ext:1996_B_72:retrieval-0002']",0.8403605222702026,0.0,0.0,0.0,,0.0,0.0,,,,,
LQA-019,True,easy,facts,Case background: One of the provisions of the merger agreement was that the existing laws in the Covenanting States were to be continued till such time as they were modified or repealed by the new State and that all the assets and liabilities of the Covenanting States were taken over... Which factual circumstances were important to resolving the case?,1,"The factual circumstances which were important to resolving the case were: (i) that the new State continued all the old laws till they were altered or repealed; (ii) that there was a specific provision in each Covenant that the assets and liabilities of the Covenanting States were to be the assets and liabilities of the Union, the new State; (iii) that the old laws were continued till they were repealed or altered; and (iv) that the new State intended to affirm the rights of the subjects which they had against the merging State and to assume itself the liability if any arising against the merging State. [181G H; 182A] (2) By continuing the old laws till they were repealed, altered or modified, the new State in effect undertook the liability which might arise against it by virtue of the continuance of the old laws. [182B] (3) The new State intended to affirm the rights of the subjects which they had against the merging State and to assume itself the liability if any arising against the merging State. [182C] (4) The new State by continuing the old laws, without change till they were repealed or altered, recognised that it was liable in the same way as would have been the merging State if there was any liability on the merging State. [182D] (5) The new State could not be held to have repudiated the liabilities of the merging State merely because the old laws were continued till they were repealed or altered. [182E] (6) The new State could not be held to have repudiated the liabilities of the merging State merely because the old laws were continued till they were repealed or altered. [182F] (7) The new State could not be held to have repudiated the liabilities of the merging State merely because the old laws were continued till they were repealed or altered. [182G] (8) The new State could not be held to have repudiated the liabilities of the merging State","In 1947, the Dholpur State acceded to the Dominion of India.
Later on, it was merged with other States and as a result of that merger, the Matsya Union was formed on March 18, 1948.
One of the provisions of the merger agreement was that the existing laws in the Covenanting States were to be continued till such time as they were modified or repealed by the new State and that all the assets and liabilities of the Covenanting States were taken over by the new State.
Later on, the Matsya Union was merged with the United State of Rajasthan which had come into existence from April 7, 1949.
A similar provision with regard to the recognition of the liabilities of the Covenanting States by the new State was also provided.
On January 26, 1950, Part B State of Rajasthan came into existence.
In the four appeals the respondents secured permits from the Dholpur State for the export of certain commodities and they had to pay export duties in advance.
As the respondents could not export the full quantity for which they had secured permits they asked the appellant to refund the excess export duty and when the latter refused to do so, filed suits for refund of the same with interest.
The defence taken up by the appellant was that it was not bound by any liability which might have arisen against the former State of Dholpur.
It was a new Sovereign and was not bound by any liability of the former State of Dholpur unless it chose to recognise the obligation but no such obligation was recognised in the present case.
One suit was dismissed by the trial court and other three were decreed.
The appeals of the State to the District Judge were substantially dismissed while the appeal in the first suit by the plaintiff was substantially allowed.
The State filed appeals to the High Court.
After referring the matter to the Full Bench, a Division Ben oh of the High Court dismissed the appeals filed by the State.
The Appellant came to this Court after obtaining certificate of fitness from the High Court.
The only question raised before this Court was about the liability of the State of Rajasthan under article 295(2) of the Constitution in respect of the obligations of the former State of Dholpur which came to be included in the State of Rajasthan.
Dismissing the appeals, Held, that the new State by continuing the old laws without change till they were repealed or altered, recognised that it was liable in the same way as the merging State would have been in any case.
Throughout the process of integration from 1948 to 1950, the new Sovereign must be taken to have recognised the rights of the subjects and undertaken the liabilities 175 of the old State.
So under article 295(2) of the Constitution, the State of Rajasthan was liable to meet the liabilities of all old States which eventually were merged into it.
Moreover, there was nothing to show that the right to claim the refund was taken away by any law competently passed.
M/s Dalmia Dadri Cement Co. Limited vs The Commissioner of Income tax [1959], S.C.R. 729 and Maharaja Shree Umaid Mill Limited vs Union of India, A.I.R. 1953, S.C. 953 referred to.","['IN-Abs:1762:retrieval-0004', 'IN-Abs:1762:retrieval-0005', 'IN-Abs:1762:retrieval-0002', 'IN-Abs:1762:retrieval-0003', 'IN-Abs:1762:retrieval-0009', 'IN-Abs:1762:retrieval-0018']",0.8343672156333923,0.0,0.0,0.0,,0.0,0.0,,,,,
LQA-029,True,easy,procedural_history,"Case background: in 2002,the legislature desired an amendment to the law and intended to create an appellate forum to hear appeals against orders passed by the controller consequently patents (amendment) act,2002 was promulgated on 25.6.2002.however,it was not brought into force immediately.it may be noted that in the said amendment act,2002... What procedural steps and earlier rulings brought the matter before the deciding court?",1,"The Patents Act, 1970 was amended by the Patents (Amendment) Act, 1999. Under the said amendment Act, vide section 116(2), a right of appeal was available to the aggrieved party against orders passed under section 25. In 2002, the legislature desired an amendment to the law and intended to create an appellate forum to hear appeals against orders passed by the Controller. Consequently, the Patents (Amendment) Act, 2002 was promulgated on 25.6.2002. However, it was not brought into force immediately. It may be noted that in the said amendment Act, 2002, no provision was made pertaining to post grant opposition. That provision came to be made only under the Patents (Amendment) Act, 2005 which was promulgated on 4.4.2005 w.e.f. 1.1.2005. Under the Patents Amendment Act, 2005, appeal is provided to the Appellate Board against the order of the Controller under section 254; however, that statutory appeal is maintainable only in post grant opposition proceedings. Respondent No. 3 herein has instituted first appeals under the law then prevailing challenging the order rejecting pre grant opposition dated 23.8.2006. Taking into account the complexities involved in this case on account of the interregnum, the Court directed that the High Court should hear and decide the appeals bearing FAO Nos. 29206 and 29306 in accordance with law as it then stood i.e. u/s 116 under Patents Amendment Act, 1999 against orders passed by the Controller in pre grant opposition proceedings. [IN-Ext:2008_A_260:retrieval-0065] 2.1 The Courts had evolved","FACTS
span diagnostics limited,respondent no.3 herein,is a public limited company established in 1972 to indigenously develop and manufacture a comprehensive range of readymade diagnostic reagents made by clinical pathology laboratories.
on 14.6.2000 j.mitra &amp company pvt.ltd, appellant herein,filed its application for grant of patent.after scrutiny,the said application stood notified by the patent office on 20.11.2004.
thus,proceedings commenced before the controller of patents in the year 2000 when the appellant herein sought a patent of their device which was opposed by respondent no.3 in the year 2000.by then,the patents (amendment) act,1999 had amended the patents act,1970 dealt with opposition to a patent vides s.25.
at that time appeals against decisions made by the controller pertaining to ""pre-grant oppositions"" under s.25 were maintainable before the high court u/s.116(2) of the indian patents act,1970.
in 2002,the legislature desired an amendment to the law and intended to create an appellate forum to hear appeals against orders passed by the controller consequently patents (amendment) act,2002 was promulgated on 25.6.2002.however,it was not brought into force immediately.it may be noted that in the said amendment act,2002,no provision was made pertaining to ""post-grant opposition"".that provision came to be made only under the patents (amendment) act,2005.

ARGUMENT
the controller rejected its ""pre-grant opposition"" and on that day ""post-grant opposition"" avenue was open to respondent no.3 vide s.25(2).
according to the appellant,under the amended s.25 on rejection of ""pre-grant opposition"" it was open to respondent no.3 to move an application opposing grant of patent under s.25(2).
the patent was granted to the appellant on 22.9.06.
according to the appellant,it was open to respondent no.3 to challenge the grant of patent by making ""post-grant opposition"" under s.25(2) from which an appeal was maintainable to the appellate board.
with the change in the structure of the act providing for only one statutory appeal and that too only against the order granting patent under s.25(4),the appeal filed by respondent no.3 against pre-grant opposition order was not maintainable on 19.10.06 by which time,as stated above,s.25 stood restructured providing for a dichotomy between ""pre-grant opposition"" and ""post-grant opposition"".

ISSUE
the question which arises for determination in this batch of civil appeals is : whether fao no.292/06 and fao no.293/06 filed by respondent no.3 herein in the high court were liable to be dismissed.
according to the appellant,with the change in s.25 brought about by patents (amendment) act,2005,a dichotomy was introduced in the patents act,1970.according to the appellant,that dichotomy was between ""pre-grant opposition"" and ""post-grant opposition"".

ANALYSIS
patents (amendment) act,2005,for the first time a dichotomy was introduced in the patent law between ""opposition to the pre-grant"" and ""opposition to the post-grant of patent.
this was the major structural change in the patent law.
similarly,under the patents (amendment) act,2005,appeal was restricted to the post-grant opposition orders and that appeal lay before the appellate board and not to the high court.here also,s.25 of the patents act,1970 as amended by patents (amendment) act,2005 whereas amended section 117a by which appeal was provided for against post-grant opposition order was not brought into force 2007.
on 19.10.2006 when fao no.293/06 was filed in the high court,chapter xix of the parent act as amended vide patents (amendment) act,1999 continued to be in operation notwithstanding the enactment of the patents (amendment) act,2002 and the patents (amendment) act,2005 as the amended ss.116 and 117a were brought into force only vide notification dated 2.4.07.
quite often the commencement of an act is postponed to some specific future date or to such date as the appropriate government may,by notification in the official gazette,appoint.
an act cannot be said to commence or to be in force unless it is brought into operation by legislative enactment or by the exercise of authority by a delegate empowered to bring it into operation.
s.25(1) is wider than s.25(2) as the latter is available only to a ""person aggrieved"".
the main difference between s.25(1) and s.25(2),as brought about by patents (amendment) act,2005,is that even after a patent is granted,""post-grant opposition"" can be filed under s.25 (2) for a period of one year.
the reason is obvious.
in relation to patents that are of recent origin,a higher scrutiny is necessary.
this is the main rationale underlying s.25(2) of the said 1970 act.
therefore,the legislature intended an appeal under section 117a(2) to the appellate board from any decision,order or direction of the controller,inter alia,under s.25(4).
the legislature intended to provide for two types of scrutiny followed by one statutory appeal to the appellate board against ""post-grant proceedings"".
the legislature intended to have a dichotomy between ""pre-grant opposition"" and ""post-grant opposition"".
however,the legislature intended that there shall be only one statutory appeal against grant of patent.
it was left to the executive to bring the enacted law into force vide notification.
for some unknown reasons,the amended ss.116 and 117a(2) were not brought into force till 2.4.07 whereas the concept of ""pre-grant"" and ""post-grant"" oppositions were brought into force w.e.f.1.1.2005.
this is where the legislative intent got defeated during the interregnum.
it is during this interregnum that respondent no.3 filed its fao no.293/06 in the high court under section 116,as it stood on 19.10.06 under the patents (amendment) act,1999.
on that date,the amended section 117a,suggested by patents (amendment) act,2005,was not brought into force.
on 19.10.06 the old law prevailed under which an appeal lay before the high court.respondent no.3,in both the cases,preferred first appeals to the high court u/s.116 as it then stood.
they are fao no.292/06 and fao no.293/06.
the court to decide the fate of these pending appeals.one more aspect needs to be mentioned.
under the patents (amendment) act,2005,appeal is provided to the appellate board against the order of the controller under s.25(4).
however,that statutory appeal is maintainable only in ""post-grant opposition"" proceedings whereas respondent no.3 herein has instituted first appeals under the law then prevailing,challenging the order rejecting ""pre-grant opposition"".
there is no point in transferring the pending fao no.292/06 and fao no.293/06 to the appellate board which has no authority to decide matters concerning ""pre-grant opposition"".
moreover,it may be noted that even section 117g,which refers to transfer of pending proceedings to the appellate board,is also brought into force vide notification dated 3.4.07.keeping in mind the peculiar nature of the problem in hand,the court was of the view that ends of justice would be sub served if the high court is directed to hear and decide the appeals bearing fao no.292/06 and fao no.293/06 in accordance with law as it then stood,i.e.,u/s.116 under patents (amendment) act,1999 against orders passed by the controller in ""pre-grant opposition"" proceedings.

STATUTE
s.25 of the patents act, 1970- opposition to grant of patent.
s.116 of the patents act, 1970.- (1) subject to the provisions of this act,the appellate board established u/s.83 of the trade marks act,1999 shall be the appellate board for the purposes of this act and the said appellate board shall exercise the jurisdiction,power and authority conferred on it by or under this act: provided that the technical member of the appellate board for the purposes of this act shall have the qualifications specified in sub-s.(2).
(2) a person shall not be qualified for appointment as a technical member for the purposes of this act unless he- (a) has,at least five years,hold the post of controller under this act or has exercised the functions of the controller under this act for at least five years; or (b) has,for at least ten years,functioned as a registered patent agent and possesses a degree in engineering or technology or a masters degree in science from any university established under law for the time being in force or equivalent; or (c) has,for at least ten years,been an advocate of a proven specialized experience in practicing law relating to patents and designs. section 117a.(1) save as otherwise expressly provided in sub-section (2),no appeal shall lie from any decision,order or direction made or issued under this act by the central government,or from any act or order of the controller for the purpose of giving effect to any such decision,order or direction.
(2) an appeal shall lie to the appellate board from any decision,order or direction of the controller or central government under section 15,section 16,section 17,section 18,section 19,section 20,section 25,section 27,section 28,section 51,section 54,section 57,section 60,section 61,section 63,section 66,sub-s.(3) of section 69,section 78,sub-ss.(1) to (5) of section 84,section 85,section 88,section 91,s.92 and s.94.
(3) every appeal under this section shall be in prescribed form and shall be verified in such manner as may be prescribed and shall be accompanied by a copy of the decision,order or direction appealed against any by such fees as may be prescribed.
(4) every appeal shall be made within three months from the date of the decision,order or direction,as the case may be,of the controller or the central government or within such further time as the appellate board may,in accordance with the rules made by it,allow.
section 61 of the patents act, 1970- in section 117a of the principal act [as inserted by s.47 of the patents (amendment) act,2002,in sub-section (2),for the words and figures ""section 20,section 25,section 27,section 28,"",the words,figures and brackets ""section 20,sub-s.(4) of section 25,section 28"" shall be substituted.
section 117g of the patents act, 1970 - transfer of pending proceedings to appellate board.-all cases of appeals against any order or decision of the controller and all cases pertaining to revocation of patent other than on a counter-claim in a suit for infringement and rectification of register pending before any high court,shall be transferred to the appellate board from such date as may be notified by the central government in the official gazette and the appellate board may proceed with the matter either de novo or from the stage it was so transferred.","['IN-Ext:2008_A_260:retrieval-0000', 'IN-Ext:2008_A_260:retrieval-0001', 'IN-Ext:2008_A_260:retrieval-0002', 'IN-Ext:2008_A_260:retrieval-0003', 'IN-Ext:2008_A_260:retrieval-0046', 'IN-Ext:2008_A_260:retrieval-0050']",0.8142900466918945,1.0,0.07692307692307693,1.0,,0.0,1.0,,,,,
LQA-050,True,medium,statutory_interpretation,"Case background: the government of gujarat in exercise of its power conferred upon it u/s65 of the gujarat town planning and urban development act,1976act made a scheme in respect of the town of umra,surat on 1.06.1999. How did the court interpret or apply rule 21 and rules 21(3) to resolve the dispute?",1,"The Government of Gujarat in exercise of its power conferred upon it under section 65 of the Gujarat Town Planning and Urban Development Act, 1976 made a scheme in respect of the town of Umra Surat on 1.06.1999. Plot Nos. 177 and 178 were owned by respondent No. 4 herein. Appellant was a tenant under the said respondent in respect of plot No. 178 admeasuring 1067 sq.m. He used to run a business of marble and stone therein. A road widening project was proposed in terms of the said scheme. Notices therefor were issued both to the appellant as also the respondent No. Appellant objected thereto. For the said public purpose viz. widening of the road 867 sq.m. of land was taken over leaving only 200 sq.m. of land. With a view to give effect to the provisions of the Act and the Rules framed thereunder, namely, the Gujarat Town Planning and Urban Development Rules, 1979, the appellant was served with a notice under Rule 33 of the Rules, requiring him to hand over the possession of the land within seven days from the date of receipt of the notice. The appellant filed a writ petition in the High Court questioning the validity and/or legality of the said notice. The High Court dismissed the writ petition. Hence this appeal by special leave. [86E F] 2.1 The Gujarat Town Planning and Urban Development Act, 1976 and the Rules framed thereunder, namely, the Gujarat Town Planning and Urban Development Rules, 1979 are valid. [86F G] 2.2 The Gujarat Town Planning and Urban Development Act, 1976 and the Rules framed thereunder, namely, the Gujarat Town Planning and Urban Development Rules, 1979 are constitutionally valid. [86G H] 2.3 The Gujarat Town Planning and Urban Development Act","FACTS
the government of gujarat in exercise of its power conferred upon it u/s.65 of the gujarat town planning and urban development act,1976act made a scheme in respect of the town of umra,surat on 1.06.1999.
plot nos.17/7 and 17/8 were owned by respondent no.4 herein.
appellant was a tenant under the said respondent in respect of plot no.17/8 admeasuring 1067 sq.m.
he used to run a business of marble and stone therein. a road widening project was proposed in terms of the said scheme.
notices therefor were issued both to the appellant as also the respondent no. appellant objected thereto.
he,however,did not pursue his case in regard to the proposal for widening of the road.
for the said public purpose,viz.,widening of the road,867 sq.m.of land was taken over leaving only 200 sq.m.of land.
with a view to give effect to the provisions of the act and the rules framed thereunder,proceedings were initiated for allotment of the said land in terms of the act.20% of the land was taken over without payment of any compensation.
the validity and/ or legality of the said notice was questioned by the appellant by filing a writ petition in the high court of gujarat inter alia contending that the purported final allotment of plot no.165 in favour of the respondent no.3 and allotment of final plot no.157 in favour of the respondent no.4 were made without issuing any notice as envisaged u/ss.52 and 53 of the act.

ARGUMENT
mr.u.u.lalit,learned senior counsel appearing on behalf of the appellant,in support of this appeal,inter alia would submit: ""(i. the provisions of ss.52 and 81 being imperative in character,no acquisition of land is permissible without service of any notice upon the persons interested which would include a tenant in occupation and carrying on business thereon.
ii. a tenant having regard to the provisions of the transfer of property act or otherwise having an interest in the property cannot be deprived therefrom without following the procedure established by law and without initiation of any proceedings for acquisition of land.
iii. the tenant's interest being distinct and separate could not have been held to be merged with the interest of the landlord,either for the purpose of allotment of a final plot or otherwise in favour of the landlord.
iv. appellant having a right over the remaining 200 sq.m.of the land of original plot no.17/8 should be allowed to continue thereupon and final allotment made in favour of the respondent no.3 to that extent should be cancelled.

ISSUE
interpretation and/ or application of the provisions of the gujarat town planning and urban development act,1976 and the rules framed thereunder known as the gujarat town planning and urban development rules,1979. for short ""the rules"") is in question in this appeal which arises out of a judgment by a division bench of the high court of gujarat .

ANALYSIS
the act was enacted to consolidate and amend the law relating to the making and execution of development plans and town planning schemes in the state of gujarat.
it is not necessary for us to delve deep into the statutory scheme.
rule 21 of the bombay rules makes it obligatory on the part of the officer to give notice of the date on which he will commence his duties and shall state therein the time,within which the owner of any property or rights which is injuriously affected by the making of the town planning scheme shall be advertised in one or more newspapers published in the regional language and circulating within the jurisdiction of the local authority and shall be posted in prominent places at or near the area comprised in the scheme and at the office of the town planning officer.
a town planning scheme,therefore,envisages calling for objection from the persons concerned for three purposes: ""(i) in regard to draft scheme; (ii) lodging of any claim for payment of compensation; (iii) participation in the matter of allotment of final plots.
rule 21 of the bombay rules provides for notice under sub-rule (3) thereof and a reasonable opportunity of hearing under sub-rule (5) thereof. sub-rule (3) of rule 21 of the bombay rules provides for issuance of a special notice upon the person interested in any plot or in any particular plot comprised in the scheme.
take notice of the decision of this court in mansukhlal jadavji. darji1991 indlaw sc 975 (supra) wherein this court opined that sub-rule (3) of rule 21 of the bombay rules was mandatory in nature,subject,of course,to the condition that on the crucial date,viz.,when the town planning scheme is notified in the official gazette,he,whether an owner or tenant or sub-tenant,must be in possession of the property.
in jaswantsingh mathurasingh1991 indlaw sc 972 (supra),it was reiterated that a tenant or a sub-tenant is a person interested and is entitled to notice.
in that context,it was held: ""the question is whether the tenant or a sub-tenant is a person interested and is entitled to notice. it is obvious that u/s.105 of transfer of property act,a lease creates right or an interest in enjoyment of the demised property and a tenant or a sub-tenant is entitled to remain in possession of the demised property until the lease is duly terminated and eviction takes place in accordance with law. therefore,a tenant or a sub-tenant in possession of a tenement in the town planning scheme is a person interested within the meaning of rules 21(3) and (4) of the rules. but he must be in possession of the property on the crucial date i.e.when. the town planning scheme is notified in the official gazette. every owner or tenant or a sub-tenant,in possession on that date alone shall be entitled to a notice and opportunity.
it is also not in dispute that the appellant filed an objection in regard to the draft scheme but did not eventually pursue the same.
it had also not been contended that the said rule is ultra vires s.52 of the act.
a person interested in continuing to keep possession over a property and/ or a part of the amount of compensation must lay his claim before the appropriate authority at the appropriate stage.
if in absence of any such claim filed by the appellant,the authorities have proceeded to finalise allotment of final plot in favour of the respondent nos.3 and 4 herein,it is too late in the day to contend that the entire scheme should be re-opened.
a person may waive a right either expressly or by necessary implication.
he may in a given case disentitle himself from obtaining an equitable relief particularly when he allows a thing to come to an irreversible situation.
different statutes provide for different manner of service of notice.
the bangalore development authority act,1976 provides that every person whose name appears in the assessment list or land revenue records shall be served with notice.[see sureshchandra c.mehta v. state of karnataka and others 1994 supp (2) scc 511 1993 indlaw sc 538.
in west bengal housing board etc.v. brijendra prasad gupta and others,etc.[air 1997 sc 2745],it was opined that the authority is not required to make a roaming enquiry as to who is the person entitled to notice.
there exists a distinction in the action of the planning authority as regards vesting of a property in it and one so as to enable it to create a third party interest vis-'-vis for the purpose of re-allotment thereof.
when a statute makes an elaborate provision as regards the formalities required to be undergone at every stage by the local authority,the state government and other authorities concerned in preparing and making the final town planning scheme,the same should be considered to be exhaustively.[maneklal chhotalal. ors.v. m.g.makwana &; ors.[(1967) 3 scr 65 1967 indlaw sc 138.
it is not a case where the state by its acts of omissions and commissions was unjustly enriching itself.
it was a dispute between two private parties as regards the right to obtain final allotment; the principles underlying the same are not in dispute.
what is in dispute is the distribution of quantum thereof between two competing claimants,viz.,landlord and tenant.
the legal principle emerging from these decisions is also stated in craies on statute law (6th edn.) at page 369 as follows: ""as a general rule,the conditions imposed by statutes which authorise legal proceedings are treated as being indispensable to giving the court jurisdiction. but if it appears that the statutory conditions were inserted by the legislature simply for the security or benefit of the parties to the action themselves,and that no public interests are involved,such conditions will not be considered as indispensable,and either party may waive them without affecting the jurisdiction of the court. emphasis supplied. “
applying the above principles to the present case,it must be held that the benefit of notice provided under the act and rules being for the benefit of the appellant in which no public interests are involved,he has waived the same.
in this view of the matter,it may safely be stated that the appellant,through his conduct,has waived his right to an equitable remedy in the instant case.
such conduct precludes and operates as estoppel against him with respect to asserting a right over a portion of the acquired land in a situation where the scheme in question has attained finality following as a result of the appellant's inaction.
lalit submits that his client is ready and willing to pay some reasonable amount to the respondent no.3 in whose favour plot no.165 has been finally allotted.
issuance of any such direction, ,is legally impermissible.

STATUTE
suffice it to say that chapter iv of the gujarat town planning and urban development act,1976 deals with control of development and use of land included in the development plans.
rule 21 of the bombay rules provides for the procedure to be followed by the town planning officer.
rule 21(3) of the bombay rules has been amended in tune with rule 26 of the rules. amended rules are in pari materia with rule 26 of the rules.
s.67 of the act provides that all lands required by the appropriate authority shall,unless it is otherwise determined in such scheme,vest absolutely in the appropriate authority free from all encumbrances with effect from the date on which the preliminary scheme comes into force.","['IN-Ext:2008_S_1411:retrieval-0000', 'IN-Ext:2008_S_1411:retrieval-0001', 'IN-Ext:2008_S_1411:retrieval-0007', 'IN-Ext:2008_S_1411:retrieval-0051', 'IN-Ext:2008_S_1411:retrieval-0010', 'IN-Ext:2008_S_1411:retrieval-0008']",0.8157691955566406,0.0,0.0,0.0,,0.0,0.0,,,,,
LQA-063,True,hard,multi_issue_synthesis,"Case background: The second concerns the compatibility of the statutory scheme for participation in the childrens hearing with the rights of the father (and indeed the child) under the European Convention on Human Rights. Identify the controlling issues, explain the court's reasoning, and state the final outcome.",1,"The appellant, an unmarried father, challenged the constitutionality of the Children (Scotland) Act 1995, on the ground that it violated his rights under Article 8 of the European Convention on Human Rights. The Court held that the scheme of the Act was incompatible with the rights of the appellant and the child under Article 8 of the Convention. The Court also held that the scheme of the Act was compatible with the rights of the appellant and the child under Article 6 of the Convention. [UK-Abs:uksc-2010-0128:retrieval-0055:para 54] (ii) The potential for violation could be cured by inserting the words or who appears to have established family life with the child with which the decision of a childrens hearing may interfere. This goes very much with, rather than against, the grain of the legislation. The aim of the hearing is to enlist the family in trying to find solutions to the problems facing the child. This is simply widening the range of such people who have an established relationship with the child and thus something important to contribute to the hearing. [UK-Abs:uksc-2010-0128:retrieval-0055:para 55] (iii) The Court did not make a declaration of incompatibility under section 3(1) of the Human Rights Act 1998, because the incompatibility could be cured by the amendment proposed above.","This is a case about the rights of unmarried fathers to take part in childrens hearings under Part II of the Children (Scotland) Act 1995.
It raises two distinct issues.
The first concerns the kind of order made in the sheriff court which would be effective to give a father the right to take part in the childrens hearing.
The second concerns the compatibility of the statutory scheme for participation in the childrens hearing with the rights of the father (and indeed the child) under the European Convention on Human Rights.
The appellant K is an unmarried father.
He formed a relationship with JR.
They cohabited and had a child, L, born in May 2002, whose birth they registered together.
Their relationship subsequently broke down.
After the separation, K continued to have contact with L, and was involved with her hospital appointments until at least September 2003.
In about May 2004, K raised proceedings in the sheriff court seeking full parental responsibilities and parental rights and a contact order.
An interim order for weekly overnight stays was made.
In December 2005, JR alleged that K had abused L. In March 2006, the local authoritys social work services department referred the case to the Principal Reporter on the ground that L was in need of compulsory measures of supervision.
There were childrens hearings in June and July and in August the sheriff deemed the grounds of referral proved and remitted the case to the childrens hearing.
K was not entitled to attend any of these hearings as he was not a relevant person within the meaning of section 93(2)(b) of the 1995 Act.
At a child welfare hearing on 27 October 2006, the sheriff made an order granting K parental rights and responsibilities to the extent that he becomes a relevant person in the childrens referral.
Thereafter K attended the childrens hearings.
In August 2007, the hearing imposed a condition of no contact between K and L.
In January 2009 K appealed against the continuation of this condition.
The Principal Reporter then challenged the sheriffs order in the Court of Session on the ground that it was incompetent.
On 27 March 2009, the Lord Ordinary suspended the sheriffs order of 27 October 2006.
On 21 January 2010 the First Division refused Ks appeal and his application for a declaration of incompatibility with the European Convention on Human Rights.
Section 11(1) of the 1995 Act provides that the sheriff court may make an order in relation to parental responsibilities and parental rights.
Subsection (7) provides that in considering whether to make an order under subsection (1), the court shall regard the welfare of the child as its paramount consideration, shall not make an order unless it would be better for the child to do so, and, where practicable, shall ascertain the childs views.
These considerations are referred to as the overarching principles.
Section 93(2)(b) defines relevant person as a person (including a parent) with parental responsibilities or parental rights or who appears to be a person who ordinarily has charge of, or control over, the child.
The Supreme Court unanimously allows the appeal.
Lord Hope and Lady Hale give the judgment of the Court.
The Court holds that the sheriffs order of 27 October 2006 was not incompetent and so recalls the First Divisions interlocutor and dismisses the petition.
The Court declares that section 93(2)(b)(c) of the Children (Scotland) Act 1995 should be read so as to include the words or who appears to have established family life with the child with which the decision of a childrens hearing may interfere.
The Court makes a finding that K is a relevant person within the meaning of section 93(2)(b)(c) as so read.
The Court notes that the case raises a fundamental issue about fairness.
Neither in July nor in August 2006 did K have the opportunity to refute the allegations in the grounds of referral.
This is contrary to one of the fundamental rules of natural justice, the right to be heard. [14] The order of 27 October 2006 was competently pronounced.
The order was one which the sheriff had power to grant under section 11(1) of the 1995 Act.
The defect in the order is one of specification, not of substance.
While it would have been better if the sheriff had expressly referred to the relevant provisions of the 1995 Act and to the relevant parental responsibilities and rights, and to the fact that participation in the childrens hearing set the limits for the exercise of those responsibilities and rights, the order was not incompetent because he did not do so. [24] [28] There was not a sound basis for the First Divisions view that the sheriff failed to apply the overarching principles.
Such evidence as there is suggests that the very experienced sheriff had these principles in mind throughout the hearing.
In any event, failure to apply the correct principles when making an order, while it may be a ground of appeal, would not normally render the order incompetent. [31] A parent (or other person) whose family life with the child is at risk in the proceedings must be afforded a proper opportunity to take part in the decision making process.
As currently constituted the childrens hearing system violated the article 8 rights of K (and indeed of L) and risks violating the rights of others in the same situation.
The childrens hearing has to have the best and most accurate information that it can in order to make the best decisions about the child.
The only justification advanced for excluding a father unless and until he secures a parental responsibilities and parental rights order from the sheriff court is to ensure that only persons who can make a meaningful contribution to the hearing are present.
However, it is difficult to see how excluding a father such as K can possibly be proportionate to that aim.
All fathers registered since 4 May 2006 are entitled to be present.
Further, when the alleged grounds for referring the child consist almost entirely of allegations against the father, it cannot possibly be legitimate to exclude him for the purpose of restricting the numbers. [39] [48] The incompatibility with Article 8 can be cured by inserting the words or who appears to have established family life with the child with which the decision of a childrens hearing may interfere into section 93(2)(b)(c) of the 1995 Act. [69]","['UK-Abs:uksc-2010-0128:retrieval-0000', 'UK-Abs:uksc-2010-0128:retrieval-0014', 'UK-Abs:uksc-2010-0128:retrieval-0001', 'UK-Abs:uksc-2010-0128:retrieval-0027', 'UK-Abs:uksc-2010-0128:retrieval-0011', 'UK-Abs:uksc-2010-0128:retrieval-0053']",0.8297344446182251,0.0,0.0,0.0,,0.0,0.0,,,,,
LQA-091,False,easy,unanswerable,What did the United States Supreme Court decide in TikTok Inc. v. Garland in January 2025?,0,"The United States Supreme Court decided in TikTok Inc. vs Garland in January 2025 that the President of the United States has the authority to ban the use of the TikTok app in the United States. [IN-Abs:949:retrieval 0088] Ex parte Grossman, ; Ex parte Garland, ; and Rogers vs Peck, ; , referred to.",INSUFFICIENT_EVIDENCE: The retrieved sources do not provide enough information to answer this question.,[],,,,,0.0,,0.0,,,,,
LQA-092,False,easy,unanswerable,What termination payment is required by clause 14.3 of the private employment agreement between Arjun Mehta and Orion Analytics?,0,"The termination payment required by clause 14.3 of the private employment agreement between Arjun Mehta and Orion Analytics is Rs. 1,64,899/ paid to certain employees and directors as compensation for termination of services. [IN Abs:4024:retrieval-0007] 105 The termination of the services and the payment of compensation were not done wholly with a view to the business requirements of the company, but were bound up with the changing of hands of the shares of the company. According to the agreement for the sale of all the shares of the company the sellers had to arrange to terminate the services of all the employees and also arrange that all directors resigned their offices. It is expressly stated that this requirement was to enable the purchasers to appoint or elect all members of the staff and directors. As a matter of fact some of the persons to whom compensation had been paid for termination of services were immediately re employed by the Company. The decision to pay compensation cannot in the circumstances be said to have been taken solely with a view to the business requirement of the company though incidentally the company might have been benefited by it.",INSUFFICIENT_EVIDENCE: The retrieved sources do not provide enough information to answer this question.,[],,,,,0.0,,0.0,,,,,
LQA-093,False,easy,unanswerable,"What sentence was imposed in State of Kerala v. Orion Robotics Ltd., Criminal Appeal No. 9999 of 2026?",0,"The appellants in these two appeals have been convicted under sections 302/34, 364, 392, 394 and 447 of the Indian Penal Code. Unni (appellant in this appeal) has been sentenced to death and Rajwant Singh (appellant in the other appeal) has been sentenced to imprisonment for life. No separate sentences under the other sections have been imposed on Unni but Rajwant Singh has been sentenced to four years ' rigorous imprisonment under sections 392 and 394, Indian Penal Code, with a direction that the sentences shall run concurrently with the sentence of imprisonment for life. [IN Abs:2112:retrieval 0000]",INSUFFICIENT_EVIDENCE: The retrieved sources do not provide enough information to answer this question.,[],,,,,0.0,,0.0,,,,,
LQA-094,False,medium,unanswerable,"Under the European Union AI Act rules that became applicable in 2025, which AI practices are prohibited and what exceptions apply?",0,"The European Union AI Act rules that became applicable in 2025 prohibit AI practices that pose a high risk to fundamental rights and freedoms, such as discrimination, privacy violations, and surveillance. The Act also prohibits AI practices that pose a high risk to safety, such as autonomous weapons systems and AI used in critical infrastructure. The Act allows for certain exceptions to these prohibitions, such as AI used in the public interest, such as for public safety, health, and security. The Act also allows for certain exceptions to these prohibitions, such as AI used in the public interest, such as for public safety, health, and security. [UK-Abs:uksc-2010-0106:retrieval-0016] 2. The European Union AI Act rules that became applicable in 2025 prohibit AI practices that pose a high risk to fundamental rights and freedoms, such as discrimination, privacy violations, and surveillance. The Act also prohibits AI practices that pose a high risk to safety, such as autonomous weapons systems and AI used in critical infrastructure. The Act allows for certain exceptions to these prohibitions, such as AI used in the public interest, such as for public safety, health, and security. [UK-Abs:uksc-2010-0106:retrieval-0016] 3. The European Union AI Act rules that became applicable in 2025 prohibit AI practices that pose a high risk to fundamental rights and freedoms, such as discrimination, privacy violations, and surveillance. The Act also prohibits AI practices that pose a high risk to safety, such as autonomous weapons systems and AI used in critical infrastructure. The Act allows for certain exceptions to these prohibitions, such as AI used in the public interest, such as for public safety, health, and security. [UK-Abs:uksc-2010-0106:retrieval-0016] 4. The European Union AI Act rules that became applicable in",INSUFFICIENT_EVIDENCE: The retrieved sources do not provide enough information to answer this question.,[],,,,,0.0,,0.0,,,,,
LQA-095,False,medium,unanswerable,What is the exact filing fee and online submission deadline for a civil appeal in the Calcutta High Court on 12 September 2026?,0,"The filing fee for a civil appeal in the Calcutta High Court on 12 September 2026 is Rs. 28,000 within four weeks from the date of the order. [IN Abs:328:retrieval 0001] 245",INSUFFICIENT_EVIDENCE: The retrieved sources do not provide enough information to answer this question.,[],,,,,0.0,,0.0,,,,,
LQA-096,False,medium,unanswerable,"According to the unpublished settlement agreement in the Raikot land-allotment dispute, what confidential compensation did each appellant receive?",0,"The appellants and their father Nand Singh were displaced persons from West Pakistan and got allotment of some land in the village Raikot, District Ludhiana on a temporary basis. Later, each of the appellants 1 to 3 was allotted 8 1/3 standard acres of land on a quasi permanent basis while Nand Singh, their father who was entitled to 41 standard acres and 7 units and to whom land to that extent had been temporarily allotted in the village Raikot was allotted the same acreage of land in the village Hambran which is situate at a distance of 25 or 30 miles from Raikot. Nand Singh made an application for revising the order under which this was done but he died in the year 1951, during the pendency of that application. The appellants as his legal representatives continued the application. That application was rejected and revision application made against the order passed thereunder was also rejected on the ground that after July 22, 1952 the Additional Custodian was not competent to cancel an allotment made in favour of any person except upon the grounds set out in r. 14(6) of the Evacuee Property Rules. Respondents 4 to 9 owned lands in Chak No. 127, G.B. Jaranwala, District Lyallpur and are also displaced persons. They were, therefore, allotted certain lands in the village Karodian as quasi permanent allottees. Subsequently some revenue papers were received from Pakistan from which it appeared that they were entitled to urban allotment. The Custodian, by reason of the divesting of the property, as from March 24, 1955, had become functus officio with respect to it and could not rectify any error made by him in the past in the matter of cancellation of allotment. It is true that had the appellants been in possession at the critical time they would have had the right to obtain",INSUFFICIENT_EVIDENCE: The retrieved sources do not provide enough information to answer this question.,[],,,,,0.0,,0.0,,,,,
LQA-097,False,hard,unanswerable,"I received a dismissal notice yesterday but have not provided my employment contract or jurisdiction; should I sue, and what damages will I receive?",0,"A contract of employment cannot ordinarily be enforced by or against an employer. The remedy is to sue for damages. [475B] Vine vs National Dock Labour Board, , 336; Francis vs Municipal Councillors etc., ; Executive Committee of Vaish Degree College, Shamli and Others vs Lakshmi and Ors., ; at 1020; referred to.",INSUFFICIENT_EVIDENCE: The retrieved sources do not provide enough information to answer this question.,[],,,,,0.0,,0.0,,,,,
LQA-098,False,hard,unanswerable,What reasoning will the UK Supreme Court use in its final judgment for an appeal that is still pending and has no judgment in the corpus?,0,"A final judgment does not lose its force as such because a superior court in a different case subsequently takes a view which shows that judgment to be wrong. A final judgment however wrong is still a final judgment. Its binding force does not depend upon its correctness. [687 F] Salaman vs Warner, ; Standard Discount Co. vs La Grange, ; , referred to.",INSUFFICIENT_EVIDENCE: The retrieved sources do not provide enough information to answer this question.,[],,,,,0.0,,0.0,,,,,
LQA-099,False,hard,unanswerable,"Using an unpublished 2026 Indian Supreme Court judgment and an unreported 2025 UK judgment, compare the exact damages awarded in both cases.",0,"In the instant case, the appellant filed a writ petition in the High Court under Article 227 of the Constitution of India challenging the order of the respondent refusing to grant the injunction. The Division Bench held that the Court in arbitration proceedings was not competent to issue an injunction restraining the respondent from withholding the amount due to the appellant contractor under other pending bills. The only remedy of the appellant was to proceed outside the arbitration proceedings for the payments due under the pending bills from the respondent. The appellant filed an appeal before the Supreme Court against the order of the Division Bench. The appellant contended that the Division Bench had wrongly held that the Court in arbitration proceedings was not competent to issue an injunction restraining the respondent from withholding the amount due to the appellant contractor under other pending bills. The respondent contended that the Division Bench had rightly held that the Court in arbitration proceedings was not competent to issue an injunction restraining the respondent from withholding the amount due to the appellant contractor under other pending bills. The appellant contended that the Division Bench had wrongly held that the Court in arbitration proceedings was not competent to issue an injunction restraining the respondent from withholding the amount due to the appellant contractor under other pending bills. The respondent contended that the Division Bench had rightly held that the Court in arbitration proceedings was not competent to issue an injunction restraining the respondent from withholding the amount due to the appellant contractor under other pending bills. The appellant contended that the Division Bench had wrongly held that the Court in arbitration proceedings was not competent to issue an injunction restraining the respondent from withholding the amount due to the appellant contractor under other pending bills. The respondent contended that the Division Bench had rightly held that the Court in arbitration proceedings was not competent to issue an injunction restraining the respondent from withholding the amount due to the appellant contractor under other pending bills. The appellant contended that the Division Bench had wrongly held that the Court in arbitration proceedings was not competent to issue an injunction restraining the respondent from withholding the amount due to the appellant contractor under other pending bills. The respondent contended that the Division Bench had rightly held that the Court in arbitration proceedings was not",INSUFFICIENT_EVIDENCE: The retrieved sources do not provide enough information to answer this question.,[],,,,,0.0,,0.0,,,,,
LQA-100,False,hard,unanswerable,"In the case where a company disputed a tax assessment, which judge dissented and what paragraph contained the dissent, without any party name, statute, year or court information?",0,"The distinction really consists in a change of opinion unsupported by subsequent information on the one hand and a change of opinion based on information subsequently obtained, on the other. In the former class of cases, the assessment proceedings are attempted to be re opened without the discovery of an error and without receiving any information as to fact or law. Such a reopening is based on a ""mere"" change of opinion and is without jurisdiction. In the latter class of cases, the reopening is based on information leading to the requisite belief and is therefore within the jurisdiction of the officer. [IN-Abs:3404:retrieval-0036] 2. Such external source would include discovery of new and important matters or knowledge of fresh facts which were not present at the time of the original assessment; (4) where the information may be obtained even from the record of the original assessment from an investigation of the materials on the record, or the facts disclosed thereby or from other enquiry or research into facts or law. [IN-Abs:6681:retrieval-0012] 3. The expression ""information"" in the context in which it occurs means instruction or knowledge derived from an external source concerning facts or particulars, as to law relating to a matter bearing on the assessment. Jurisdiction of the Income tax officer to reassess income arises if he has in consequence of information in his possession reason to believe that income chargeable to tax has escaped assessment. [IN-Abs:3404:retrieval-0025] 4. The principle of res judicata applies to the facts and circumstances of the case in favour of the respondent Corporation on the principle established by the decision in Ramsden vs Dyson, ; , adopted by Jenkins C.J. in The Municipal Corporation of the City of Bombay vs The Secretary of State, , and which equity was, on the authorities, binding on the Crown. [IN-Abs:47:retrieval-0008] 5. The principle of res jud",INSUFFICIENT_EVIDENCE: The retrieved sources do not provide enough information to answer this question.,[],,,,,0.0,,0.0,,,,,
