benchmark_id,difficulty,question_type,question,relevant_case_rank,answer,reference_answer_with_citations,bertscore_f1,citation_precision,citation_coverage,grounding_support_proxy,legal_correctness_1_to_5,completeness_1_to_5,citations_correct_0_or_1,reviewer_notes
LQA-084,hard,multi_issue_synthesis,"In the context of the European Union's Regulation No 44/2001, can the English court's decision to refuse a stay under Article 28 be overturned if the Greek proceedings are found to be materially different in both cause of action and legal nature, and what factors must be considered to determine whether the claims under Article 27 are irreconcilable?",1,"The appellants and respondents were involved in a series of disputes arising out of insurance contracts. The appellants commenced proceedings in England for declarations that the Greek claims were compromised and that the tort claims had been settled. The appellants appealed to the Court of Appeal. The Court of Appeal held that it was bound to stay the action under Article 27, but declined to consider the issues relevant to summary judgment on the ground that, if there was to be a stay, those issues should be determined by the courts in Greece. The appellants appealed to the Supreme Court. The respondents cross appealed under Article 28. The appellants contended that the English court was second seized for the purpose of Article 28 and that a stay should be granted as a matter of discretion. The respondents submitted that the English court was second seized for the purpose of Article 28 and that a stay should be granted as a matter of discretion. The appellants contended that the English court was second seized for the purpose of Article 28 and that a stay should be granted as a matter of discretion. The respondents submitted that the English court was second seized for the purpose of Article 28 and that a stay should be granted as a matter of discretion. The appellants contended that the English court was second seized for the purpose of Article 28 and that a stay should be granted as a matter of discretion. The respondents submitted that the English court was second seized for the purpose of Article 28 and that a stay should be granted as a matter of discretion. The appellants contended that the English court was second seized for the purpose of Article 28 and that a stay should be granted as a matter of discretion. The respondents submitted that the English court was second seized for the purpose of Article 28 and that a stay should be granted as a matter of discretion. The appellants contended that the English court was second seized for the purpose of Article 28 and that a stay should be granted as a matter of discretion. The respondents submitted that the English court","On 3 May 2006, the vessel Alexandros T sank and became a total loss 300 miles south of Port Elizabeth with considerable loss of life.
Her owners were Starlight Shipping Company (Starlight).
Starlight made a claim against their insurers, who denied liability on the basis that the vessel was unseaworthy with the privity of Starlight.
In response, Starlight made a number of serious allegations against their insurers including allegations of misconduct involving tampering with and bribing of witnesses.
On 15 August 2006, Starlight issued proceedings in the Commercial Court against various insurers (the 2006 proceedings).
One group of insurers was described as the Company Market Insurers (CMI) and the other group was described as the Lloyds Market Insurers (LMI).
Before the hearing, the 2006 proceedings were settled between Starlight and the insurers and the proceedings were stayed by way of a Tomlin Order.
In April 2011, nine sets of Greek proceedings, in materially identical form, were issued by Starlight although they were expressed as torts actionable in Greece.
The insurers sought to enforce the earlier settlement agreements.
Starlight applied for a stay of these proceedings, firstly pursuant to Article 28 then Article 27 of Council Regulation (EC) No 44/2001 (the Regulation) The judge refused to grant a stay under Article 28 and gave summary judgment to the insurers.
The Court of Appeal held that it was bound to stay the 2006 proceedings under Article 27, which provides for a mandatory stay, and it was not therefore necessary to reach a final determination of the position under Article 28.
Before the Supreme Court, the insurers challenge the correctness of the Court of Appeals conclusion under Article 27 and submit that the judge was correct to refuse a stay under Article 28.
Starlight cross appeal on the Article 28 point.
Subject to the possibility of a reference to the CJEU on some limited questions, the Supreme Court unanimously allows the CMIs and LMIs appeal.
Lord Clarke gives the lead judgment, with which Lord Sumption and Lord Hughes agree.
Lord Neuberger agrees adding a short judgment of his own.
Lord Mance agrees with the result.
Article 27 Article 27 must be construed in its context.
The purpose of Article 27 is to prevent the courts of two Member States from giving inconsistent judgments and to preclude, so far as possible, the non
recognition of a judgment on the ground that it is irreconcilable with a judgment given by the court of another Member State [23, 27].
In the case of each cause of action relied upon, it is necessary to consider whether the same cause of action is being relied upon in the Greek proceedings.
In doing so, the defences advanced in each action must be disregarded [29].
The essential question is whether the claims in England and Greece are mirror images of each other and thus legally irreconcilable [30].
There are three heads of claim in England: indemnity, exclusive jurisdiction and release [32].
None of the causes of action relied upon in the Greek proceedings has identity of cause or identity of object with the CMIs claim for an indemnity.
The subject matter of the claims is different.
The Greek proceedings are claims in tort (or its Greek equivalent) and the claims in England are claims in contract.
As to object, that of the Greek proceedings is to establish a liability under Greek law akin to tort, whereas the object of the CMIs claim is to establish a right to be indemnified in respect of such a liability and to claim damages for breach of the exclusive jurisdiction clauses [34].
The same is true of the CMIs claims in respect of the exclusive jurisdiction clauses in the settlement agreement and/or in the insurance policies [36].
The causes of action based upon an alleged breach of the settlement agreement are not the same causes of action as are advanced in Greece [37].
The same is also true of the claims based on the release provisions in the CMI settlement agreement [40].
The Greek claims are claims in tort and the English proceedings are contractual claims.
The factual bases for the two claims are entirely different.
Moreover, the object of the two claims is different [41].
The Supreme Court is unanimous that that is the position with regard to the claims for damages for breach of the release provisions in the settlement agreements.
However, in so far as the insurers claim declarations, while the majority reaches the same conclusion, Lord Mance reaches a different conclusion on the basis that the claims for declarations in the two jurisdictions are mirror images of each other.
The court unanimously decides that, unless the insurers abandon those claims for declarations, the relevant question should be referred to the CJEU for an opinion [59].
In the event, the CMI have now abandoned their claims for declarations based on the release provisions and it is not necessary to refer the question to the CJEU.
It follows that the CMIs appeals under Article 27 are allowed.
The position of the LMI is essentially the same as in the case of the CMI [55].
If the LMI do the same within the time permitted, their appeals will also be allowed under Article 27.
A similar position has been reached in respect of LMIs submission that the appeals under Article 27 should have been rejected by the Court of Appeal as being too late [123].
Article 28 The discretion to stay claims under Article 28 is limited to any court other than the court first seised [74].
On the assumption that the English court is second seised for the purposes of Article 28, the question arises whether the actions should be stayed as a matter of discretion [91].
The circumstances of each case are of particular importance but the aim of Article 28 is to avoid parallel proceedings and conflicting decisions.
In a case of doubt it would be appropriate to grant a stay [92].
However, the natural court to consider the issues raised by CMI and LMI is the High Court in England because they raise contractual questions governed by English law and because it is at least arguable that the parties have agreed that they should be decided by the High Court, where the proceedings are more advanced than in Greece [96].
The decision of the judge in refusing a stay under Article 28 is upheld and the cross appeal is dismissed [97, 125].

Sources: [UK-Abs:uksc-2013-0023:retrieval-0001] [UK-Abs:uksc-2013-0023:retrieval-0017] [UK-Abs:uksc-2013-0023:retrieval-0008] [UK-Abs:uksc-2013-0023:retrieval-0013] [UK-Abs:uksc-2013-0023:retrieval-0014] [UK-Abs:uksc-2013-0023:retrieval-0019]",0.82141626,0.0,0.0,0.0,,,,
LQA-054,medium,precedent_application,"In a case where a woman was found dead with signs of poisoning, and the prosecution alleged that her husband and his mother subjected her to harassment and demanded money for household expenses, how was the legal principle under Section 304-B IPC, read with Section 34 IPC, applied to determine if the accused were liable for her death?",2,"The prosecution alleged that the deceased was subjected to harassment and demanded money for household expenses. The trial court acquitted the accused. On appeal, the High Court convicted and sentenced the accused under section 304B read with section 34 IPC. The accused appealed to this Court. Allowing the appeal, ^ HELD: 1. The evidence on record does not indicate that the police had any reason to favour the accused and deliberately omitted to mention about the alleged demand of money while recording the statement of PW 5 under section 161 Cr. The evidence shows that the accused come from very humble background and they could not have exerted any kind of influence financial or otherwise upon the police so as to manage a statement favourable to them when in the course of investigation the statements of witnesses were being recorded under section 161 Cr. Accepting the statements of father and mother on their face value that utmost which can be held is that the appellant No. 1 had asked his wife to bring money for meeting domestic expenses and for purchasing manure. [803C D] 2.1 The two essential ingredients of section 304B IPC apart from others are (i) death of a woman is caused by any burns or bodily injury or occurs otherwise than under normal circumstances and (ii) woman is subjected to cruelty or harassment by her husband or any relative of her husband for or in connection with any demand for dowry. [803E F] 2.2 In the instant case, the evidence does not disclose that the deceased was subjected to any cruelty or harassment by the accused for or in connection with any demand for dowry. [803G H] 2.3 The prosecution has failed to establish the foundational facts required to be proved under section 113B of the Evidence Act. [804A B] 2.4 The High Court was wrong in holding that the accused were liable for the death of the deceased under section 304B read with section 34 IPC. [","FACTS
this appeal, by special leave, has been preferred against the judgment and order of bombay high court (aurangabad bench), by which the appeal preferred by the appellants was dismissed and their conviction under section 304-b read with section 34 ipc and sentence of 7 years ri imposed thereunder by the learned sessions judge, aurangabad, was affirmed.
the deceased was daughter of pw.1 and she was married to appellant no. 1. about two and half years prior to the date of incident
the appellant no. 2, is the mother of the appellant no. 1 and both the appellants were residing in the same house.
according to the case of prosecution, a sum of rs. 5000 and some gold ornaments had been given at the time of marriage of bhimabai.
for about six months bhimabai was treated well but thereafter the accused started asking her to bring rs. 1,000-1,200 from her parents to meet the household expenses and also for purchasing manure.
the case of the prosecution futher is that in the evening of 15 september 1991 a person came from village palshi on a motorcycle and informed pw.1 that bhimabai was unwell.
pw.1 then immediately went to the house of the accused along with some of his relatives.
there he saw that bhimabai was lying dead and froth was coming out of her mouth which indicated that she had consumed some poisonous substance.
the police patil of the village pw.3 lodged an accidental death at the police station.
on the basis of the said accidental death report, pw.6 sandeepan kamble, police sub-inspector, visited the house of the accused, held inquest on the dead body of bhimabai, and thereafter sent the same for post-mortem examination.

ARGUMENT
the insecticide thimet is extensively used by the farmers for preservation of crop and is kept stored in their houses and it could be a case where thimet accidentally got mixed with some food item and was consumed by bhaimabai.
no offence under section 306 ipc is made out against the appellants.

ISSUE
conviction of accused under section 304-b read with section 34 ipc

ANALYSIS
the main witnesses regarding the alleged demand of money and also harassment and beating to bhimabai are her father and mother.
they had said that whenever his daughter came to her parental home, she used to complain that she was being subjected to harassment by the appellants on account of some ""domestic reasons"" and further that her husband had told her that while coming back from her parental home she should bring rs. 1,000-1,200 for expenses and for manure as he had no sufficient money.
it is important to note that in her statement under section 161 cr. p.c. which was recorded on the very next day of the death of bhimabai, this witness did not state that the cause for ill-treatment was ""a demand for money and a consequent beating.
the evidence on record does not indicate that the police had any reason to favour the accused and deliberately omitted to mention about the alleged demand of money while recording the statement of pw.5 sumanbai under section 161 cr.
the evidence shows that the accused come from very humble background and they could not have exerted any kind of influence, financial or otherwise, upon the police so as to manage a statement favourable to them when in the course of investigation the statements of witnesses were being recorded under section 161 cr.
in view of the aforesaid definition of the word ""dowry"" any property or valuable security should be given or agreed to be given either directly or indirectly at or before or any time after the marriage and in connection with the marriage of the said parties.
therefore, the giving or taking of property or valuable security must have some connection with the marriage of the parties and a correlation between the giving or taking of property or valuable security with the marriage of the parties is essential.
since an essential ingredient of section 304-b ipc viz. demand for dowry is not established, the conviction of the appellants cannot be sustained.
the appellants were also charged under sections 498-a and 306 read with section 34 ipc but were acquitted of the said charges by the learned sessions judge, which order has attained finality for the reason that the state did not prefer appeal against the same.
the appeal before the high court and also in this court has been preferred by the appellants challenging their conviction under section 304-b read with section 34 ipc.
therefore, we have refrained from expressing any opinion as to whether the appellants could be held guilty of having committed the offence under section 498-a or 306 ipc on the basis of evidence available on record as their acquittal under the aforesaid charges has attained finality and cannot be reversed in the appeal filed by the appellants challenging their conviction under section 304-b ipc.

STATUTE
two essential ingredient of section 304-b ipc, apart from others, are (i) death of women is caused by any burns or bodily injury or occurs otherwise than under normal circumstances, and (ii) women is subjected to cruelty or harassment by her husband or any relative of her husband for, or in connection with, any demand for ""dowry.
the explanation appended to sub-section (1) of section 304-b ipc says that ""dowry"" shall have the same meaning as in section 2 of dowry prohibition act, 1961.
section 2 of dowry prohibition act reads as under :- ""2. definition of ""dowry"" - in this act ""dowry"" means any property or valuable security given or agreed to be given either directly or indirectly- (a) by one party to a marriage to the other party to the marriage; or (b) by the parent of either party to a marriage or by any other person, to either party to the marriage or to any other person, at or before or any time after the marriage in connection with the marriage of the said parties, but does not include dowry or mahr in the case of persons to whom the muslim personal law (shariat) applies.

Sources: [IN-Ext:2007_S_608:retrieval-0000] [IN-Ext:2007_S_608:retrieval-0001] [IN-Ext:2007_S_608:retrieval-0008] [IN-Ext:2007_S_608:retrieval-0033] [IN-Ext:2007_S_608:retrieval-0035] [IN-Ext:2007_S_608:retrieval-0005]",0.8237468,0.0,0.0,0.0,,,,
LQA-071,easy,procedural_history,How did the matter reach the Supreme Court after the Employment Appeal Tribunal and Court of Appeal decisions?,2,"The appellant 's appeal to the Supreme Court was granted special leave and the matter came up before the Court. [IN-Abs:1088:retrieval-0003] 2.1 Matters contained in Sch. III of the Act, which includes employment, are covered by the jurisdiction of the Industrial Court. [IN Abs:1088:retrieval 0003] 2.2 The principles of European Union Law which arise for consideration in this case are clear. There must in particular be effective legal protection in respect of the rights not to be discriminated against which Mr Tariq invokes, and, so far as guidance is necessary, it is to be found for the relevant purposes in the European Convention on Human Rights and the case law of the European Court of Human Rights. The principles which the European Court of Human Rights would apply in the area of national security have been confirmed recently by the decision in Kennedy. The questions before the Supreme Court involve the application of such principles to the circumstances of this case, and in particular to the closed material procedure involving a special advocate which the Employment Tribunal has ordered. There is on this basis no question of interpretation of the European Treaties which calls for a reference under article 267 as explained by the Court of Justice in Case 283/81 Srl CILFIT v Ministry of Health [1982] ECR 3415. [UK Abs:uksc 2010 0106:retrieval 0072] 3.1 The Home Office 's case is that there was no such discrimination, that the decisions taken in relation to Mr Tariq were taken for the purposes of safeguarding national security, and that the order for a closed material procedure made by the Employment Tribunal (on the Home Offices application) on 15 February 2008 was made justifiably and for the same protective purposes. [UK Abs:uksc 2010","This appeal concerns the permissibility of a procedure whereby a claimant in employment tribunal proceedings may be excluded along with his representatives from certain aspects of those proceedings on grounds of national security.
In particular the question arises as to whether such a procedure, known as a closed material procedure, is compatible with European Union law and the European Convention on Human Rights.
Mr Tariq was employed as an immigration officer with the Home Office until 2006 when he was suspended and his security clearance withdrawn.
The background for these decisions was the arrest of Mr Tariqs brother and cousin during an investigation into a suspected plot to mount a terrorist attack on transatlantic flights.
Mr Tariqs cousin was convicted in 2008 of various offences in relation to that plot.
No information suggested that Mr Tariq had himself been involved in any terrorism plot.
Mr Tariq commenced proceedings in the Employment Tribunal claiming direct and indirect discrimination on grounds of race and religion.
He alleged that the Home Office had relied on stereotypical assumptions about him, Muslims and individuals of Pakistani origin such as susceptibility to undue influence and that the Home Office had indirectly discriminatory policies and procedures.
The Home Office denied this and stated that its decisions were based on Mr Tariqs association with individuals suspected of involvement in terrorist activities and the risk of their attempting to exert influence on him to abuse his position.
Section 10(6) of the Employment Tribunals Act 1996 provides that the Secretary of State may make regulations that enable a tribunal to adopt a closed material procedure if it considers this expedient in the interests of national security.
Rule 54(2) of Schedule 1 to the Employment Tribunals (Constitution and Rules of Procedure) Regulations 2004 (the Regulations) provides for the adoption of a closed material procedure if the tribunal so orders.
Schedule 2 provides for the use of special advocates, whose role is to represent a claimants interests so far as possible in relation to the aspects closed to him and his representatives.
The Employment Tribunal made an order for a closed material procedure, directing that Mr Tariq and his representatives should be excluded from the proceedings when closed evidence or documents were being considered.
Mr Tariq appealed the order to the Employment Appeal Tribunal.
The appeal was dismissed and a further appeal was dismissed by the Court of Appeal.
The Court of Appeal, however, declared that Article 6 of the European Convention on Human Rights required Mr Tariq to be provided with the allegations being made against him in sufficient detail to enable him to give instructions to his legal team so that those allegations can be challenged effectively.
This requirement is known as gisting.
The Home Office appealed to the Supreme Court against the declaration and Mr Tariq cross appealed against the conclusion that a closed material procedure was permissible.
The Supreme Court by a majority of 8 1 allows the Home Offices appeal and sets aside the declaration made by the Court of Appeal requiring the provision of a gist.
Lord Kerr dissents.
The Supreme Court unanimously dismisses Mr Tariqs cross appeal, holding that a closed material procedure is compatible with Article 6 of the European Convention on Human Rights and EU Law.
Mr Tariqs Cross Appeal The issue in the cross appeal was whether the provisions in the Regulations providing for a closed material procedure were contrary to EU law or the European Convention on Human Rights.
It is a basic principle of EU law that national law should provide effective legal protection of EU law rights.
Those rights include the right not to be discriminated against on grounds of race or religion.
As to whether the closed material procedure provided effective legal protection, the case law of the European Court of Justice is clear that EU law will look for guidance on the subject in the case law of the European Court of Human Rights.
That Court has established in a line of cases culminating in Kennedy v UK that the demands of national security may necessitate a system for determining complaints under which a claimant is, for reasons of national security, unable to know the secret material by reference to which his complaint is determined.
The tests are whether the system is necessary and whether it contains sufficient safeguards.
On the facts, both were satisfied.
The system was necessary because security vetting is a highly sensitive area in which integrity of sources of information and the means of obtaining it must be protected.
The alternatives of the Home Office routinely having to pay unmeritorious claims or the courts refusing to hear claims at all are not possibilities that the law should readily contemplate.
The rule of law must, so far as possible, stand for the objective resolution of civil disputes on their merits by a court which has before it material enabling it to do so.
The system contained sufficient safeguards in the form of special advocates, who can usefully protect the claimants interests.
For these reasons the use of the closed material procedure in this case was lawful and the cross appeal must be dismissed.
The Home Offices Appeal The question in the appeal was whether there is an absolute requirement that a claimant should be able to see the allegations against him in sufficient detail to give instructions to his legal team to enable the allegations to be challenged effectively.
Mr Tariq argued that the European Convention on Human Rights contained such a principle.
The Supreme Court, however, held that the line of cases culminating in Kennedy v UK recognised that there was no absolute requirement.
Article 6 of the European Convention on Human Rights provides the right to a fair trial.
The European Court of Human Rights has held that where the liberty of the subject is involved, Article 6 requires the provision of a gist as described by the Court of Appeal.
In cases such as the present not involving the liberty of the subject, however, the question is whether the use of the closed material procedure will impair the very essence of the right to a fair trial.
That cannot be said to be so in this case, as Mr Tariqs claim will be determined by an independent and impartial tribunal and the disadvantages that the procedure gives rise to will as far as possible be minimised.
The appeal was therefore allowed.
Lord Kerr dissented.
He held, first, that the withholding of information from a claimant which is then deployed to defeat his claim is a breach of his fundamental common law right to a fair trial.
The removal of that right can only be achieved by legislation framed in unambiguous language.
Secondly, such withholding also constitutes a breach of a claimants Article 6 right to a fair trial.
Kennedy v UK was an anomaly.
Lord Kerr would therefore have dismissed the appeal.

Sources: [UK-Abs:uksc-2010-0106:retrieval-0000] [UK-Abs:uksc-2010-0106:retrieval-0074] [UK-Abs:uksc-2010-0106:retrieval-0075] [UK-Abs:uksc-2010-0106:retrieval-0001] [UK-Abs:uksc-2010-0106:retrieval-0099] [UK-Abs:uksc-2010-0106:retrieval-0097]",0.81740034,1.0,0.1111111111111111,0.0,,,,
LQA-046,medium,legal_issue,"Did the appellants' actions constitute terrorism under Section 3 of the Terrorist and Disruptive Activities Act, 1987, given the use of lethal weapons and the resulting death and injuries?",6,"Section 3(1) of the Terrorist and Disruptive Activities (Prevention) Act, 1987 defines a 'terrorist act ' to mean an act or thing done with intent to overawe the Government as by law established or to strike terror in the people or any section of the people or to alienate any section of the people or to adversely affect the harmony amongst different sections of the people, by using any of the lethal weapons mentioned therein in such a manner as to cause death of or injuries to any person or persons. Section 3(2) provides that whoever commits a terrorist act shall, if such act has resulted in the death of any person, be punishable with death or imprisonment for life and shall also be liable to fine. [640B C] 2. Section 3(1) of the Act requires that the act or thing must be done with intent to overawe the Government as by law established or to strike terror in the people or any section of the people or to alienate any section of the people or to adversely affect the harmony amongst different sections of the people. [640C D] 3. Section 3(1) of the Act requires that the act or thing must be done by using any of the lethal weapons mentioned therein in such a manner as to cause death of or injuries to any person or persons. [640D E] 4. Section 3(2) of the Act provides that whoever commits a terrorist act shall, if such act has resulted in the death of any person, be punishable with death or imprisonment for life and shall also be liable to fine. [640E F] 5. Section 4(1) of the Act prescribes the penalty for indulging in any disruptive activity. Section 4(2) defines a disruptive activity to mean any action taken in whatever manner which questions, disrupts or is intended to disrupt, whether directly or indirectly, the sovereignty and territorial integrity of India, or which is intended to bring about or","FACTS
twelve accused persons were tried for offences under section 302,307/149,324,147,148 and section 3 of terrorist and disruptive activites. prevention) act,1987 (hereinafter referred to as 'tada') by the learned designated judge,pune.
out of the said twelve accused,6 accused were acquitted of all the charges while the five appellants herein namely,bonkya alias bharat shivaji mane (a-5),mandu baliba dombe (a-8),ashok baloba dombe (a-9),ranjar bhausaheb dombe (a-10) and kaka alias pandurang baloba dombe (a-11) were convicted for offences under section 302/307/149 ipc and section 3 of tada and sentenced to suffer life imprisonment and to pay a fine of rs.5,000/-each for the offence under section 302/149 ipc.
10 years ri and a fine of rs.5,000/-each for the offence under section 307/149 ipc; 2 years ri for the offence under section 324/149 ipc and life imprisonment and fine of rs.5,000/-each for the offence under section 3 of tada.
in default of payment of fine on each of the counts,the appellants were to undergo further ri for two years each.
the substantive sentences of imprisonment were however directed to run concurrently. one accused died during the pendency of the trial.
anna shety band patte,mukesh,ramesh and prakash band patte had gone to the vrindavan video parlour for watching a movie.
the accused a-6,a-10 and a-11 alongwith one other person were also present at the video parlour. there was an altercation between the accused and the complainant party when the leg of kaka dombe (a-11) dashed against the leg of anna shety band patte. pw.
both the prosecution witnesses as well as. the accused party left the video parlour threatening each other.
the complainant party went towards jagdamba hotel owned by waman band patte pw.at that time baban karpe,bajrang band patte,sanjay mane,ramesh pawar were also present near the hotel.
at about 4.00 p.m.,the appellants and other accused persons allegedly armed with swords,satturs and sticks arrived there in two auto-rickshaws and one jeep.
on the arrival of accused party anna shetty ran away. appellants a-5,a-10 and a-11 thereafter assaulted bajrang band patte (pw-14) on his head in front of the hotel.
they also assaulted baban karpe (pw-9) and popat deceased,who had run away to the math,after chasing them in the auto rickshaws and the jeep.
it is alleged that a-5,a-10 and a-11 assaulted popat deceased with the swords on his head and thighs and when baban tried to intervene he was also assaulted and he received a blow with the sattur near his knee.
he ran away to conceal himself.
bajrang (pw-14) was taken to the hospital by waman pw-15,ramesh pw-11 and prakash pw-2,whereas popat deceased who was seriously injured and had fallen down unconscious after receipt of the injuries was removed to the hospital by the police when it arrived at the spot a little later.
all the injured persons were admitted to the hospital.
police inspector joshi arrived at the hospital and baban karpe pw-9 narrated the occurrence to him.
the inquest on the dead body of popat was conducted and the body was sent for post-mortem examination.
the jeep allegedly used by the accused party was later found in front of the house of accused baloba dombe,a-1 (who died subsequently).
one sword,stained with blood and two blood stained sticks were recovered from the said jeep.
an auto-rickshaw bearing registration no.mwq-5624 belonging to manik bhende-gavali was found abandoned in a damaged condition with broken glasses.
the accused were searched for but could not be traced.
they were subsequently arrested on different dates.
on a disclosure statement made by a-11 before the police and the panches under section 27 of the evidence act and on his pointing out a sword was recovered from the field at korti,where it lay buried.

ARGUMENT
the prosecution alleged that the accused party with an intent to commit terror in the wadar community had committed the murder of popat and injured pw-9 and pw-14,by using lethal weapons and had thereby committed terror in the wadar community and,thus,committed an offence under section 3 of tada.
according to a-2,a-3,a-5,a-6 and a-7 they had been identified by pw-9,during the identification parade,at the instance of the police.a-4 alleged false implication at the instance of pw-15 waman while a-8 alleged false implication at the hands of the police with a view to pressurise him to withdraw a complaint concerning the murder of his brother and 5 others allegedly committed by the police.
a-9 also put forward a similar defence,while a-10 alleged that the police had instituted a false case against him at the instance of narayan dhotare,according to a-11,also the witnesses had deposed falsely against him at the instance of narayan dhotare.

ISSUE
the appeal under section 19 of tada,the appellants have called in question their conviction and sentence

ANALYSIS
that the incident arose out of a petty altercation between a-11 and his three companions with pw-10 and his three companions at the video parlour and later on led in the homicidal death of popat band patte on 11 august 1990 and injuries to pw9 and pw14 was neither disputed before the learned designated court nor before the present court.
from the post-mortem report, the deceased had four incised injuries which had caused extensive damage to his internal organs
the testimony of pw9 to pw-15 regarding the incident at the video parlour is cogent and trustworthy and nothing has been brought out during the cross-examination of these witnesses which may cast any doubt about the correctness of the version given by them regarding the incident at the video parlour.
the designated court rightly found the participation of a-1,a-5,a-8,a-9 and a-11,in the assault,to have been positively established. however,so far as a-10 is concerned, there is merit in the submissions of the learned counsel for the appellant that his identify and participation in the assault has not been established beyond a reasonable doubt.
the name of a-10 does not figure specifically in the statement of baban pw-9,which formed the basis of the fir.
the prosecution has been able to establish its case against a-5,a-8,a-9 and a-11 and the deceased a-1 beyond a reasonable doubt.
the designated court fell in error in holding that an offence under section 3 of tada had been committed by the accused-appellants in the established facts and circumstances of this case.
merely because the deceased and the two injured witnesses belong to wadar community,no inference could be drawn that the attack by the appellants on them was intended to strike terror in a section of the society,namely,the wadar community.
in hitendra vishnu thakur and others vs. state of maharashtra. and others [(1994) 4 scc,602. 1994 indlaw sc 1706 this court opined that the criminal activity in order to invoke tada must be committed with the requisite intention as contemplated by section 3(1) of the act by use of such weapons as have been enumerated therein and which cause or are likely to result in the commission of offences as mentioned in that section.
appellants no.1 (a-5),2 (a-8),3 (a-9) and. 5 (a-11) had alongwith the deceased accused a-1 and some others,about whose identity there has been some doubt,formed an unlawful assembly and in furtherance of the common object of that assembly committed the murder of popat deceased besides causing injuries to pw9 and pw14.
in the result,the appeal succeeds insofar as a-10 (appellant no.4) is concerned.
he is given the benefit of doubt and acquitted of all the charges against him.
he shall be released from custody forthwith if not required in any other case.
the conviction and sentence of appellants no.1,2,3 and 5 for the offence under section 3 tada is also set aside but their conviction and sentence for the other offences as recorded by the designated court is upheld and to that extent their appeals fail.
section 19 of tada shows that an appeal against the judgment,sentence or order,of the designated court (except an interlocutory order) shall lie on facts and on law to the supreme court and that no appeal or revision shall lie to any other court.
in the face of this express provision,there is no scope to urge that the appeal may be transferred to the high court because of the acquittal of the appellants for the offence punishable under section 3 tada.
under section 12 of tada the designated court has the jurisdiction not only to try the cases under tada but also to try offences under the indian penal code if the offence under tada is connected with such other offences.
the amplitude of powers available to this court under article 142 of the constitution of india is normally speaking not conditioned by any statutory provision but it cannot be lost sight of that this court exercises jurisdiction under article 142 of the constitution with a view to do justice between the parties but not in disregard of the relevant statutory provisions.
the transfer of the appeal to the high court,after hearing the appeal on merits and finding that section 3 of tada on the basis of the evidence led by the prosecution,was not made out,is neither desirable nor proper nor permissible let alone justified.
final judgment
the submission of the learned counsel is devoid of merits and is consequently rejected.

STATUTE
the court found the said appellants guilty of the offences under section 302/149,307/149 and section 324/149. ipc.
provisions of section 19 of tada. section 19 (1) and (2) of tada read as follows. 19.appeal - (1) notwithstanding anything contained in the code,an appeal shall lie as a matter of right from any judgment,sentence or order,not being an interlocutory order,of a designated court to the supreme court both on facts and on law. 2) except as aforesaid,no appeal or revision shall lie to any court from any judgment,sentence or order including an interlocutory order of a designated court.

Sources: [IN-Ext:1995_S_317:retrieval-0000] [IN-Ext:1995_S_317:retrieval-0001] [IN-Ext:1995_S_317:retrieval-0046] [IN-Ext:1995_S_317:retrieval-0057] [IN-Ext:1995_S_317:retrieval-0003] [IN-Ext:1995_S_317:retrieval-0059]",0.78436476,0.0,0.0,0.0,,,,
LQA-045,easy,facts,"What distinctive facts led to the dispute regarding the admission criteria for minority educational institutions and the application of the interim order issued on May 14, 1993?",1,"The petitioners challenged the applicability of the scheme framed by this Court in J.P. Unni Krishnan vs State of A.P., ; , as well as the applicability of the rules and orders made by several State Governments on the basis of the said decision. The Court issued notice to the Attorney General of India as well as the Advocates General for the States. The Court also directed the State Government to submit a report on the minority character of the educational institutions. The Court also directed the State Government to submit a report on the minority character of the educational institutions. The Court also directed the State Government to submit a report on the minority character of the educational institutions. The Court also directed the State Government to submit a report on the minority character of the educational institutions. The Court also directed the State Government to submit a report on the minority character of the educational institutions. The Court also directed the State Government to submit a report on the minority character of the educational institutions. The Court also directed the State Government to submit a report on the minority character of the educational institutions. The Court also directed the State Government to submit a report on the minority character of the educational institutions. The Court also directed the State Government to submit a report on the minority character of the educational institutions. The Court also directed the State Government to submit a report on the minority character of the educational institutions. The Court also directed the State Government to submit a report on the minority character of the educational institutions. The Court also directed the State Government to submit a report on the minority character of the educational institutions. The Court also directed the State Government to submit a report on the minority character of the educational institutions. The Court also directed the State Government to submit a report on the minority character of the educational institutions. The Court also directed the State Government to submit a report on the minority character of the educational institutions. The Court also directed the State Government to submit a report on the minority character of the educational institutions. The Court also directed the State Government to submit a report on the minority character of the educational institutions. The Court also directed the","FACTS
for admission in the last academic session 1993-94,an interim order in the following terms was made by a bench comprising hon'ble the chief justice and justice b.p.jeevan reddy on may 14,1993 in writ petition.
there will be an interim order in the following terms.
(i) fifty per cent of the total intake in the petitioners' educational institutions shall be permitted to be filled up by candidates selected by the agencies of the state government on the basis of a competitive examination/test.
the candidates so selected and admitted shall pay scales of fee as applicable to this class of students as determined by the state government from time to time.
(ii) the remaining fifty per cent of the intake may be regulated by the petitioners to admit candidates belonging to the particular religious or linguistic minority.
however,the selection shall be made strictly on the basis of merit among the candidates seeking admission to the institutions.
such merit shall be determined on the basis of the academic performance at the qualifying examination; or on the basis of any objective test that the institution might itself apply to determine such relative and competing merits; or on the basis of performance of the results of the selection tests that the state government may itself hold for selecting candidates for admission to technical colleges in the state.
it is optional for the petitioners to adopt any one of these three modes and apply it uniformally.
candidates so selected on the basis of merit amongst the minorities shall,however,abide by such condition in the matter of payment of tuition and other fee as may be permitted by the state government.
thereafter the matter was considered by the constitution bench.
in that order the writ petitions placed before the bench were categorised into five categories,namely,(1) unaided minority educational institutions,(2) minority educational institutions which are in receipt of state funds by way of aid,(3) minority educational institutions in respect of which it is not clear from the averments in the writ petitions whether they are aided or unaided institutions,(4) writ petitions challenging the correctness and applicability of unni krishnan' filed by educational institutions which do not claim to be minority educational institutions,(5) writ petitions which do not fall in any of the above categories.
it was directed that the order dated may 14,1993,would not apply to educational institutions falling in categories (4) and (5) and the institutions referred to in paragraph 18 of the order dated august 18,1993.
the 50% seats to be filled up by candidates selected by the agencies of the state government on the basis of a competitive examination/test as well as the remaining 50% seats to be filled in accordance with cl.of the said order shall be equally distributed between free seats and payment seats.
in other words,out of the 50% seats to be filled up by government,half will be payment seats and half will be free seats.similarly,out of the 50% of the seats to be filled up by the management in accordance of the said order,half shall be payment seats and the other half free seats.
the nris,if any admitted to an extent not exceeding 5% of the total seats shall be out of the payment seats to be filled under after completing the admissions each of the colleges,shall submit to the competent authority,to the university to which it is affiliated and to the government concerned statements containing full particulars of the students admitted.

ARGUMENT
as on august 31,1982 selection of the promotees on regular basis to fill up the posts of asstt.conservator,forest for the years 1973-74 to 1979-80 had taken place by a regularly constituted selection committee which selected 140 candidates for appointment.
therefore,they are entitled to the seniority from the respective years.it is also contended that the promotees are entitled,in terms of the judgment in k.c.joshi case' for appointment by promotion to substantive vacancies within their quota in the respective years and that therefore,their seniority should be counted from the years in which they started discharging their duties as asstt.conservators,forest,as they were initially appointed to the substantive vacancies.
shri verma appearing for some of the later direct recruits,contended that the direct recruits were appointed to the substantive vacancies as held in k.c.joshi case' and their seniority was fixed in the judgment from the date on which they started discharging the duties of the post as asstt.conservators,forest.
treating them to be temporary as shown in the seniority list prepared by the state is in utter contempt of the directions in joshi case1

ISSUE
in these matters relating to admission to professional courses in medicine,engineering,pharmacy,nursing,etc.in educational institutions which are claimed to be minority educational institutions,the petitioners have questioned the applicability of the scheme framed by this court in j.p.unni krishnan v.state of a.p.(1993) 1 scc 645 1993 indlaw sc 1056 i as well as the applicability of the rules and orders made by several state governments on the basis of the said decision.

ANALYSIS
this order is made on the assumption that the petitioners are minority institutions.
the claim of being a ""minority"" -whether based on religion or language -and the claim of being a ""minority educational institution"" put forward by the petitioners cannot be pronounced upon without first ascertaining what the said expressions connote and signify.
having regard to the importance of the questions involved we consider it appropriate to issue notice to the attorney general of india as well as the advocates general for the states.
it would,therefore,not be feasible to take up the hearing of these matters before the court closes for the long vacation. since the process of selection of candidates for admission for the next academic session is to commence soon,it is necessary to pass an interim order governing admission to the professional courses in minority educational institutions for the next academic session.
since the entire,expenditure of the colleges is borne by the state -the entire fees collected are also made over to the state -these colleges must be required to draw the students even with respect to the seats to be filled by the management from out of the state merit list,if any.
in the absence of such list,they can themselves devise the method for such selection.
the court in keshav chandra joshi v.union of india' 1990 indlaw sc 270 in which this court had directed to determine inter se seniority of the direct recruits and promotee asstt.conservators,forests,u.p.
in k.c.joshi case,it was concluded that the promotees were appointed on ad hoc basis as a stop-gap arrangement in substantive posts.
until they are appointed by the governor according to the rules,they do not become the members of the service in a substantive capacity.
their continuous length of ad hoc service from the date of their initial appointment cannot be counted towards seniority.
the direct recruits were appointed in accordance with rule 5(a) read with appendix a of u.p.forest service rules,1952 for short 'the rules'.
their seniority shall be counted from the date of their discharging duties of the post of asstt.conservators,forest and the seniority of direct recruits shall accordingly be fixed.
the governor was directed to make appointment by promotion to substantive vacancies to the post of asstt.conservators,forest,if not already made,in accordance with rule 5(b) read with appendix b and rule 6.
till date no appointments in terms thereof have been made.
the seniority of the promotee asstt.conservators,forest shall be counted from the respective dates of appointment to the substantive posts in their quota under rule 6 of the rules.
the inter se seniority of the direct recruits and promotees shall be determined in accordance with rules 5,6 and 24 as per the judgment in k.c.joshi case.
all the employees are entitled to all consequential benefits.
the direct recruits would go en block as seniors to the promotees and the promotee officers in the order of their inter se seniority be appointed by the governor under rule 5(b) read with rule 6 and would be placed below the direct recruits.
similar exercise for each year in which the substantive vacancies had arisen should be done.
the officers,he they direct recruits or promotees would rank below the juniormost officer in the list of the previous year.
after this exercise is exhausted; appointments should be made; posts are to be filled up to substantive vacancies.

STATUTE
article 32 of writ petition under the constitution of india

Sources: [IN-Ext:1994_S_246:retrieval-0004] [IN-Ext:1994_S_246:retrieval-0006] [IN-Ext:1994_S_246:retrieval-0029] [IN-Ext:1994_S_246:retrieval-0007] [IN-Ext:1994_S_246:retrieval-0027] [IN-Ext:1994_S_246:retrieval-0001]",0.80548257,0.0,0.0,0.0,,,,
LQA-040,easy,procedural_history,"How did the matter reach the Gujarat High Court after the respondent's rights to mines and mineral products in the villages of his jagir were challenged under the Bombay Merged Territories and Areas (Jagirs Abolition) Act, 1953 and the Bombay Land Revenue Code?",1,"The respondent was granted jagir comprising of certain villages. On the coming into force of the Bombay Merged Territories and Areas (Jagirs Abolition) Act, 1953, the respondent 's jagir stood abolished and all his rights in the jagir villages save as expressly provided by or under the Act were extinguished. The Collector, however, held that the respondent 's jagir was a proprietary one and that the respondent was entitled to the mines and mineral products in the jagir villages. The respondent filed a writ petition in the High Court challenging the Collector 's order. The High Court allowed the writ petition holding that in the determination by the competent authority under section 24(i) of the Act that the respondent 's jagir was a proprietary one there was implicit decision that the respondent was a grantee of the soil which included sub soil entitling him to mines and mineral products and as such a further inquiry by the Collector under section 372 of the Bombay Land Revenue Code was incompetent and without jurisdiction. In the appeal to this Court, it was contended on behalf of the State and the Collector that the inquiry under section 372 of the Land Revenue Code into the rights to mines and mineral products in the said villages claimed by the respondent was necessary and proper and could not be said to be concluded by the determination made under section 24(i) of the Act by the competent authority. Allowing the appeal, ^ HELD: 1. The Collector 's order dated February 23, 1973 directing the respondent to produce his evidence in support of his claim to mines and mineral products in the jagir villages was liable to be quashed. The High Court was right in taking the view that in the determination by the competent authority under section 24(i) of the Act that the respondent 's jagir was a proprietary one there was implicit decision that the respondent was a grantee of the soil which included sub soil entitling him to mines and mineral products and as such a further","FACTS
by hajur order the respondent was granted daljitgarh jagir comprising of 10 villages by the then ruler of idar; by another hajur order the respondent was given a further grant in jivarak of 3 villages, by yet another hajur order ,villages were granted in jivarak to the respondent by the ruler of idar in substitution of the villages mentioned in the previous two orders.
according to the respondent by these grants read together he was given full proprietary rights in the soil of the said villages.
admittedly,on the coming into force of the bombay merged territories and areas (jagirs abolition) act,1953 (hereinafter referred to as ""the act"") i.e.with effect from respondent's daljitgarh jagir stood abolished and all his rights in the jagir villages,save as expressly provided by or under the act,were extinguished and the respondent became entitled to compensation under s.11 of the act.
according to the respondent since the entries made in the revenue records in respect of his rights to mines and mineral products were not sufficient and proper ,he by his application requested the collector to issue necessary orders to the,idar,to make appropriate entries regarding his rights in the minerals in village isarwada.
thereupon a notice under s.37(2) of the bombay land revenue code for the purpose of holding an inquiry into the rights of the respondent to mines and mineral products of the said villages claimed by the respondent wag served upon him but the respondent raised a preliminary objection that such inquiry wag misconceived and incompetent in view of the determination made under s.2 (4) (i) of the act and having regard to the provisions of s.10 of the act-his rights,to mines and mineral products were expressly saved.
the collector overruled the preliminary objection and directed that the inquiry shall proceed and the respondent was directed to produce his evidence in support of his claim on a fixed date.
aggrieved by this order passed by the collector the respondent preferred a writ petition under art.227 of the constitution to the,gujarat high court and writ of certiorari quashing the order and a direction restraining the collector from further proceeding with the inquiry under s.37(2) of the land revenue code were sought.
these reliefs sought by the respondent were resisted by the state of gujarat and the collector principally on the ground that the inquiry under s.37(2) of the land revenue code into the rights to mines and mineral products in the said villages claimed by the respondent was necessary and proper and could not be said to-be concluded by the determination made under s.2 (4) (1) of the act by the competent authority.
the high court set aside the collector's order and further issued an injunction permanently restraining the state of gujarat and the collector from initiating any inquiry under s.37(2) in respect of the respondents rights to mines and mineral products in the said villages.
the appellants seek to challenge the said judgment and order of the gujarat high court in this appeal.

ARGUMENT
learned counsel for the appellants has contended that the high court has adopted an erroneous view of the scope and ambit of the inquiry contemplated under s.2(4)(i) of the act by the competent authority.
according to learned counsel the mere circumstance that the respondent's jagir was found under s.2(4. i) to be proprietary was not tantamount to the establishment by the respondent of his rights to mines and mineral products in the villages of his jagir for which there must be an actual grant or contract or law or custom or usage recognising such rights and this could only be determined by the collector by holding an inquiry under s.37(2) of the bombay land revenue code,and,therefore the high court was clearly in error in coming to the conclusion that the inquiry initiated by the second appellant under s.37(2) of the bombay land revenue code,was incompetent or without jurisdiction.
on the other hand,learned counsel for the respondent contended that a determination under s.2 (4) (i) of the act that a particular jagir 'was a proprietary one necessarily implied that the grant was of soil and the grantee was entitled to mines and mineral products which were expressly saved under s.10 of the act and in any event on the facts obtaining in the instant case the competent authority acting under s.2 (4) (i) of the act,while coming to the conclusion that the respondent's jagir was proprietary one,bad relied upon the unqualified nature of the grant and also considered the evidence led before it touching upon the several rights.
according to the learned counsel for the respondent unless a claim to property or rights over property was made either by the state against any person or by any person against the state,there could be no occasion for the collector to held an inquiry contemplated by s.37(2) of the code.
he,therefore,urged that the high court was right in quashing the collector's order

ISSUE
the main question raised in this appeal by special leave at the instance of state,of gujarat and the collector against the gujarat high court's judgment allowing the writ petition of the respondent is whether once the competent authority under s.2(4) (i) of the bombay merged territories and areas (jagirs abolition. act,1953 declares that a particular jagir is a proprietary one,
a further inquiry under s.37 (2) of the bombay land revenue code with a view to determining whether the jagirdar had any rights to mines or mineral products in his jagir granted or recognised under any contract,grant or law for the time being in force or by custom or usage is competent.
the general question is whether once the competent authority under s.2 (4) (i) of the act declares that the particular jagir is a proprietary one a further inquiry under s.37(2) of the land revenue code with a view to determining whether the jagirdar had rights to mines and mineral products in such jagir subsisting on the appointed date is competent.
the other specific question is whether in the facts of the case and having regard to the nature of evidence considered and the specific finding made by the competent authority while determining the question under s.2(4. i),the further inquiry initiated by the collector under s.37(2) was misconceived and uncalled for.

ANALYSIS
dealing with the first question which is of a general character,it is clear that the answer thereto depends upon the true scope and ambit of the inquiry under s.2 (4) (i) of the act and to determine the same it will be necessary to consider the scheme and object of the act and.in particular the purpose of the said inquiry.
in the first place the,preamble and s.3 of the act clearly show that the object of the enactment is to abolish jagirs of all kinds in the merged territories and merged areas in the state of bombay and to convert all jagir villages into unalienated villages liable to the payment of land revenue in accordance with the provisions of the bombay land revenue code.
secondly,compensation is made payable under s.11 of the act to jagirdars whose jagirs and other incidental rights have been extinguished but it will be pertinent to note that no provision has been made for payment of compensation in respect of rights to mines and mineral products in a jagir village,obviously because if by the grant in question the jagirdar has not been given any rights to mines and mineral products no compensation would be payable and if there be a grant of mines and mineral products the same have been saved ""to the jagirdar under s.10 of the act.
thirdly,the quantum of compensation payable for abolition of jagir and extinguishment of his other rights depends upon what kind of jagir has been abolished,whether it is proprietary or non-proprietary; in other words it is clear that the inquiry into the nature of the jagir under s.2 (4) (i) is for the purpose of determining the quantum of compensation payable to a jagirdar inasmuch as in the case of.a non-proprietary jagir the jagirdar is entitled to compensation at the rate of three times the amount of land revenue received by or due to him as an incident of jagir during the five years immediately before the appointed date under s.11 (1),while in the case of a proprietary jagir in respect of land held by a permanent holder the jagirdar is entitled to compensation equivalent to three multiples of the assessment fixed for such land; s.11(3) provides for compensation and computation thereof to a jagirdar having any right or interest in any property referred to in s.8.in such an inquiry ordinarily no determination of any rights of the jagirdar to mines or mineral products in a jagir village will be undertaken for' no compensation is payable in respect of any rights to mines and mineral products in a jagir village.
there is yet one more aspect emerging from the definition of the expression ""proprietary jagir"" which leads to the same inference.
""proprietary jagir"" has been defined in s.2(xviii) to mean a jagir in respect of which the jagirdar under the terms of a grant or agreement or by custom or usage is entitled to any rights or interest in the soil.
in other words,the competent authority holding an inquiry under s.2(4) (i) can come to the conclusion that a particular jagir is proprietary if it finds that the jagirdar under the terms of a grant or agreement is entitled to some rights or interest in the soil other than mines or mineral products.
these aspects bring out true scope and ambit of the inquiry under sec.2(4)(i) and clearly show that the determination of the question whether a jagir is proprietary or nonproprietary does not necessarily involve the determination of the question whether the jagirdar had any rights to mines and mineral products on the appointed date.
it is true that prima facie the owner of the surface of the land would be entitled to everything beneath the land and ordinarily mines and mineral products would pass with the right to the surface but this would be so in the absence of any reservations made in the grant; if there be reservations or qualifications in regard to mines or mineral products,in the grant,then these would not pass.
in other words,before the collector can initiate an inquiry under that provision,either the state or the individual must put forward a claim to a property or any right in or over the property and it is such claim that is to be inquired into by the collector whose decision,subject to a civil suit filed within one year,is rendered final.
it is thus clear that by these two applications the respondent had not put forward any claim as such to excavating gravel and stones for the first time' but,had merely requested the making of appropriate entry with regard to his said right which had already been recognised by the state government previously.
that being the position,there was no occasion for the collector to initiate the inquiry under s.37(2) of the code-in fact,he had no jurisdiction to do so,the condition precedent not being satisfied. .
besides,while determining the proprietary nature of the grant under s.2(4)(1) of the act the competent authority had,on evidence led before it,alluded among others to the respondent's right to excavate and sell gravel and stones and enjoyment thereof by the respondent.
in these circumstances it would be fair and proper that the respondent is not subjected to a further inquiry under.s.37(2) of the code

STATUTE
s.2 of the bombay merged territories and areas (jagirs abolition. act,1953 contains the definitions of various expressions some of which are material.
as a consequence of the,abolition of jagirs under s.3 all jagir villages became unalienated villages and,therefore,under s.4 it has been provided that all jagir villages shall be liable to the payment of land revenue in accordance with the provisions of the code.
s.5 and 6 make provision as to what persons,upon abolition of jagirs and conversion of jagir land into unalienated land would be occupants,who shall be primarily liable to the state government for payment of land revenue.
s.10 contains an express saving provision relating to rights to mines and mineral products

Sources: [IN-Ext:1978_M_13:retrieval-0003] [IN-Ext:1978_M_13:retrieval-0001] [IN-Ext:1978_M_13:retrieval-0007] [IN-Ext:1978_M_13:retrieval-0002] [IN-Ext:1978_M_13:retrieval-0052] [IN-Ext:1978_M_13:retrieval-0020]",0.83591413,0.0,0.0,0.0,,,,
LQA-023,easy,facts,"What were the distinctive facts that led to the dispute regarding the interpretation of section 630 of the Act, including the parties involved and the legal concepts related to the definition of 'officer or employee' and 'property of a company'?",1,"The respondent was appointed as the Managing Director of a company. The company filed a complaint against him alleging that he was wrongfully withholding possession of the flat occupied by him. The trial court dismissed the complaint holding that the respondent was not an officer or employee of the company. The High Court, however, allowed the appeal and held that the respondent was an officer or employee of the company and that there was a genuine dispute between the parties and the said dispute required adjudication by a civil court in the suit filed by the ex employee. The High Court also held that the Magistrate 's jurisdiction under section 630 extended only to those cases where there was no dispute, or in any event no bona fide dispute, that the property involved was the property of the company. The High Court further held that the respondent was not entitled to the protection of section 630(2) of the Act. The High Court also held that the respondent was not entitled to the protection of section 630(2) of the Act. The High Court held that the respondent was not entitled to the protection of section 630(2) of the Act. The High Court held that the respondent was not entitled to the protection of section 630(2) of the Act. The High Court held that the respondent was not entitled to the protection of section 630(2) of the Act. The High Court held that the respondent was not entitled to the protection of section 630(2) of the Act. The High Court held that the respondent was not entitled to the protection of section 630(2) of the Act. The High Court held that the respondent was not entitled to the protection of section 630(2) of the Act. The High Court held that the respondent was not entitled to the protection of section 630(2) of the Act. The High Court held that the respondent was not entitled to the protection of section 630(2) of the Act. The High","Sub section ( l ) of section 630 of the provides for launching of prosecution against an officer or employee of a company, who (a) wrongfully obtains possession of any property of a company, or (b) having any such property in his possession wrongfully withholds or knowingly misapplies the same.
The petitioner who was given a flat by the company for his residence during the period of his employment did not vacate it on his retirement.
He was granted six months time on humanitarian grounds upon his undertaking to comply with.
Upon his failure to vacate the premises the company lodged a complaint against him under section 630 of the Act for wrongful withholding of its property.
The Magistrate took congnizance of the complaint and directed issue of process.
Dismissing the writ petition filed by him under article 227 of the Constitution read with section 482 Cr.
P.C. seeking to quash the proceedings, the High Court following its consistent view in a series of cases that the term 'officer or employee ' in sub section
(1) of section 630 must be interpreted to mean not only the present officer or employee of company but also to include past officers and employees of the company and that the words 'any such property ' in cl.
(b) qualify the words 'any property of a company ' appearing in cl.
(a), held that the case does not call for interference.
169 In the special leave petition it was contended for the petitioner that the provision contained in section 630 of the Act is a penal provision and, therefore, must be subject to a strict construction and there is no room for intendment, that the term 'officer or employee ' occurring in sub section
(1) of section 630 refers only to the existing officers and employees of a company, and not the past officers, and that cl.
(b) of sub section
(I) does not stand by itself but is interconnected with cl.
(a) thereof and therefore cl.
(a) and cl.
(b) must be read together and when so read the words 'any such property ' in cl.
(b) do not qualify the words 'any property of a company ' in cl.
(a) and only relate to the property of company wrongfully taken possession of by a present officer.
Dismissing the special leave petition, ^ HELD: 1.
Section 630 of the plainly makes it an offence if an officer or employee of the company who was permitted to use any property of the company during his employment, wrongfully retains or occupies the same after the termination of his employment.
[176F G] 2.1 The term 'officer or employee ' of a company in section 630(1) applies not only to existing officers or employees but also to past officers or employees if such officer or employee either (a) wrongfully obtains possession of any property, or (b) having obtained such property during the course of his employment, withholds the same after the termination of his employment.
[179B C] 2.2 The beneficent provision contained in section 630 of the though penal, has been purposely enacted by the legislature with the object of providing a summary procedure for retrieving the property of the company.
It is the duty of the Court to place a broad and liberal construction on the provision in furtherance of the object and purpose of the legislation which would suppress the mischief and advance the remedy.
[175C E] 2.3 Sub section
(1) of section 630 of the Act by clauses (a) and (b) creates two distinct and separate offences: (1) Where an officer or employee of a company wrongfully obtains possession of any property of the company during the course of his employment, to which he is not entitled.
Normally, it is only the present officers and employees who can secure possession of any property of a company.
It is also possible for such an officer or employee after termination of his employment to wrongfully take away possession of any such property.
This is the function of cl.
(a) 170 and although it primarily refers to the existing officers and employees, it may also take in past officers and employees.
(2) Where an officer or employee of a company having any property of a company in his possession wrongfully withholds it or knowingly applies it to purposes other than those expressed or directed in the articles and authorized by the Act.
It may well be that an officer or employee may have lawfully obtained possession of any such property during the course of his employment but wrongfully withholds it after the termination of his employment.
That appears to be one of the functions of cl.
Clause (b) also makes it an offence if any officer or employee of a company having any property of the company in his possession knowingly applies it to purposes other than those expressed or directed in the articles and authorized by the Act.
That would primarily apply to the present officers and employees and may also include past officers and employees.
There is therefore no warrant to give a restrictive meaning to the term 'officer or employee ' appearing in sub section
(1) of section 630 of the Act.
[175F H; 176A C] 3.
It is quite evident that clauses (a) and (b) are separated by the word 'or ' and therefore are clearly disjunctive.
The whole object of enacting the provision is the preservation of the property of a company by the creation of two distinct offences by clauses (a) and.(b) which arise under different sets of circumstances, and it would be rendered nugatory by projecting cl.
(a) into cl.
1176C, D E] 4.
According to the plain construction, the words 'any such property ' in cl.
(b) relate to 'any property of a company ' as mentioned in cl.
It is wrongful with holding of such property meaning the property of the company after termination of the employment, which is an offence under section 630(l)(b) of the Act.
[176F; 177E F] 5.
The petitioner given one month 's time to vacate the premises failing which the respondents to take such proceedings as the law provides.
The Additional Chief Metropolitan Magistrate to proceed with the trial and dispose it of expeditiously.
[179D E] Harkishan Lakhimal Gidwani vs Achyat Kashinath Wagh & Anr., , and Govind T. Jagtiani vs Sirajuddin section Kazi & Anr., , approved.
Amritlal Chum vs Devi Ranjan Jha & Anr., , overruled. 171

Sources: [IN-Abs:5471:retrieval-0009] [IN-Abs:5471:retrieval-0003] [IN-Abs:5471:retrieval-0008] [IN-Abs:5471:retrieval-0001] [IN-Abs:5471:retrieval-0014] [IN-Abs:5471:retrieval-0012]",0.81564534,0.0,0.0,0.0,,,,
LQA-081,medium,legal_issue,Does the definition of terrorism in the Terrorism Act 2000 include military attacks by non-state armed groups against national or international armed forces in a non-international armed conflict?,1,"The appellant was convicted of offences under the Terrorism Act 2000 for making videos showing attacks on Coalition forces in Iraq and Afghanistan. The Court of Appeal certified a question to the Supreme Court as a point of general public importance: Does the definition of terrorism in section 1 of the Terrorism Act 2000 operate so as to include within its scope any or all military attacks by a non state armed group against any or all state or inter governmental organisation armed forces in the context of a non international armed conflict? The Court of Appeal answered the question in the affirmative. The appellant appealed to the Supreme Court. The appellant contended that the answer to the certified question should be in the negative. The prosecution case was that the definition of terrorism in section 1 of the 2000 Act, and, in particular, in subsections (1) and (2), is very wide indeed, and that it would be wrong for any court to cut it down by implying some sort of restriction into the wide words used by the legislature. The case for the appellant was that the 2000 Act, like the 2006 Act, was intended, at least in part, to give effect to the UKs international treaty obligations, and the concept of terrorism in international law does not extend to military attacks by a non state armed group against state, or inter governmental organisation, armed forces in the context of a non international armed conflict, and that this limitation should be implied into the definition in section 1 of the 2000 Act. The second, and closely connected, argument was that it would be wrong to read the 2000 or 2006 Acts as criminalising in this country an act abroad, unless that act would be regarded as criminal by international law norms. The Court of Appeal held that while international law has developed so that the crime of terrorism is recognised in situations where there is no armed conflict, it has not developed so that it could be said there is sufficient certainty that such a crime could be defined as applicable","The issue in the appeal is whether the definition of terrorism in the Terrorism Act 2000 includes military attacks by non state armed groups against national or international armed forces in a non international armed conflict.
Mr Gul was convicted by a jury of five counts of disseminating terrorist publications, for which he was sentenced to five years imprisonment.
The offence was created by section 2 of the Terrorism Act 2006, which defines terrorist publications as including publications which are likely to be understood as a direct or indirect encouragement to the commission, preparation, or instigation of acts of terrorism.
Terrorism is defined in section 1 of the Terrorism Act 2000, as the use or threat of action, inside or outside the United Kingdom, (a) involving serious violence against a person, involving serious damage to property, endangering another persons life, creating a serious risk to public health or safety, or designed to seriously interfere with seriously disrupt an electronic system; (b) designed to influence a government or intergovernmental organization or to intimidate the public or a section of the public; and (c) made for the purpose of advancing a political, religious, racial, or ideological cause.
The publications in question included videos which Mr Gul posted on YouTube showing (i) attacks by members of al Qaeda, the Taliban, and other proscribed groups on military targets in Chechnya, and on the Coalition forces in Iraq and in Afghanistan, (ii) the use of improvised explosive devices against Coalition forces, (iii) excerpts from martyrdom videos, and (iv) clips of attacks on civilians, including the 11 September 2001 attack on the United States.
These videos were accompanied by commentaries praising the bravery, and martyrdom, of those carrying out the attacks, and encouraging others to emulate them.
The Court of Appeal refused Mr Guls appeal against conviction and sentence.
His appeal to the Supreme Court was based on a challenge to the conclusion of the Court of Appeal (arising from a direction given by the trial judge following a request from the jury) that the definition of terrorism included military attacks by non state armed groups against national or international armed forces in their territory.
The Supreme Court unanimously dismisses Mr Guls appeal for reasons contained in a judgment given by Lord Neuberger and Lord Judge, with whom the other members of the Court agree.
Mr Gul argued that both domestic law and international law required the statutory definition of terrorism to be interpreted narrowly, so as to exclude its application to situations such as those depicted in some of the videos which he had uploaded, namely those involving actions by non state armed troops attacking foreign armed forces in their territory.
The court addresses this argument first by considering the application of familiar domestic law principles to the statutory definition of terrorism, and then by considering whether that results in a conclusion which has to be adapted to meet those requirements of international law that are incorporated into domestic law [25].
Applying the familiar domestic law approach to statutory interpretation, the Court holds that there is no basis on which the natural, very wide, meaning of section 1 of the 2000 Act could be read restrictively, as Mr Gul
argued.
The definition had clearly been drafted in deliberately wide terms so as to take account of the various and possibly unpredictable forms that terrorism might take, and the changes which may occur in the diplomatic and political spheres [312, 38].
In reaching this conclusion, the Court considers that section 117 of the 2000 Act, which prohibits the prosecution of most offences under the 2000 and 2006 Acts without the consent of the Director of Public Prosecutions or (in some cases) the Attorney General, is of no assistance [35 37, 42].
The Court also observes that creating an offence with a very broad reach and then invoking prosecutorial discretion as a means of mitigation is undesirable in principle and should only be adopted if it is unavoidable.
In these circumstances, the only reason for the Court to interpret the definition more restrictively would be if it conflicted with the European Convention on Human Rights (which was not relied on by Mr Gul) or with the United Kingdoms obligations in international law more generally [38].
The first aspect of Mr Guls argument here was that the United Kingdoms international obligations require it to define terrorism more narrowly in its criminal laws, as it should have the same meaning as it has in international law.
The second aspect was that the United Kingdom could not criminalize terrorism happening abroad except so far as international law allowed.
Both aspects of the international law argument face the insuperable obstacle that there is no accepted definition of terrorism in international law [44].
The U.N. General Assemblys working group seeking to agree a comprehensive international convention on terrorism, reported in 2012 that there were disagreements as to the precise distinction between terrorism and legitimate struggle of peoples fighting in the exercise of their right to self determination.
And, although there are other, non comprehensive treaties dealing with terrorism, there is no plain or consistent approach in UN Conventions on the issue [4648].
This is consistent with what was said by this Court in Al Sirri v Secretary of State [2012] UKSC 54, [2012] 3 WLR 1263, para 37 [44].
Moreover, there have been U.N. resolutions referring to the activities of al Qaeda and the Taliban as terrorism, although their actions involved insurgents attacking forces of states and intergovernmental organizations in non international armed conflict.
And the international law of armed conflict does not give any immunity combatants in non international armed conflicts [4950].
It is true that some other provisions of the 2000 and 2006 Acts give effect to treaties that do not extend to insurgent attacks on military forces in non international armed conflicts.
But there was no reason why the United Kingdom could not go further in the 2000 Act than the treaties had.
And even if those treaties had intended to limit the definition of terrorism that they applied, that would only affect the particular provisions of the 2000 Act that implemented those treaties [54].
As to the second aspect of the international law argument, it is irrelevant for present purposes whether the United Kingdom can criminalize certain actions committed abroad, because the material in this case was disseminated in the United Kingdom [56].
Therefore, whether one approaches the matter as an issue of purely domestic law, or as an issue of domestic law read in the light of international law, there is no valid basis for reading the definition of terrorism more narrowly than the plain and natural meaning of its words suggested.
In parting, the Court notes that although the issue is one for Parliament to decide, the current definition of terrorism is concerningly wide. [38] Canada and South Africa, for example, exclude acts committed by parties regulated by the law of armed conflict from the definition, and a recent report in Australia recommends that that country should follow suit. [61] The Independent Reviewer of Terrorism Legislation in the United Kingdom, Mr David Anderson QC, has made the point that the current law allows members of any nationalist or separatist group to be turned into terrorists by virtue of their participation in a lawful armed conflict, however great the provocation and however odious the regime which they have attacked [61].
The 2000 and 2006 Acts also grant substantial intrusive powers to the police and to immigration officers, which depend upon what appears to be a very broad discretion on their part.
While the need to bestow wide, even intrusive, powers on the police and other officers in connection with terrorism is understandable, the fact that the powers are so unrestricted and the definition of terrorism is so wide is probably of even more concern than the power of criminal prosecution to which the Acts give rise. [64]

Sources: [UK-Abs:uksc-2012-0124:retrieval-0004] [UK-Abs:uksc-2012-0124:retrieval-0014] [UK-Abs:uksc-2012-0124:retrieval-0003] [UK-Abs:uksc-2012-0124:retrieval-0000] [UK-Abs:uksc-2012-0124:retrieval-0039] [UK-Abs:uksc-2012-0124:retrieval-0026]",0.8384476,0.0,0.0,0.0,,,,
LQA-011,hard,judicial_reasoning,"In the context of Article 133(1)(a) and (b) of the Constitution, can an order refusing an interim injunction be considered a final order for the purposes of appellate review, given that it does not resolve the substantive rights of the parties but merely affects the procedural course of the suit?",1,"An order is final within the meaning of article 133 of the Constitution, under section 109 Code of Civil Procedure or section 205 of the Government of India Act, 1935, if it amounts to final decision on the rights of the parties in dispute in the suit or proceeding; if after the order is made, the suit or proceeding still remains to be tried, and the rights in dispute have to be determined, the order is interlocutory. [758E F] 703 Srinivasa Prasad Singh vs Kesho Prasad Singh, A.I.R. 1949 P.C. 1007 and Druva Coal Company vs Benaras Bank, A.I.R. 1950 P.C. 1958 S.C.R. 1958 S.C.R. 1958 S.C.R.","M/s Tarapore & Co. who were plaintiffs in a suit applied for an interim injunction restraining the first defendant in the suit from taking any steps in pursuance of a letter of credit opened in favour of the second defendant.
A single judge of the High Court granted an interim injunction restraining encashment of the letters of credit pending disposal of the suit.
In appeals under the Letters Patent preferred by the second dependent, the High Court of Madras set aside that order.
Against the orders passed in the two appeals, the plaintiffs applied for certificate under articles 133(1) (a) and 133(1)(b) of the Constitution.
The High Court observed that an order granting interim injunction ""is a final order, as far as this Court is concerned, determining the rights of parties within this his or proceeding, which is independent though ancillary to the suit"", and they were competent to grant certificate.
In this Court the defendants applied for revocation of the certificate.
HELD: The certificate must be revoked.
An order passed by the, High Court in appeal which does not finally dispose of a suit or proceeding and leaves the rights and obligations of the parties for determination in the suit or proceeding from which the appeal has arisen, is not final within the meaning of article 133(1)(a) and (h).
The order refusing to grant an interim injunction did not determine the rights and obligations of the parties in relation to the matter in dispute in the suit.
It could not be held that because the plaintiffs suit as a result of the order of the High Court may become infructuous as framed and the plaintiff may have to amend his plaint to obtain effective relief an order which is essentially an interlocutory order may be deemed final for the purpose of article 133(1) of the Constitution.
[704 H] Mohanlal Maganlal Thakkar 's case makes no departure from the earlier judgments of the judicial Committee, the Federal Court and this Court.
Ramchand Manjimal vs Goverdhandas Vishindas Ratanchand, L.R. 47 I.A. 124; Salaman vs Warner, ; Bazson vs Altrincham Urban District Council, [1903] 1 K.B. 547; Isaacs vs Selbstein, , Abdul Rahrnan vs
D.K. Cassim & Sons, L.R. 60 I.A. 76; section Kuppusami Rao vs The King, ; Mohammad Amin Brothers Ltd, and Others vs Dominion of India and Others, ; Sardar Syedna Taher Saifuddin Saheb vs The State of Bombay, ; Srinivasa Prasad Singh vs Kesho Prasad Singh 13 C.L.J. 681 and Druva Coal Company vs Benaras Bank, , referred to.
Mohanlal Maganlal Thakkar vs State of Gujarat.
A.I.R. , explained.

Sources: [IN-Abs:2657:retrieval-0000] [IN-Abs:2657:retrieval-0001] [IN-Abs:2657:retrieval-0012] [IN-Abs:2657:retrieval-0009] [IN-Abs:2657:retrieval-0002] [IN-Abs:2657:retrieval-0008]",0.8376613,0.0,0.0,0.0,,,,
LQA-001,medium,legal_issue,"Did the Custodian General retain the power to cancel allotments after the enactment of the relevant Act, given that the management of the property was transferred to new officers under the new legislation?",2,"Section 10 of the , empowers the Custodian to manage evacuee property and in exercise of his power he will be competent to allot such property to any person or to cancel an allotment or lease made in favour of a person. Subsequent to the issue of the notification under section 12(1) of the , the property would cease to be evacuee property, and the powers of the Custodian under section 10 of the 1950 Act would be in conflict with those conferred by section 19 of the 1954 Act on a managing officer or a managing corporation constituted under that Act. The powers conferred by sub section
(1) of section 19 of the 1954 Act are to prevail notwithstanding anything contained in any other law for the time being in force. Therefore, they must prevail over the provisions of section 10 of the 1950 Act. Section 10 says that only a managing officer or a managing corporation can do so. This means that no one else can do so even though some other law may have authorised another person or authority to cancel an allotment. [740D E] 738 2. After July 22, 1952, the Custodian of Evacuee Property would have the power to cancel an allotment only upon a ground which falls within the exceptions enumerated in sub rule (6) of rule 14. Making of restitution is not within the exceptions and, therefore, it will have to be said that the inherent power of the Custodian to cancel an allotment for making restitution has been abrogated by the amended sub rule. [743G H] 3. The Custodian General was not prevented from cancelling an allotment made after July 22, 1952. [744B] 4. The Custodian General had no power to cancel an allotment made on or before July 22, 195","The appellants who are displaced persons from West Pakistan, were granted quasi permanent allotment of some lands in village Raikot in 1949.
On October 31, 1952, the Assistant Custodian cancelled the allotment of 14 allottees in village Karodian, and also cancelled the allotment of the Appellants in Raikot but allotted lands to them in village Karodian, and allotted the lands of Raikot to other persons.
The 14 allottees of village Karodian as well as the appellants applied for review of the orders of cancellation of their allotment.
The application of the 14 allottees was dismissed.
They preferred a revision to the Custodian General who cancelled the appellant 's allotment (1) Cal.
926. 329 in Karodian and restored the allotment of the 14 allottees on December 17, 1954 Thereupon,, on January 6, 1955, the appellants moved the Custodian General for calling up their review application and for revising the order of October 31, 1952, cancelling their allotment in Raikot.
The Custodian General refused to revise the order on the ground that his power to revise had been taken away by the .
The appellants contended that the, Custodian General had the power to revise the order.
Held, that after the enactment of the, , the Custodian General ceased to have the power to cancel allotments.
By, the issuing of a notification under, section 12(1) of this Act, the Fight, title or interest of the evacuee in the property specified in the notification was extinguished and the property vested absolutely in the Central.
Government.
The right of the Custodian manage the property under the , came to an end and the management vested in a new set of officers.
Even though no managing officer was appointed or a managing corporation, constituted under the new Act to manage the property no one else could 'exercise the power of cancellation of allotment.
Bal Mukund vs The State of Punjab, I.L.R. 1957 Punj.
712, approved.

Sources: [IN-Abs:1181:retrieval-0000] [IN-Abs:1181:retrieval-0001] [IN-Abs:1181:retrieval-0002] [IN-Abs:1181:retrieval-0003] [IN-Abs:1181:retrieval-0012] [IN-Abs:1181:retrieval-0005]",0.83407617,0.0,0.0,0.0,,,,
LQA-019,hard,judicial_reasoning,"Under Section 12(1) of the Act, can the Custodian's power to cancel a lease be limited by the terms of the lease itself, given the presence of a 'non obstante' clause, and how do the observations in Aswini Kumar Ghose vs Arabinda Bose and Dominion of India vs Shrinbai A. Irani inform this interpretation?",1,"The operative portion of section 12(1) of the Act which confers power on the Custodian to cancel a lease or vary the terms thereof is unqualified and absolute, and that power cannot be abridged by reference to the provision that it could be exercised ""notwithstanding anything contained in any other law for the time being in force"". This provision is obviously intended to repel a possible contention that section 12 does not by implication repeal statutes conferring rights on lessees, and cannot prevail as against them and has been inserted ex abundanti cautela. It cannot be construed as cutting down the plain meaning of the operative portion of the section. [982 B] Aswini Kumar Ghose vs Arabinda Bose, ; and Dominion of India vs Shrinbai A. Irani, ; , referred to.","By section
,12, sub section 1, of the (XXXI of 1950) as amended by Act XLII of 1954, notwithstanding anything contained in any other law for the time being in force, the Custodian may cancel any allotment or terminate any lease or amend the terms of any lease or agreement under which any evacuee property is held or occupied by a person, whether such allotment, lease or agreement was granted or entered into before or after the commencement of this Act"".
The respondent who was the Custodian of evacuee property granted a lease to the appellants and subsequently issued a notice to them, among other things, calling upon them to show cause why the lease should not be cancelled for committing breaches of the conditions on which the properties had been leased to them.
The appellants contended that the respondent had no power to cancel the lease on the ground that under section 12(1) of the Act the power of the Custodian to cancel the lease could be exercised only so as to override a bar imposed by any law but not the contract under which the lease was held and relied on the language of the non obstante clause contained in the section.
Held, that the operative portion of the section which confers power on the Custodian to cancel a lease is unqualified and absolute and could not be abridged by reference to the non obstante clause which was only inserted ex abundanti cautela with a view to repel a possible contention that the section does not by implication repeal statutes conferring rights on lessees.
Observations in Aswini Kumar Ghose vs Arabinda Bose ([1963] S.C.R. 1, 21, 24) and Dominion of India vs Shrinbai A. Irani ([1955] 1 S.C.R. 206, 213), on the scope of a non obstante clause, relied on.

Sources: [IN-Abs:380:retrieval-0006] [IN-Abs:380:retrieval-0002] [IN-Abs:380:retrieval-0003] [IN-Abs:380:retrieval-0005] [IN-Abs:380:retrieval-0001] [IN-Abs:380:retrieval-0008]",0.868693,0.0,0.0,0.0,,,,
LQA-031,easy,facts,What distinctive facts regarding the licensing restrictions and market establishment led to the dispute in the case involving the Madras Commercial Crops Markets Act?,2,"The Madras Commercial Crops Markets Act, 1933, was passed to provide for the better regulation of the buying and selling of commercial crops in the State of Madras and for that purpose to establish markets and make rules for their proper administration. The Act was the result of a long exploratory investigation by experts in the field, conceived and enacted to regulate the buying and selling of commercial crops by providing suitable and regulated markets, to eliminate middlemen and bring face to face the producer and the buyer so that they may meet on equal terms, thereby eradicating or at any rate reducing the scope for exploitation of the producers. It therefore provided a machinery for regulating trade by providing a common place where facilities would be furnished by way of space, buildings and storage accommodation, and where market practices would be regularised and market charges clearly defined and unwarranted ones prohibited, where correct weighment would be ensured by licensed weighmen and all weights would be checked and stamped, where payment on hand would be ensured, where provision would be made for settlement of disputes, where daily prevailing prices would be made available to the grower and reliable market information provided regarding arrivals, stocks, prices etc., and where quality standards would be fixed when necessary and contract forms standardised for purchase and sale. The result of the implementation of the Act would be thus to give reasonable facilities to the growers of commercial crops ensuring proper price for their commodities. [860B D; 665G H; 666A B] M.C.V.S. Arunachala Nadar etc.
vs The State of Madras & Ors. ; , followed.","The Madras legislature enacted the Madras Commercial Crops Markets Act for providing satisfactory conditions for the growers of commercial crops to sell their produce on equal terms with the purchasers and at reasonable prices.
The Act, Rules and the Bye laws framed thereunder have a long term target of providing a net work of markets wherein facilities for correct weighment are ensured, storage accommodation is provided, and reliable market information is given.
Till such markets are established the Act provides for the imposition of licensing restrictions to enable the buyers and sellers to meet in licensed premises.
After the establishment of the markets no licenses would be issued within a reasonable radius from the markets and all growers will have to resort to the markets for selling their crops.
The result would be to eliminate, as far as possible, the middlemen and to give reasonable facilities for the growers of commercial crops to secure best prices for their commodities.
Held, that the impugned provisions of the Act impose reasonable restrictions on the citizen 's right to do business and are valid.
Such a statute cannot be said to create unreasonable restrictions on the citizen 's right to do business unless it is clearly established that the provisions are too drastic, unnecessarily harsh and over reach the object for which they were made.
Chintaman Rao vs The State of Madhya Pradesh, [1950] S.C.R. 759 and State of Madras vs V. G. Rao, ; , referred to.

Sources: [IN-Abs:652:retrieval-0013] [IN-Abs:652:retrieval-0001] [IN-Abs:652:retrieval-0006] [IN-Abs:652:retrieval-0012] [IN-Abs:652:retrieval-0010] [IN-Abs:652:retrieval-0000]",0.85789555,0.0,0.0,0.0,,,,
LQA-074,hard,judicial_reasoning,"In the case where a partnership imposed a mandatory retirement age of 65 on partners, leading to the forced retirement of Mr Seldon, can the retirement policy be justified under the Employment Equality (Age) Regulations 2006, considering the legitimate aims of workforce planning, staff retention, and maintaining a supportive culture, and how does this connect to the principles of direct discrimination and the justification criteria outlined in the regulations and the relevant EU Directive?",1,"The respondent firm, a law firm, had a partnership deed which provided that all partners were required to retire at the end of the calendar year when they reached the age of 65. The respondent firm claimed that the treatment of Mr Seldon was justified by the following legitimate aims: (i) ensuring that associates are given the opportunity of partnership after a reasonable period as an associate, thereby ensuring that associates do not leave the firm; (ii) ensuring that there is a turnover of partners such that any partner can expect to become Senior Partner in due course; (iii) facilitating the planning of the partnership and workforce across individual departments by having a realistic long term expectation as to when vacancies will arise; (iv) limiting the need to expel partners by way of performance management, thus contributing to a congenial and supportive culture in the respondent firm; (v) enabling and encouraging employees and partners to make adequate financial provision for retirement; and (vi) protecting the partnership model of the respondent. The respondent firm contended that the mandatory retirement age of 65 was appropriate and necessary to achieve the legitimate aim of limiting the need to expel partners by way of performance management, thus contributing to a congenial and supportive culture in the respondent firm. The respondent firm contended that the mandatory retirement age of 65 was appropriate and necessary to achieve the legitimate aim of limiting the need to expel partners by way of performance management, thus contributing to a congenial and supportive culture in the respondent firm. The respondent firm contended that the mandatory retirement age of 65 was appropriate and necessary to achieve the legitimate aim of limiting the need to expel partners by way of performance management, thus contributing to a congenial and supportive culture in the respondent firm. The respondent firm contended that the mandatory retirement age of 65 was appropriate and necessary to achieve the legitimate aim of limiting the need to expel partners by way of performance management, thus contributing to a congenial and supportive culture in the respondent firm. The respondent firm contended that the mandatory retirement age of 65 was appropriate and","This case concerns the scope for justifying direct discrimination on the ground of age and in particular a mandatory retirement age contained within a partnership agreement.
The case was heard alongside Homer (Appellant) v Chief Constable of West Yorkshire Police (Respondent) [2012] UKSC 15 which concerned the scope of indirect discrimination on the ground of age.
Mr Seldon joined the Respondent law firm in 1971 and was made an equity partner in 1972.
In 2005 he and the other partners in the firm agreed and adopted a partnership deed which (like earlier deeds) provided that, subject to the partners agreement to the contrary, partners who attain the age of 65 had to retire from the firm by the end of the following December.
Mr Seldon reached the age of 65 on 15 January 2006.
Realising that he would need to continue working beyond this point, he asked the other partners to extend his tenure.
The proposals were rejected on the basis of there being no sufficient business need.
The partners did however offer Mr Seldon an ex gratia payment of 30,000.
The Employment Equality (Age) Regulations 2006, SI 2006/1031 (the Age Regulations) came into force in October 2006.
Mr Seldon informed the partners that he was considering his rights under the Age Regulations (which have since been repealed but substantially re enacted under the Equality Act 2010).
The partners then withdrew their offer of an ex gratia payment.
Mr Seldon ceased to be a partner in the firm on 31 December 2006.
He issued proceedings in March 2007 alleging, under the Age Regulations, that his forced retirement was an act of direct age discrimination and that the withdrawal of the offer of an ex gratia payment was an act of victimisation.
Regulation 17 of the Age Regulations provides that it is unlawful for a firm to discriminate against partners by, amongst other things, expelling them from that position.
The definition of discrimination is contained in regulation 3 which provides that a person (A) discriminates against another person (B) if on grounds of Bs age, A treats B less favourably than he treats or would treat other persons and A cannot show the treatment to be a proportionate means of achieving a legitimate aim.
There was no dispute that the mandatory retirement age treated Mr Seldon less favourably than other partners and that this was necessarily on account of his age.
The key issue was whether that treatment could be justified.
The Age Regulations were intended to transpose Council Directive 2000/78/EC on equal treatment in occupation and employment into UK law.
Article 2(1)(a) of the Directive states that direct discrimination shall be taken to occur where one person is treated less favourably than another is, has been or would be treated in a comparable situation.
Article 2(1)(b) provides that indirect discrimination occurs where an apparently neutral provision, criterion or practice puts people of a particular age at a particular disadvantage, unless the provision, criterion or practice is objectively justified by a legitimate aim and the means of achieving that aim are appropriate and necessary.
In relation to age discrimination, however, article 6(1) allows member states to provide that differences of treatment on grounds of age shall not constitute discrimination if, within the context of national law, they are objectively and reasonably justified by a legitimate aim, including legitimate employment policy, labour market and vocational training objectives, and if the means of achieving that aim are appropriate and necessary.
Regulation 3 does not distinguish between direct and indirect discrimination for the purpose of justification.
The Employment Tribunal accepted that the retirement policy pursued three legitimate aims: (i) giving
associates an opportunity of partnership within a reasonable time, and thereby an incentive to remain with the firm; (ii) facilitating workforce planning by knowing when vacancies were to be expected; (iii) limiting the need to expel underperforming partners, thus contributing to a congenial and supportive culture within the firm.
The Tribunal found that the mandatory retirement age of 65 was a proportionate means of achieving the three legitimate aims and therefore rejected the discrimination claim (but upheld the victimisation claim).
The Employment Appeal Tribunal held that the Employment Tribunal had failed to consider whether the aims could have been met by a retirement age other than 65 and remitted the case on that point alone.
The Court of Appeal dismissed Mr Seldons appeal.
He then appealed to the Supreme Court asserting that: first, it is wrong to elide the tests for justification in direct and indirect discrimination cases and that the aims pursued by the firm were not legitimate in the context of the former; and secondly, that the treatment had to be justified not only in respect of the firm generally but in its particular application to Mr Seldon.
The Supreme Court unanimously dismisses the appeal and remits the case to the Employment Tribunal on the outstanding issue.
Lady Hale gives the lead judgment with which the other members of the Court agree.
Lord Hope adds some further comments.
As to the first issue, the Employment Tribunal did not have the benefit of the later decisions in the European Court of Justice/Court of Justice of the European Union and in the High Court.
That jurisprudence shows that a distinction must be drawn between the tests for justification in direct and indirect discrimination and regulation 3 should be read accordingly [51].
The aims set out in article 6(1) of the Directive are directed primarily to the Member States and are of a public interest nature, which is distinguishable from purely individual reasons particular to the employers situation, such as cost reduction or improving competitiveness [50(2)].
The Age Regulations had given employers and partnerships the flexibility to choose which aims to pursue, provided that (i) they can count as legitimate objectives of a public interest nature within the meaning of the Directive, (ii) they are consistent with the social policy aims of the state, and (iii) the means used are both appropriate to the aim and reasonably necessary to achieve it [55].
It is necessary to identify the actual objective being pursued, although it may not have been articulated or even realised when the measure was first adopted [59, 60]].
Once an aim has been identified, it has to be asked whether it is legitimate in the particular circumstances of the employment or partnership concerned [61].
Finally, the means chosen must be both appropriate and necessary to achieve that aim [62].
Two broad categories of aim had been accepted as legitimate by the European Court: inter generational fairness and preserving the dignity of older workers [56, 57].
The three aims accepted by the Employment Tribunal in this case were consistent with article 6(1) of the Directive.
Staff retention and workforce planning were directly related to the social policy aim of sharing out professional employment opportunities fairly between the generations.
Limiting the need to expel partners by way of performance management was directly related to the dignity aim [67] (despite some reservations expressed about this aim generally [57, 58]).
As to the second issue, the wording of regulation 3 suggests that the focus is on whether the treatment of Mr Seldon (B) in particular was justified [63].
However, where it is justified to have a general rule, then the existence of that rule will usually justify the treatment which results from it. [65].
Often, requiring the application of the rule to the individual to be specifically justified would negate the purpose of having a rule in the first place [66].
However, all businesses will now have to give careful consideration to what, if any, mandatory retirement rules can be justified in their particular business [66].
The case is remitted to the Employment Tribunal to consider whether the choice of a mandatory age of 65 was a proportionate means of achieving the legitimate aims of the partnership [68].

Sources: [UK-Abs:uksc-2010-0201:retrieval-0046] [UK-Abs:uksc-2010-0201:retrieval-0000] [UK-Abs:uksc-2010-0201:retrieval-0007] [UK-Abs:uksc-2010-0201:retrieval-0008] [UK-Abs:uksc-2010-0201:retrieval-0006] [UK-Abs:uksc-2010-0201:retrieval-0004]",0.81934917,0.0,0.0,0.0,,,,
LQA-034,medium,legal_issue,"Can a plaintiff, who was forcibly dispossessed of agricultural land, file a subsequent suit for restoration of possession after the amendment of the Agricultural Tenancy Act changes the legal classification of the property, and is such a suit barred by res judicata or Order 2 Rule 2(3) of the Code of Civil Procedure?",1,"The plaintiff in the instant case was a lessee of certain agricultural land. The defendants, however, in collusion with the landlord, executed a lease in favour of the first defendant and the latter took possession of the property. The plaintiff filed a suit for eviction of the first defendant on the ground that he was a trespasser. The trial court decreed the suit. The appellate court affirmed the decree. The High Court, however, allowed the appeals and reversed the decree of the trial court. Allowing the appeal, ^ HELD: 1. The High Court was wrong in holding that the suit was barred by res judicata or Order 2 Rule 2(3) of the Code of Civil Procedure. The cause of action for the former suit was based on an apprehension that the defendants were likely to forcibly dispossess the plaintiff. The cause of action for that suit was not on the premise that he had in fact been illegally and forcibly dispossessed and needed the court 's assistance to be restored to possession. Therefore, the subsequent suit was based on a distinct cause of action not found in the former suit. It may be that the subject matter of the suit was the very same property but the cause of action was distinct and so also the relief claimed in the subsequent suit was not identical to the relief claimed in the previous suit. The High Court was, therefore, wrong in thinking that the difference in the reliefs claimed in the two suits was immaterial and irrelevant. [1023G H] 2. The High Court was also wrong in holding that the suit was barred by the principle of res judicata in view of the dismissal of the former suit. The question which arose in the former suit was whether the first defendant proved that he was a tenant in respect of the land in question. This question could not be gone into by the Civil Court in view of the clear language of section 7 read with section 58(2) of the Act. What procedure should the court follow in such situations? It would not stand to reason to","The plaintiff, predecessor in interest of the appellants, flied a suit for a declaration and an injunction to restrain the defendant respondents from dispossessing him from a certain property comprising of a coconut grove.
The trial court dismissed the suit holding that the, plaintiff was no more in possession of the suit property, and, therefore, a suit for a mere declaration simplicitor could not lie.
Consequently, the plaintiff flied another suit for restoration of possession.
His case was that he was a tenant of the suit property, whereof defendant No. 2 was the owners ' and 1016 that he was forcibly dispossessed by defendant No. 1, in collusion with defendant No. 2, without his tenancy having been lawfully terminated.
It was alleged that the defendants were trespassers and liable to be evicted.
The defendants, besides raising the pleas of res judicata and/or constructive res judicata purported to be based on Order 2 Rule 2(3) of the Code of Civil Procedure, contended that defendant No. 1 was in lawful possession of the suit property as the same was let out to him by defendant No. 2 after the lease in favour of the plaintiff stood terminated by efflux of time, and the suit, as such, was not maintainable.
The trial court decreed the suit holding that the suit property was demised to the plaintiff as he was the lawful tenant thereof, and defendant No. 1 in collusion with defendant No. 2 wrongfully dispossessed him.
The appeal riled by the defendants was dismissed by the first appellate court.
The second appeals filed by the defendants were allowed by the High Court holding that the suit was barred by res judicata as well as Order 2 Rule 2(3) C.P.C.
The High Court also held that during the pendency of the suit as a result of the amendment of the Goa, Daman and Diu Agricultural Tenancy Act, 1964 by Act 17 of 1976, known as the Fifth Amendment, the definition of 'agriculture ' was changed and the suit property came to be covered within the expression 'agricultural land ' which rendered the civil court without jurisdiction and the decree passed by it unsustainable.
Aggrieved, the heirs and legal representatives of the plaintiff, filed the appeal by special leave.
Allowing the appeal, this Court, HELD: 1.1 A subsequent suit would be barred by res judicata only when the subject matter of the suit was directly and substantially in issue in the previous suit.
[p. 1022 C] 1.2.
The first suit was dismissed on a technical ground that the suit for a mere declaration without seeking consequential relief of possession could not lie.
In that suit the issue regarding the status of the plaintiff as a lessee was not settled once for all and hence that issue could not be stated to be barred by res judicata in the subsequent suit brought by the lessee for possession of the demised property.
The High Court was not right in holding 1017 that the second suit was barred by res judicata.
1022 F H] 2.1.
Order 2 Rule 2 CPC is based on,the salutory principle that a defendant or defendants should not be twice vexed for the same cause by splitting the claim and the reliefs.
It does not preclude a second suit based.
on a distinct cause of action.
[p. 1023 C E] 2.2.
The doctrine of res judicata differs from the rule embodied In Order 2 Rule 2, in that, the former places emphasis on the plaintiff 's duty to exhaust all available grounds in support of his claim while the latter requires the plaintiff to claim all reliefs emanating from the same cause of action.
[p. 1023 E] 2.3.
The cause of action for the former suit was based on an apprehension that the defendants were likely to forcibly dispossess the plaintiff.
The suit was for an injunction and not for possession of the demised property.
It was not on the premise that the plaintiff had in fact been illegally and forcibly dispossessed and needed the court 's assistance to be restored to possession.
Therefore, the subsequent suit was based on a distinct cause of action not found in the former suit.
The High Court was not right in concluding that the suit was barred by Order 2 Role 2(3) of the Code of Civil Procedure, and that the difference in the reliefs claimed in the two suits was immaterial and irrelevant.
In the previous suit, the relief for possession was not claimed whereas in the second suit the relief was for restoration of possession.
That makes all the difference.
[pp. 1023 F, 1024 B D] 3.1.
The impact of the Fifth Amendment on pending litigation is that the question of tenancy in regard to agricultural land cannot be decided by the civil court under the Act and there being no express saying clause permitting the civil court to decide the same, any decision rendered by the civil court would be without jurisdiction.
The change in law deprived the civil court of jurisdiction which it undoubtedly possessed on the date of the institution of the suit.
Thus, the provisions of the Fifth Amendment would apply to pending suits also.
[pp. 1027 D E; 1028 D E; 1029 C] Shah Bhojraj Kuverji Oil Mills and Ginning Factory vs Subhash Chandra Yograj Sinha; , , relied on.
The Act does not preclude the institution of a suit by a tenant 1018 for restoration of possession from a trespasser.
[p. 1029 C] 3.3.
If a suit Is riled to recover possession of agricultural land from a trespasser and no dispute arises, the adjudication whereof is required to be done by the special machinery set up under the Act, the civil court will continue to have jurisdiction.
[p. 1027 F G] 3A.
If possession of agricultural land is sought on the plea that the defendant is a trespasser and the defendant contends that he is a tenant, the claim of tenancy by defendant cannot be gone into by the civil court in view of the clear language of S.7 read with section 58(2) of the Act In such a situation, it would not stand to reason to non suit the plaintiff who had flied the suit in a competent court having jurisdiction to try the same, merely because of the subsequent change in law.
The proper course, therefore, would be that the issue whether the defendant was a tenant should be referred to the Mamlatdar for decision and, after his decision is received by the civil court, if the issue is held against the defendant, the civil court may consider passing of a. decree.
for eviction but if, on the other hand, he is held to be a tenant, the civil court may be required to dismiss the suit [pp. 1029 F H; 1030 A B; 1031 D E] Bhimaji Shankar Kulkam vs Dundappa Vithappa Udapudi & Anr., ; =. ; and Dhondi Tukaram vs Hari Dadu, AIR 1954 Bom.
100 = ILR , relied on.
The impact of Fifth Amendment may give rise to a situation where a deemed tenant under s.4 of the Act is evicted from the land on or after 1st July, 1962; his remedy under s.8(2) is to approach the authority under the Act for recovery of possession of the land of which he has been disposed, and jurisdiction of the civil court stands wholly barred by virtue of s.58(2) of the Act as it would not be competent to pass any order for restoration of possession to the deemed tenant.
If such a situation arises in a pending suit which was instituted in a competent court having jurisdiction at the date of its institution, it would be unfair to non suit the plaintiff altogether for no fault of his own and the proper course would be to follow in spirit the procedure outlined in Order 7, Rules 10 and 10A, C.P.C. [pp. 1031 F H; 1032 A B] 4.
The High Court lacked jurisdiction to decide the question regarding tenancy on merits.
Its order is set aside and the matter is remitted to 1019 the trial court to determine the course of action to be adopted in accordance with the guideline indicated hereinabove.
[p. 1032 D F]

Sources: [IN-Abs:7130:retrieval-0002] [IN-Abs:7130:retrieval-0000] [IN-Abs:7130:retrieval-0005] [IN-Abs:7130:retrieval-0001] [IN-Abs:7130:retrieval-0023] [IN-Abs:7130:retrieval-0011]",0.8455575,0.0,0.0,0.0,,,,
LQA-091,hard,judicial_reasoning,"Does the Lord Chancellor's use of a residence test to limit eligibility for civil legal aid fall within the power conferred by section 9(2)(b) of the Legal Aid, Sentencing and Punishment of Offenders Act 2012, considering the statutory context and the distinction between varying services and limiting eligibility based on personal characteristics?",1,"The Lord Chancellor proposed to introduce a residence test for civil legal aid by amending Schedule 1 to the Legal Aid, Sentencing and Punishment of Offenders Act 2012 (LASPO) by means of delegated legislation in the form of a statutory instrument. The draft order stated that it was made pursuant to sections 9(2)(b), 41(1)(a) and (b), 41(2)(a) and (b), and 41(3)(b) and (c) of LASPO. The draft order effectively provided that an individual who failed the residence test would no longer qualify for civil legal aid for any types of claim, subject to certain limited exceptions. The Divisional Court held that the draft order was unlawful on both grounds. The Lord Chancellor appealed against both conclusions reached by the Divisional Court. The Court of Appeal allowed the appeal, holding that the draft order was intra vires and, while it was discriminatory in its effect, the discrimination could be justified. The Court of Appeal also held that the Lord Chancellor had the power to make the draft order under section 9(2)(b) of LASPO. The Court of Appeal was wrong in holding that the Lord Chancellor had the power to make the draft order under section 9(2)(b) of LASPO. [UK-Abs:uksc-2015-0255:retrieval-0018:1] The argument that the draft order is ultra vires the powers granted to the Lord Chancellor is, in essence, as follows. The exclusion of a specific group of people from the right to receive civil legal services in relation to an issue, on the ground of personal circumstances or characteristics (namely those not lawfully resident in the UK, Crown Dependencies or British Overseas Territories) which have nothing to do with the nature of the issue or services involved or the individuals need, or ability to pay, for the services, is simply not within the scope of the power accorded to the Lord Chancellor","This appeal concerns the legality of attempts by the Lord Chancellor to introduce a residence test for civil legal aid by amending the Legal Aid, Sentencing and Punishment of Offenders Act 2012 (LASPO).
Part 1 of LASPO came into force on 1 April 2013.
It includes section 9, subsection (1) of which provides that civil legal services are to be available to an individual if they are legal services described in Part 1 of Schedule 1, and the Director of Legal Aid Casework has determined that the individual qualifies for the services in accordance with Part 1 of LASPO.
Part 1 of Schedule 1 accordingly sets out the services for which civil legal aid is available.
Subsection 9(2) permits the Lord Chancellor to (a) add to, and (b) vary or omit services in Part 1 of the Schedule.
In April 2013, the Ministry of Justice (MOJ) issued a paper in which it stated that, subject to certain specific exceptions, the Government would proceed with the introduction of a residence test so that only those who are lawfully resident in the UK (or Crown Dependencies or British Overseas Territories) at the time of the application and have so resided for a continuous period of at least 12 months at any point in the past would be eligible for civil legal aid.
In September 2013, the Lord Chancellor decided to proceed with the proposal and to make regulations to that effect in the form of delegated legislation (the draft order), which was put before Parliament on 31 March 2014.
Before the draft order was laid before Parliament, the Public Law Project applied to the High Court for a declaration that the draft order was unlawful on the basis that it was (i) ultra vires, i.e. outside the scope of the power granted to the Lord Chancellor by LASPO to bring forward delegated legislation; and (ii) unjustifiably discriminatory in its effect.
The Divisional Court held that the draft order was unlawful on both grounds.
Following the decision of the Divisional Court, the Lord Chancellor withdrew the draft order before any debate in the House of Lords could take place.
On appeal, the Court of Appeal allowed the Lord Chancellors appeal on both grounds, holding that the draft order was intra vires and that, while it was discriminatory in its effect, the discrimination could be justified.
The Public Law Project now appeal to the Supreme Court on both grounds.
Following a hearing at which the Court heard argument on the ultra vires issue and indicated that it did not need to hear argument on the discrimination issue, the Supreme Court unanimously allows the
Public Law Projects appeal on the ultra vires issue.
Lord Neuberger gives the only judgment, with which the other Justices agree.
The Public Law Project contend that the exclusion of a specific group of people from the right to receive legal services on the ground of personal circumstances or characteristics, which have nothing to do with the nature of the issue or services involved or the individuals need, or ability to pay, for the services, is not within the scope of the power accorded to the Lord Chancellor by section 9(2)(b) of LASPO, and that nothing in section 41 undermines that contention.
That argument is accepted by the Court [30].
In declaring subordinate legislation to be outside the scope of the statutory power pursuant to which it was purportedly made, the Court is upholding the supremacy of Parliament over the Executive [23].
Section 9(2)(b) provides a power to vary or omit services, but the relevant parts of the draft order do not seek to vary or omit services; rather, they seek to reduce the class of individuals who are entitled to receive those services by reference to a personal characteristics or circumstance unrelated to the services (i.e. length of residency) [30].
This interpretation of the wording of section 9(2) is supported by the wider statutory context.
Each of the services identified in Part 1 and Part 2 of Schedule 1 is linked to a specific type of legal issue or claim, and has nothing to do with the personal circumstances or characteristics in particular the geographical residence of the potential recipient of the services [31].
This conclusion is also supported by contrasting the wording of the two subsections of section 9.
Subsection (1) clearly distinguishes between the question of whether the particular services qualify and whether the particular individual qualifies [33].
Section 9(2) is concerned with the services which qualify, and it is section 11 which appears to be concerned with identifying the characteristics or circumstances of individuals who are to qualify for civil legal aid.
The criteria that section 11 sets out all relate to the issue involved, the services concerned, or the need of the individual for financial assistance, in contrast to the draft order.
This indicates that the draft order is attempting to do something which the legislature never had in mind when enacting section 9 [34].
The Court of Appeal concluded that section 41 could be invoked to defeat the contention that the Lord Chancellor could not make the draft order under section 9.
While it is true that section 41(2)(b) permits any order made under section 9(2)(b) to make provision by reference to services provided for a particular class of individual, this cannot extend the power under section 9(2)(b) so as to exclude a whole class of individuals from the scope of Part 1 of LASPO by reference to their residence [36].
Section 41 is clearly intended to grant ancillary powers to those primarily granted under section 9 [36].
Accordingly, the appeal should be allowed on the first, ultra vires, issue, and the Court does not have to deal with the discrimination issue [39].

Sources: [UK-Abs:uksc-2015-0255:retrieval-0000] [UK-Abs:uksc-2015-0255:retrieval-0009] [UK-Abs:uksc-2015-0255:retrieval-0011] [UK-Abs:uksc-2015-0255:retrieval-0001] [UK-Abs:uksc-2015-0255:retrieval-0023] [UK-Abs:uksc-2015-0255:retrieval-0010]",0.84546965,0.0,0.0,0.0,,,,
LQA-005,medium,precedent_application,"How was the legal principle regarding agricultural income and the nature of pension receipts applied to the facts of the case where the respondent claimed the pension from the 1837 compromise was agricultural income under section 4(3)(viii) of the Income Tax Act, 1922?",1,"The respondent claimed the pension from the 1837 compromise as agricultural income under section 4(3)(viii) of the Income Tax Act, 1922. The source of the income was the arrangement arrived at in 1837 and, therefore, it was not agricultural income as defined in the Act. [705E] (b) The source of the pension was a liability undertaken by the Government for extinguishing the proprietary rights of the jagirdar and when the immediate source of the income was not land or rent collections from land, it could not be held to be agricultural income within the meaning of section 4(3)(viii) of the Income Tax Act. [706B] (c) Where an assessee receives income, not itself of a character to fall within the definition of agricultural income contained in the Act, such income does not assume the character of agricultural income by reason of the source from which it is derived, or the method by which it is calculated. [703D] Maharajkumar Gopal Saran Narain Singh vs Commissioner of Income tax, Bihar and Orissa, , followed.","The respondent was the head of a Hindu undivided family and was the descendant of a Jagirdar.
Certain disputes between the Jagirdar and the Zamindars in the district had been settled in 1837 by a compromise between the British Government and the then Jagirdar, whereby, the Government granted the Jagirdar and his heirs a pension in perpetuity to be calculated on the basis of one fourth of the revenue of the Jagir.
By this arrangement the collections from the Jagir became payable by the Zamindars direct to the Government and the Jagirdar and his successors no longer remained the proprietors of the Jagir and became entitled only to a pension.
The Income tax Officer assessed the receipt of the pension by the respondent as part of his regular income and rejected the latter 's contention that the amount received was agricultural income within the meaning of section 4(3)(viii) of the Income tax Act, 1922.
In appeal, the Assistant Commissioner accepted the respondent 's contention, but the Tribunal reversed this finding.
The High Court, on a reference, decided the issue in favour of the respondent, on the grounds, inter alia, that the right conferred under the compromise of 1837 was a right to a share of one fourth in the net land revenue collections and furthermore, the amount received by the successors of the Jagirdar varied from year to year.
In the appeal before the Supreme Court, it was also contended on behalf of the respondent that the amount received was in the nature of a capital receipt, being a payment to the Jagirdar and his successors of compensation for relinquishing the title to the Jagir lands.
HELD: (i) Under the compromise and arrangement of 1837, the respondent had no interest in the land or in the land revenue payable in respect thereof.
[704 A] State of U.P.v.
Kunwar Sri Trivikram Narain Singh; , , followed.
As the source of the income in this case was the arrangement of 1837, the income could not be held to be derived from land within the meaning of the definition of agricultural income in section 2(1)(a) of the Act.
Even if the income varied from year to year, the source of the income was still the arrangement and not land.
[705 G] Maharajkumar Gopal Saran Narain Singh, vs
C.I.T. Bihar and Orissa, , C.I.T. Bihar and Orissa vs Raja Bahadur Kamkhya Narayan Singh and Ors, , Mrs. Bacha F. Guzdar vs
C.I.T. Bombay , MaharaJadhiraja Sir Kameshwar Singh, vs C.I.T. Bihar and Orissa, , followed.
(ii) The amount received by the respondent was not a capital receipt but revenue income and therefore taxable.
701 Where an owner of an estate exchanges a capital asset for a perpetual annuity, it is ordinarily taxable in his hands.
The position would be different if he exchanged his estate for a capital sum payable in installments.
Such installments when received would not be taxable as income.
But in the present case there was no material to show that the amount received was an instalment of this nature.
[706 H~707C] Commissioner of Inland Revenue vs Wesleyan and General Assurance Society, , and Perrin vs Dickson , referred to.

Sources: [IN-Abs:1974:retrieval-0002] [IN-Abs:1974:retrieval-0005] [IN-Abs:1974:retrieval-0006] [IN-Abs:1974:retrieval-0004] [IN-Abs:1974:retrieval-0007] [IN-Abs:1974:retrieval-0000]",0.84845906,0.0,0.0,0.0,,,,
LQA-077,easy,outcome,"In a case where a 17-year-old appellant had consensual sexual intercourse with a 13-year-old girl, and was convicted under section 4 of the 1885 Act for unlawful carnal knowledge, what did the court determine regarding the necessity for the prosecution to prove the appellant lacked belief that the girl was over 13?",1,"The appellant was convicted under section 4 of the 1885 Act for unlawful carnal knowledge of a 13 year old girl. The prosecution did not seek to prove that the appellant lacked belief that the girl was over 13. The appellant contended that the prosecution was obliged to prove that he lacked belief that the girl was over 13. The prosecution relied on the proviso to section 4 of the 1885 Act which provided that ""no person shall be deemed to have carnal knowledge of a girl under the age of thirteen years if he believes that she is above the age of thirteen years"". The Court of Appeal dismissed the appeal. The appellant appealed to this Court. The appellant contended that the prosecution was obliged to prove that he lacked belief that the girl was over 13. [UK-Abs:uksc-2011-0233:retrieval-0024B] R v G (Secretary of State for the Home Department intervening) [2009] AC 92, referred to. [UK-Abs:uksc-2011-0233:retrieval-0024C] R v Prince (1875) LR 2 CCR 154, referred to. [UK-Abs:uksc-2011-0233:retrieval-0024D] R v J [2005] 1 AC 562, referred to. [UK-Abs:uksc-2011-0233:retrieval-0024E] R v G (Secretary of State for the Home Department intervening) [2009] AC 92, referred to. [UK-Abs:uksc-2011-0233:retrieval-0024F] R v Prince (1875) LR 2 CCR","The question in this appeal is whether there is a requirement for the prosecution to prove a defendant had an absence of belief that the person they were having sexual intercourse with was over the age of 13, before they can be convicted of an offence of unlawful carnal knowledge of a girl under the age of 14.
The appellant, who was 17 years old at the time, had sexual intercourse with a 13 year old girl.
Initially the girl informed her mother of this fact but told her the intercourse had not been consensual.
The appellant was arrested.
Subsequently however, the girl withdrew the allegation and admitted the sex had been consensual.
As a result, the appellant was charged with the offence of having unlawful carnal knowledge of a girl under the age of 14 contrary to section 4 of the Criminal Law Amendment Acts (Northern Ireland 1885 1923) (the 1885 Act) a serious offence that carries a maximum of life imprisonment.
The appellant was represented and pleaded guilty to the charge at Belfast Crown Court in 2004.
He was sentenced to 3 years detention in a Young Offenders Centre, suspended for 2 years.
He had pleaded guilty on the understanding that it was no defence to a charge under section 4 for the defendant to show he believed the girl was over the age of 13.
Following his conviction the appellant received advice from different solicitors and launched an appeal, arguing that the Crown was indeed required to prove that the appellant did not believe the girl was over 13 years old.
The appellant argued before the Northern Ireland Court of Appeal that section 4 was silent as to such a defence but in view of the legislative history and its seriousness, it must be presumed that there is a mental element to the offence.
The appellant relied on the general presumption that criminal offences require the prosecution to prove mens rea i.e. some intent on the part of the accused, unless explicitly excluded by the language of the statute or necessarily inferred from the language of the offence.
Such a presumption is hard to displace, especially in relation to serious offences.
The Court of Appeal rejected the appellants arguments and held that no defence of reasonable or honest belief existed.
All that was necessary was for the prosecution to prove the accused had had sex with a girl who was actually under the age of 14.
The appellant thus appealed to the Supreme Court.
The Supreme Court unanimously dismisses the appeal.
Lord Kerr gives the judgment of the court.
A clearly discernible historical trend of increasing the age at which liability for more serious offences is incurred, while reducing the sentence imposed, can be detected [3].
Section 4 as originally enacted referred to unlawful carnal knowledge of a girl under 13 years old.
This was amended to 14 years by the Children and Young Persons (Northern Ireland) Act 1950 (the 1950 Act).
Section 5 of the 1885 Act created the same offence in relation to a girl between the ages of 13 15.
Section 5 and section 6 (permitting defilement on premises) contained provisos that it would be a defence to show that the accused reasonably believed the girl was of or above the age of 16 years.
Such defences were abolished by section 2 of the Criminal Law (Northern Ireland) Amendment Act 1923, as amended by section 140 of the 1950 Act.
Section 5 thus referred to any girl under 17 years old, with an express prohibition of any defence of reasonable belief that she was 17 or older.
No such type of defence has ever been explicitly provided in any version of section 4 [7 13].
The constitutional principle that mens rea is presumed to be required in order to establish criminal liability is a strong one.
It is not to be displaced in the absence of clear statutory language or unmistakably necessary implication.
Where the statutory offence is grave and carries a heavy penalty or a substantial social stigma, the case is enhanced against implying that mens rea of any ingredient of the offence is not needed [26].
One must at least begin with an examination of what the legislative intention was before considering whether modification of that intention is justified by later amendments or contemporary social contexts [31].
There can really be no doubt that the section in its original form was intended to impose criminal liability for carnal knowledge of a female under the age of 14 without proof that the perpetrator knew or had reason to believe that she was below that age.
The decision in R v Prince (1875) LR 2 CCR 154 10 years prior to the 1885 Act confirmed that proof of knowledge or lack of reasonable belief in the age of the victim was not required under section 51 of the Offences Against the Person Act 1861.
This formed the crucial backdrop to the 1885 Act.
The juxtaposition of sections 5 and 6 of the 1885 Act, which originally contained a defence of reasonable belief, with section 4 make it clear that no such defence was to be provided for under the latter section [32].
It would be anomalous if the subsequent removal of the defence from sections 5 and 6 meant that it should be implied into section 4 to which it had not previously applied [34].
While the amended legislation is to be construed in its revised form, it does not follow that its antecedent history has to be entirely left out of account.
To suggest that the removal of the defence under sections 5 and 6 would have the effect of introducing it under section 4 by implication takes contrivance too far [36].
The policy approach of protecting younger females by ensuring that a defence of reasonable belief should not be available has been unswerving.
Further, there is nothing in the contemporary social context which militates against the denial of the defence of belief as to age for section 4 offences [37 38].

Sources: [UK-Abs:uksc-2011-0233:retrieval-0020] [UK-Abs:uksc-2011-0233:retrieval-0000] [UK-Abs:uksc-2011-0233:retrieval-0013] [UK-Abs:uksc-2011-0233:retrieval-0024] [UK-Abs:uksc-2011-0233:retrieval-0009] [UK-Abs:uksc-2011-0233:retrieval-0019]",0.8290001,0.0,0.0,0.0,,,,
LQA-078,hard,multi_issue_synthesis,"In the context of the Pensions Act 2004 and the Insolvency Rules 1986, if a target company's liability under a financial support direction (FSD) is issued after the company has entered insolvent administration, does this liability rank as a provable debt under rule 13.12(1)(b), and what implications does this have for the treatment of such liabilities in relation to other unsecured creditors?",1,"The Pensions Regulator subsequently initiated machinery under the Pensions Act 2004 to require certain other group members (the Target Companies) to provide financial support for the Scheme. The Pensions Regulator issued a Financial Support Direction (FSD) under the Pensions Act 2004 to the Target Companies. The Target Companies entered into administration. The administrators sought to treat the liabilities as expenses of the administrations. The High Court held that the liabilities did not rank as expenses of the administrations, but that they ranked pari passu with the unsecured creditors of the Target Companies. The Court of Appeal upheld the High Courts decision. The Supreme Court considered whether the liabilities in the present cases would rank pari passu with the unsecured creditors of the Target Companies, and whether those liabilities ranked as expenses of the administration. The Court also addressed the power of the court under the 1986 Act and the Insolvency Rules to vary the priority of the liabilities. [UK-Abs:uksc-2011-0260:retrieval-0002] 1.2 The potential FSD regime liabilities in the present cases fall within rule 13.12(1)(b), even where the FSD is not issued until after the relevant insolvency event. [UK-Abs:uksc-2011-0260:retrieval-0051] 1.3 On the date they went into administration, each of the Target Companies had become a member of a group of companies, and had been such a member for the whole of the preceding two years the crucial look back period under the 2004 Act. Membership of a group of companies is undoubtedly a significant relationship in terms of law: it carries with it many legal rights and obligations in revenue, company and common law. By the date they went into administration, the group concerned included either a service company with a pension scheme, or an insufficiently resourced company with a pension scheme, and that had been the","These appeals raise questions of some significance arising out of the interrelationship of the statutory schemes relating to the protection of employees pensions and to corporate insolvency.
In order to protect employees from the adverse consequences of an under funded occupational pension scheme, the Pensions Act 2004 (the 2004 Act) introduced a financial support direction (FSD) regime.
This enables the Pensions Regulator in specified circumstances (i) to impose, by the issue of an FSD to some or all of the other group companies (known as targets), an obligation to provide reasonable financial support to the under funded scheme of the service company or insufficiently resourced employer, and (ii) to deal with non compliance with that obligation by imposing, through a Contribution Notice (a CN), a specific monetary liability payable by a target to the trustees.
Many UK registered members of the Lehman group of companies and of the Nortel group of companies have gone into insolvent administration.
One of those Lehman group companies entered into service contracts with, and ran a pension scheme for the benefit of, employees who worked for other group members.
The Nortel group included a company which had a pension scheme, and which was insufficiently resourced to fund that scheme.
The pension scheme (the Scheme) in each case was a final salary scheme, which appears to be, and to have been for some time, in substantial deficit.
The Pensions Regulator subsequently initiated machinery under the 2004 Act to require certain other group members the target companies to provide financial support for the Scheme.
That machinery has been held up so it can be decided how the administrators of a target company should treat that companys potential liability under the FSD regime (in due course the liability under a CN) in a case where the FSD is not served until after the company has gone into administration (or into insolvent liquidation).
Specifically, would the liability under such a requirement rank (a) as an expense of the targets administration, (b) pari passu (i.e. equally) with the target companies other unsecured creditors, or (c) as neither? Under option (a) the liability would rank ahead of the unsecured creditors, and may well be paid in full; under option (b) it would rank equally with those creditors; under option (c) it would rank behind them, and would probably be worthless.
Briggs J and the Court of Appeal concluded that option (b) was not open to them, and preferred option (a) to option (c).
The Supreme Court considers option (b) to be correct, and unanimously allows the appeals to the extent of declaring that a targets liability under the FSD regime, arising pursuant to an FSD issued after the company has gone into administration, ranks as a provable debt of the company, and does not rank as an expense of the administration.
Lord Neuberger gives the main judgment of the Court, with which Lord Mance, Lord Clarke and Lord Toulson agree.
Lord Sumption gives a short concurring judgment, with which Lord Mance and Lord Clarke agree.
The potential liability as a result of an FSD issued after the commencement of an administration or an insolvent liquidation (an insolvent event) can constitute a provable debt within rule 13.12 of the Insolvency Rules 1986 (SI 1925/1986) (the Insolvency Rules).
Whilst the potential FSD regime liabilities in the present cases do not fall within rule 13.12(1)(a) [68] [71], they fall within rule 13.12(1)(b) [83].
It is common ground that if a CN had been issued in respect of a target before an insolvent event, it would give rise to a provable debt.
The courts below considered that, if a CN were issued after an insolvent event, it would give rise to a provable debt if it was based on an FSD issued before the insolvent event.
It appears somewhat arbitrary that the characterisation and treatment of the liability under the FSD regime should turn on when the FSD or CN happens to have been issued, if it is based on a state of affairs which existed before the insolvent event [59].
The courts below felt constrained by a consistent line of authority from reaching the conclusion the Supreme Court has reached, although it appears that they would have so held if they had felt able to do so [56].
These earlier authorities can be overruled: the judgments are very short of reasoning, are inconsistent with another line of authority, and were decided at a time when the legislature and the courts were less anxious than currently for an insolvency to clear all the liabilities of a bankrupt (as they were all concerned with individual insolvencies) [87] [94].
There is no doubt that the liability which is imposed on a target on the issuing of an FSD after an insolvent event is a liability for the purposes of rule 13.12(1)(b), as it is a liability under an enactment within rule 13.12(4).
The question is, however, whether it can be said to be a liability which arose by reason of any obligation incurred before the insolvent event [72].
That issue centres on the meaning of the word obligation in rule 13.12(1)(b) [74].
At least normally, in order for a company to have incurred a relevant obligation under rule 13.12(1)(b), it must have taken, or been subjected to, some step or combination of steps which (a) had some legal effect (such as putting it under some legal duty or into some legal relationship), and which (b) resulted in it being vulnerable to the specific liability in question, such that there would be a real prospect of that liability being incurred.
If these two requirements are satisfied, it is also relevant to consider (c) whether it would be consistent with the regime under which the liability is imposed to conclude that the step or combination of steps gave rise to an obligation under rule 13.12(1)(b) [77].
In these appeals, all these requirements are satisfied, and accordingly the relevant obligation arose before the target companies went into administration.
Given that the potential FSD liability in each of these cases is a provable debt within rule 12.3 of the Insolvency Rules, and therefore it would not be an expense, it is strictly unnecessary to consider whether the liability under an FSD served after an insolvent event would be a liquidation expense, if, as the courts below held, it was not a provable debt [97].
However, given that this issue was fully debated before the Court, and is one of some potential importance, the Court concludes that, if the liability did not rank as a provable debt, it would not count as an expense of the administration [98] [114].
The Court also concludes that if it had taken a different view on the provable debt issue, it would not have held that it had a residual discretion to direct the administrator of a target company to accord to the potential liability under the FSD regime a higher ranking than it would be given under the relevant legislation [115] [127].
Lord Sumption adds some observations about the limitations on what constitutes an obligation incurred for the purpose of rule 13.12(1)(b) of the Insolvency Rules [129] [136].

Sources: [UK-Abs:uksc-2011-0260:retrieval-0000] [UK-Abs:uksc-2011-0260:retrieval-0003] [UK-Abs:uksc-2011-0260:retrieval-0006] [UK-Abs:uksc-2011-0260:retrieval-0037] [UK-Abs:uksc-2011-0260:retrieval-0038] [UK-Abs:uksc-2011-0260:retrieval-0004]",0.8299625,1.0,0.16666666666666666,1.0,,,,
LQA-013,medium,statutory_interpretation,How was Section 395 of the Indian Penal Code interpreted in the context of an accused person's possession of stolen goods when there was no direct evidence linking them to the dacoity?,1,"If there is other evidence to connect an accused with the crime itself, however small, the finding of the stolen property with him is a piece of evidence which connects him further with the crime. There is then no question of presumption. The evidence strengthens the other evidence already against him. [317B] 316 Sanwal Khan vs State of Rajasthan, ; , Wasim Khan vs State of Uttar Pradesh, ; , referred to.","Two carts loaded with cloth returning alongwith others from a weekly village market were looted by 20 or more persons.
The houses of 20 persons including the 14 appellants were searched and the looted cloth was recovered from their Possession.
They were tried and held guilty Linder section 395 of the Indian Penal Code.
The High Court dismissed their appeals.
In appeal by special leave to this Court their only contention was that in the absence of other evidence connecting them with the dacoity, the presumption to be drawn from the possession of stolen clothes ought to have been one under section 411 of he Indian Penal Code or at the most under section 412 of the Indian Penal Code and not of complicity in the crime of dacoity.
It was urged that since section 114 of the Evidence Act did not lay down definitely the presumption to be drawn in a given set of circumstances it was necessary always to start with the lesser presumption and draw the higher presumption only when there was some other evidence to.
show the complicity of the persons in the crime itself.
HELD : If there is other evidence to connect an accused with the crime itself, however small, the finding of the stolen property with him is a piece of evidence which connects him further with the crime.
There is then no question of presumption.
The evidence strengthens the other evidence already against him.
It is only when the accused cannot be conis stronger than if there is a large gap of time.
Disposal of the fruits of crime that the presumption may be drawn.
In what circumstances the one presumption or the other may be drawn will differ from case to case [722 D] When the discovery of the fruits of crime is made immediately after the commission of the crime the presumption of complicity in the crime nected with the crime except by reason of possession of the fruits of crime requires the finding of a person ready to receive them and the 'shortness of time, the nature of the property which is disposed of, that is to say, its quality and character determine whether the person who had the goods in his possession received them from another or was himself the thief or dacoit, [722 F] In the present case the offence was committed at night by as many as 'IO persons or more.
Shortly after the offence the houses of 20 persons were searched and large quantities of the stolen goods were found in their houses.
It was impossible that these 20 persons were merely 'receivers of stolen property from some other 20 persons who were the decoits.
It was legitimate therefore to raise the presumption in this case that the persons with whom the goods were found were the dacoits themselves.
[723 A B]

Sources: [IN-Abs:2796:retrieval-0000] [IN-Abs:2796:retrieval-0001] [IN-Abs:2796:retrieval-0004] [IN-Abs:2796:retrieval-0005] [IN-Abs:2796:retrieval-0002] [IN-Abs:2796:retrieval-0003]",0.8346429,0.0,0.0,0.0,,,,
LQA-032,medium,statutory_interpretation,How did the Supreme Court interpret the provisions of the Import and Export Policy 1978-79 and 1988-91 in determining the eligibility of petitioners for import flexibilities under Para 218(10) of the 1988-91 Policy?,1,"The petitioners were granted additional licences to the extent of 33.33% of the F.O.B. value of the exports made by them during the year 1977 78. The petitioners contended that they were entitled to the same facilities that had been provided to Export Houses who were granted additional licences under the Import & Export Policy 1988 91. Dismissing the petitions, ^ HELD: The petitioners who were granted additional licences to the extent of 33.33% of the F.O.B. value of the exports made by them during the year 1977 78 cannot, therefore, be said to be persons similarly circumstanced as Export Houses who exported goods in the year 1987 88 and in subsequent years and obtained additional licences for a much lesser value under the Import Policy 1988 91 on the basis of the net foreign exchange earnings. The provisions conferring flexibility in the matter of imports contained in sub para (4) of para 215 of the Import & Export Policy 1988 91 are intended to give an incentive to Export Houses to increase the exports in a way as to enhance the net foreign exchange earnings of the country. The petitioners were not granted additional licences on the basis of net foreign exchange earnings and they have secured the additional licences on the basis of the F.O.B. value of the exports, without taking into account the value of the goods imported by them for achieving the exports. They cannot claim to be entitled to the same facilities that have been provided to Export Houses who are granted additional licences under the Import & Export Policy 1988 91. [245F G] D.Navinchandra & Co. vs Union of India & Ors., ; , referred to.","The petitioners, carrying,on import export of diamonds, field applications for registration as Export Houses and grant of Additional Import Licences under Para 174 and 176 of the Import and Export Policy 1978 79 which were rejected by the authorities on the ground that they have failed to diversify their exports of ""other products"" during the year 1977 78.
They challenged the order of the authorities by filing writ petitions before the Bombay High Court under Article 226 of the Constitution.
One of the petitions was dismissed by a learned single judge of the High Court and the said petitions filed an appeal before a Division Bench of the High Court.
During the pendency of the appeal 233 and the writ petition,the Supreme Court by its order dated April 18, 1985 decided the case of Union of India vs Rajnikant Bros. holding that there was no requirement of diversification of exports as a condition for the grant of Export Houses Certificates in the Import Export Policy for the year 1978 79 but the grantee of Additional Licences were not only prohibited from importing items which were excluded in the Export Policy 1978 79 but also from importing items excluded under the Import Policy prevailing at the time import.
The High Court decided the cases of the petitioners in accordance with the decision of this Court in Union of India vs Rajnikant Bros. Purusant to the decision of the Bombay High Court petitioners were granted Export House Certificates and Additional Import Licences which were valid for 12 months, with the same condition as provided by this Court in its order dated April18, 1985 in the case of Rajnikant.
However, the petitioners were not able to make imports under the said licences till 31st March,1988.On 1.4.1988, the Government of India issued a revised Export and Import Policy for the period 1988 91.Under Para 215 of the said revised policy certain flexibilities were granted in the matter of imports to the grantees of Additional Import Licences.
However, under para 218(10) of the said revised Policy the holdersof the Additional Import Licences issuedprior to 1.4.1988 were made ineligible for the benefit of flexibilities in import as contained in para 215(4).
Since ,the petitioners were holding licences issued prior to 1.4.1988 they could not avail the flexibilities in import as contained in Para 215 of the 1988 91 Policy.
Consequently, they filed writ petitions in this Court challenging the validity of para218(10) of the 1988 91 Policy contending (i) that all the Export Houses who were granted Additional Licences constitute at single class and their classification on the basis of date or on the basis of period of exports has no connection with the object sought to be achieved by the 1988 91 policy; (ii) that Para 218(10) of 1988 91 Policy arbitrarily discriminates between Export Houses who were issued Additional Licences prior to 1.4.1988 since the benefits ofPara 214 of 1988 91 Policy were conferred only on the latter; (iii) that in view of the judgement of this Court in C.Naveenchandra and Co. vs Union of India, [1987] 2 S.C.R. 989 the petitioners should be treated at par with the grantees of Additional Licences under the Export Policy for the subsequent years and since there has been relaxation in the matter of policy of canalisation of imports under Para 215(4) in respect Additional Licences granted to Export Houses under the 1988 91 Policy, the petitioners were also entitled to a similar relaxation.
Dismissing the petitions, this Court, 234 HELD: 1.
The right to equality guaranteed under Article 14 ensures equality amongst equals and its aim is to protect persons similarly placed against discriminatory treatment.
It means that all persons similarly circumstance shall be treated alike both in privileges conferred and liabilities imposed.
Conversely discrimination may result if persons dissimilarily situate are treated equally.
Even amongst persons similarly situate differential treatment wouldbe permissible between one class and the other.
In that event it is necessary that the differential treatment should be founded on an intelligible differentia which distinguishes persons or things that are grouped together from others left out of the group and that differentia must have a rational relation tothe object sought to be achieved by the statute in question.
[242H, 243A B] 2.
A close examination of the Import & Export Policy 1978 79 and the Import & Export Policy 1988 91 shows that there is material difference between the conditions for grant of Additional licences under Import Policy 1978 79 and the conditions for grant of such licences under the Import Policy 1988 91.
While in the Import & Export policy 1978 79 the emphasis was only on the f.o.b. value of exports without taking into account the outgo of foreign exchange in importing the goods required for achieving the exports by an Export House and Additional licences were granted for a much larger amount at a higher percentage on the basis of the f.o.b.value of the exports, where as in the Import & Export Policy 1988 91 there is a more realistic appraisal of actual benefit to the country ' economy by the exports by taking into account the net foreign exchange earnings after deducting the value of the imports and additional licences are issued on the basis of the net foreign exchange earnings for a much lesser value on a smaller percentage.
Therefore, the basis for the grant of Additional Licences which are entitled to relaxation in import under the 1988 91 Policy is different from the basis on which Additional Licences were granted under the 1978 79 policy.
[243C, 245B C,248A] 3.
The petitioners were not granted Additional Licences on the basis of net foreign exchange earnings and they have secured the Additional Licences on the basis of f.o.b. value of the exports, without taking into account the value of goods imported by them for achieving the exports.
It cannot be said that the petitioners who have been granted Additional Licences under the 1978 79 Policy and the Export Houses who were granted Additional Licences under the 1988 91 Policy are persons similarly circumstanced.
Therefore the petitioners cannot claim the same facilities that have been provided to Export Houses who are granted Additional Licences under the 1988 91 Policy.
Hence they have failed to make out a case for interference by this Court under 235 Article 32 and consequently they cannot assail the validity of Para 218(10) of the Import & Export Policy 1988 91.[245E, 243D, 245F, 249C, 248B] 4.
Export Houses, like the petitioners, who were granted Additional Licences on the basis of order of this Court dated April 18, 1985 are not to be treated at par with Export Houses who are granted Additional Licences under the Import & Export Policy prevalent at the time of import.
Import of canalised items under Additional Licences issued to the petitioners would be permissible if the import policy prevailing at the time of import permits them to import such items.
Therefore the rights of the petitioners under the Additional Licences issued to them would be governed by the terms of the Import Policy prevailing at the time of import.[246A B, 247E, 247H] D. Naveenchandra & Co. Bombay & Anr.
vs Union of India Raj Prakash Chemicals Ltd. & Anr.
vs Union of India & Ors.
, ; ; Union of India vs Godrej Soaps Pvt . Ltd., [1986]3 S.C.R. 771; Union of India vs Rajnikant Bros., Civil Appeal No. 1423 of 1984 decided on 18.4.1985; Indo Afghan Chamber of Commerce vs Union of India, , referred to.
B. Vijay Kumar & Co. etc.
vs Collector of Central Excise and Customs, ; ; held inapplicable.

Sources: [IN-Abs:6647:retrieval-0000] [IN-Abs:6647:retrieval-0001] [IN-Abs:6647:retrieval-0005] [IN-Abs:6647:retrieval-0016] [IN-Abs:6647:retrieval-0012] [IN-Abs:6647:retrieval-0029]",0.8445271,0.0,0.0,0.0,,,,
