question_id,question,difficulty,question_type,answerable,expected_behavior,source_partition,dataset,jurisdiction,case_id,judgment_hash,reference_id,summary_hash,unanswerable_reason,reference_answer,reference_citations
LQA-001,"Case background: An affidavit filed before the High Court by the Sarpanch stated that the document filed by M, by way of an affidavit in support of his application had not been verified by any proper authority and for this and other the Panchayat did not believe that the High... Which facts were legally material to the court's determination?",easy,facts,True,answer_with_supported_citations,test_in_abs,IN-Abs,India,2392,011d05bda0ab401d94a2284783abcb993eb75491f47c834817e0cc1d980c0517,IN-Abs:2392:reference,a96e537f9158d4395e5e02e21b4502239b1d9b2fb4c27844c18c1e74dc394fe1,,"M, an accused person in certain proceedings pending before the Nyaya Panchayat filed a petition under article 227 in the High Court and obtained a stay of the proceedings on December 20, 1963 .
Thereafter when the Panchayat met to proceed with the matter, he made an application supported by a document purporting to be an affidavit stating that the High Court had admitted his writ petition and had stayed further proceedings before the Panchayat; and that therefore nothing further should be done in the matter.
However, the, Panchayat did not allow his application and proceeded (to hold M and others guilty and imposing fines on them.
M, thereafter filed an application under sections 4 and 5 of the , alleging contempt of the High Court by the Panchayat.
An affidavit filed before the High Court by the Sarpanch stated that the document filed by M, by way of an affidavit in support of his application had not been verified by any proper authority and for this and other reasons the Panchayat did not believe that the High Court had stayed the proceedings.
The High Court held the members of the Panchayat guilty of contempt and observed that if they wanted to ascertain the matter, they should have at best stayed the proceedings for a short while and asked the applicant to produce a certified copy of the stay order; in not doing so, the Panchas had obviously not acted bona fide and their action amounted to, wilful disobedience of the High Court 's order.
On appeal to this Court, HELD : The appeal must be allowed and the judgment and order of the High Court set aside.
The only material before the Panchayat was the application dated December 25.
1963, which was not supported by 'any affidavit sworn to before a person authorised to administer oaths.
Further, the application did not contain the date of the order; even a copy of the telegram stated to have been sent by M 's advocate in the High Court was not attached to the application.
On this material the bona fides of the Panchas could not be doubted if they refused to accept the mere statement of the party that the High Court had stayed the proceedings before them.
In such matters those who assert that a person had knowledge of the order must prove this fact beyond all reasonable doubt.
If there is any doubt.
the benefit, ought to be given to the person charged with contempt of court.[120 F H; 121 A B] It is true that in certain cases proceedings can be adjourned to enable the parties to file better proof, but a judicial officer is not bound (to do so and, if the bona fide does not in his discretion adjourn proceedings, it cannot be said that he has committed contempt of court.
[121 C D]","['IN-Abs:2392:retrieval-0002', 'IN-Abs:2392:retrieval-0009', 'IN-Abs:2392:retrieval-0010', 'IN-Abs:2392:retrieval-0003', 'IN-Abs:2392:retrieval-0000', 'IN-Abs:2392:retrieval-0006']"
LQA-002,"Case background: by hajur order the respondent was granted daljitgarh jagir comprising of 10 villages by the then ruler of idar; by another hajur order the respondent was given a further grant in jivarak of 3 villages, by yet another hajur order ... What procedural steps and earlier rulings brought the matter before the deciding court?",easy,procedural_history,True,answer_with_supported_citations,test_in_ext_expert,IN-Ext,India,1978_M_13,010ae50099674ec857b0688d7bb3d93dc52cb3e33f343bebe31e5919117d780e,IN-Ext:1978_M_13:A1,69b9d6dfd6dbd6a0d0702f2176101366a5e834aa939d2c2c5fa53c5a7c2afaa9,,"FACTS
by hajur order the respondent was granted daljitgarh jagir comprising of 10 villages by the then ruler of idar; by another hajur order the respondent was given a further grant in jivarak of 3 villages, by yet another hajur order ,villages were granted in jivarak to the respondent by the ruler of idar in substitution of the villages mentioned in the previous two orders.
according to the respondent by these grants read together he was given full proprietary rights in the soil of the said villages.
admittedly,on the coming into force of the bombay merged territories and areas (jagirs abolition) act,1953 (hereinafter referred to as ""the act"") i.e.with effect from respondent's daljitgarh jagir stood abolished and all his rights in the jagir villages,save as expressly provided by or under the act,were extinguished and the respondent became entitled to compensation under s.11 of the act.
according to the respondent since the entries made in the revenue records in respect of his rights to mines and mineral products were not sufficient and proper ,he by his application requested the collector to issue necessary orders to the,idar,to make appropriate entries regarding his rights in the minerals in village isarwada.
thereupon a notice under s.37(2) of the bombay land revenue code for the purpose of holding an inquiry into the rights of the respondent to mines and mineral products of the said villages claimed by the respondent wag served upon him but the respondent raised a preliminary objection that such inquiry wag misconceived and incompetent in view of the determination made under s.2 (4) (i) of the act and having regard to the provisions of s.10 of the act-his rights,to mines and mineral products were expressly saved.
the collector overruled the preliminary objection and directed that the inquiry shall proceed and the respondent was directed to produce his evidence in support of his claim on a fixed date.
aggrieved by this order passed by the collector the respondent preferred a writ petition under art.227 of the constitution to the,gujarat high court and writ of certiorari quashing the order and a direction restraining the collector from further proceeding with the inquiry under s.37(2) of the land revenue code were sought.
these reliefs sought by the respondent were resisted by the state of gujarat and the collector principally on the ground that the inquiry under s.37(2) of the land revenue code into the rights to mines and mineral products in the said villages claimed by the respondent was necessary and proper and could not be said to-be concluded by the determination made under s.2 (4) (1) of the act by the competent authority.
the high court set aside the collector's order and further issued an injunction permanently restraining the state of gujarat and the collector from initiating any inquiry under s.37(2) in respect of the respondents rights to mines and mineral products in the said villages.
the appellants seek to challenge the said judgment and order of the gujarat high court in this appeal.

ARGUMENT
learned counsel for the appellants has contended that the high court has adopted an erroneous view of the scope and ambit of the inquiry contemplated under s.2(4)(i) of the act by the competent authority.
according to learned counsel the mere circumstance that the respondent's jagir was found under s.2(4. i) to be proprietary was not tantamount to the establishment by the respondent of his rights to mines and mineral products in the villages of his jagir for which there must be an actual grant or contract or law or custom or usage recognising such rights and this could only be determined by the collector by holding an inquiry under s.37(2) of the bombay land revenue code,and,therefore the high court was clearly in error in coming to the conclusion that the inquiry initiated by the second appellant under s.37(2) of the bombay land revenue code,was incompetent or without jurisdiction.
on the other hand,learned counsel for the respondent contended that a determination under s.2 (4) (i) of the act that a particular jagir 'was a proprietary one necessarily implied that the grant was of soil and the grantee was entitled to mines and mineral products which were expressly saved under s.10 of the act and in any event on the facts obtaining in the instant case the competent authority acting under s.2 (4) (i) of the act,while coming to the conclusion that the respondent's jagir was proprietary one,bad relied upon the unqualified nature of the grant and also considered the evidence led before it touching upon the several rights.
according to the learned counsel for the respondent unless a claim to property or rights over property was made either by the state against any person or by any person against the state,there could be no occasion for the collector to held an inquiry contemplated by s.37(2) of the code.
he,therefore,urged that the high court was right in quashing the collector's order

ISSUE
the main question raised in this appeal by special leave at the instance of state,of gujarat and the collector against the gujarat high court's judgment allowing the writ petition of the respondent is whether once the competent authority under s.2(4) (i) of the bombay merged territories and areas (jagirs abolition. act,1953 declares that a particular jagir is a proprietary one,
a further inquiry under s.37 (2) of the bombay land revenue code with a view to determining whether the jagirdar had any rights to mines or mineral products in his jagir granted or recognised under any contract,grant or law for the time being in force or by custom or usage is competent.
the general question is whether once the competent authority under s.2 (4) (i) of the act declares that the particular jagir is a proprietary one a further inquiry under s.37(2) of the land revenue code with a view to determining whether the jagirdar had rights to mines and mineral products in such jagir subsisting on the appointed date is competent.
the other specific question is whether in the facts of the case and having regard to the nature of evidence considered and the specific finding made by the competent authority while determining the question under s.2(4. i),the further inquiry initiated by the collector under s.37(2) was misconceived and uncalled for.

ANALYSIS
dealing with the first question which is of a general character,it is clear that the answer thereto depends upon the true scope and ambit of the inquiry under s.2 (4) (i) of the act and to determine the same it will be necessary to consider the scheme and object of the act and.in particular the purpose of the said inquiry.
in the first place the,preamble and s.3 of the act clearly show that the object of the enactment is to abolish jagirs of all kinds in the merged territories and merged areas in the state of bombay and to convert all jagir villages into unalienated villages liable to the payment of land revenue in accordance with the provisions of the bombay land revenue code.
secondly,compensation is made payable under s.11 of the act to jagirdars whose jagirs and other incidental rights have been extinguished but it will be pertinent to note that no provision has been made for payment of compensation in respect of rights to mines and mineral products in a jagir village,obviously because if by the grant in question the jagirdar has not been given any rights to mines and mineral products no compensation would be payable and if there be a grant of mines and mineral products the same have been saved ""to the jagirdar under s.10 of the act.
thirdly,the quantum of compensation payable for abolition of jagir and extinguishment of his other rights depends upon what kind of jagir has been abolished,whether it is proprietary or non-proprietary; in other words it is clear that the inquiry into the nature of the jagir under s.2 (4) (i) is for the purpose of determining the quantum of compensation payable to a jagirdar inasmuch as in the case of.a non-proprietary jagir the jagirdar is entitled to compensation at the rate of three times the amount of land revenue received by or due to him as an incident of jagir during the five years immediately before the appointed date under s.11 (1),while in the case of a proprietary jagir in respect of land held by a permanent holder the jagirdar is entitled to compensation equivalent to three multiples of the assessment fixed for such land; s.11(3) provides for compensation and computation thereof to a jagirdar having any right or interest in any property referred to in s.8.in such an inquiry ordinarily no determination of any rights of the jagirdar to mines or mineral products in a jagir village will be undertaken for' no compensation is payable in respect of any rights to mines and mineral products in a jagir village.
there is yet one more aspect emerging from the definition of the expression ""proprietary jagir"" which leads to the same inference.
""proprietary jagir"" has been defined in s.2(xviii) to mean a jagir in respect of which the jagirdar under the terms of a grant or agreement or by custom or usage is entitled to any rights or interest in the soil.
in other words,the competent authority holding an inquiry under s.2(4) (i) can come to the conclusion that a particular jagir is proprietary if it finds that the jagirdar under the terms of a grant or agreement is entitled to some rights or interest in the soil other than mines or mineral products.
these aspects bring out true scope and ambit of the inquiry under sec.2(4)(i) and clearly show that the determination of the question whether a jagir is proprietary or nonproprietary does not necessarily involve the determination of the question whether the jagirdar had any rights to mines and mineral products on the appointed date.
it is true that prima facie the owner of the surface of the land would be entitled to everything beneath the land and ordinarily mines and mineral products would pass with the right to the surface but this would be so in the absence of any reservations made in the grant; if there be reservations or qualifications in regard to mines or mineral products,in the grant,then these would not pass.
in other words,before the collector can initiate an inquiry under that provision,either the state or the individual must put forward a claim to a property or any right in or over the property and it is such claim that is to be inquired into by the collector whose decision,subject to a civil suit filed within one year,is rendered final.
it is thus clear that by these two applications the respondent had not put forward any claim as such to excavating gravel and stones for the first time' but,had merely requested the making of appropriate entry with regard to his said right which had already been recognised by the state government previously.
that being the position,there was no occasion for the collector to initiate the inquiry under s.37(2) of the code-in fact,he had no jurisdiction to do so,the condition precedent not being satisfied. .
besides,while determining the proprietary nature of the grant under s.2(4)(1) of the act the competent authority had,on evidence led before it,alluded among others to the respondent's right to excavate and sell gravel and stones and enjoyment thereof by the respondent.
in these circumstances it would be fair and proper that the respondent is not subjected to a further inquiry under.s.37(2) of the code

STATUTE
s.2 of the bombay merged territories and areas (jagirs abolition. act,1953 contains the definitions of various expressions some of which are material.
as a consequence of the,abolition of jagirs under s.3 all jagir villages became unalienated villages and,therefore,under s.4 it has been provided that all jagir villages shall be liable to the payment of land revenue in accordance with the provisions of the code.
s.5 and 6 make provision as to what persons,upon abolition of jagirs and conversion of jagir land into unalienated land would be occupants,who shall be primarily liable to the state government for payment of land revenue.
s.10 contains an express saving provision relating to rights to mines and mineral products","['IN-Ext:1978_M_13:retrieval-0003', 'IN-Ext:1978_M_13:retrieval-0001', 'IN-Ext:1978_M_13:retrieval-0007', 'IN-Ext:1978_M_13:retrieval-0002', 'IN-Ext:1978_M_13:retrieval-0052', 'IN-Ext:1978_M_13:retrieval-0020']"
LQA-003,"Case background: The issue in this appeal is whether AA falls within the definition of an adopted child in paragraph 352D of the Immigration Rules. What final order did the court make, and what relief followed?",easy,outcome,True,answer_with_supported_citations,test_uk_abs,UK-Abs,United Kingdom,uksc-2012-0181,051184b54a1430ab4570475839ddd948a01fa1e8a5430ae7e8046fa5424a3cc8,UK-Abs:uksc-2012-0181:reference,e5883a5e1ffff52d1fb3b179e87b442ec86fc47c138acfea06b13027751a6bba,,"The issue in this appeal is whether AA falls within the definition of an adopted child in paragraph 352D of the Immigration Rules.
AA was born in Somalia on 21 August 1994.
Her family were torn apart by events in Somalia and her father was killed in the mid 1990s.
AA became separated from her mother and other siblings during the fighting.
Around the end of 2002, she went to live with her brother in law, Mohamed.
He had a daughter, Fadima and step daughter, Amaani.
Mohamed took AA into his family home under the Islamic procedure known as Kafala (described as a process of legal guardianship akin to adoption).
In October 2007, Mohamed left Somalia and came to the UK in November 2007.
He was granted asylum on 21 July 2008.
The three girls, AA, Fadima and Amaani, were left with a maternal aunt in Mogadishu.
An application for entry into the UK was made for all three girls.
Entry clearance was granted to Fadima and Amaani who came to the UK in January 2010.
It was refused for AA who remained in Addis Ababa pending her appeal.
Her appeal was heard in the First tier Tribunal (FTT) on 3 September 2010.
Exert evidence, accepted by the tribunal, was to the effect that, although adoption as such does not exist under Islamic law, under the legal institution known as Kafala a person may become a protg and a part of the household of an adult; and that this only falls short of a full blown adoption in that such adoptee does not enjoy a right of inheritance under Islamic law.
The FTT allowed the appeal both under paragraph 352D and article 8 ECHR (right to respect for private and family life).
The Secretary of State appealed.
The Upper Tribunal (UT) allowed the Secretary of States appeal in respect of paragraph 352D but confirmed the FTTs decision under article 8.
On 2 May 2012, the Court of Appeal confirmed the UTs decision.
On 14 May 2012, AA was given entry clearance and she arrived in the UK on 4 June 2012.
AA appeals to the Supreme Court in respect of paragraph 352D of the Immigration Rules.
The Supreme Court dismisses the appeal.
Lord Carnwath gives the lead judgment, with which Lady Hale, Lord Wilson, Lord Reed and Lord Hughes agree.
The correct approach to construction of the rules is well settled, as explained by Lord Brown in Mahed v Entry Clearance Officer [2010] 1 WLR 48.
Read in accordance with those principles, it is clear that paragraph 352D does not cover AAs case and cannot be rewritten in order to do so [14 15].
Whether or not Kafala could be treated as a form of adoption for other purposes, the definition of adoptive parent in paragraph 6 is more restricted.
It extends to de facto adoption only within the limitations laid down by paragraph 309A, which does not cover this case [15 16].
A number of international instruments call for a broad approach to the protection of the interests of children.
The best interests principle is now, in appropriate areas of law, recognised both by domestic and international law [17].
However, taking them at their highest, there is no specific obligation covering the position of AA [18].
Subject to the issue of discrimination, there is no international obligation which goes further in practical terms than the protection which has been afforded to AA under human rights law [21].
It appears harsh that under the rules AA is treated less favourably than her adoptive siblings, largely because of the tragic circumstances in which parental responsibility passed to her brother in law, taken with the lack of any functioning legal system allowing for formal adoption in the country from which she comes.
However, it is unnecessary to decide in the context of the present appeal whether or not such treatment could give rise to a claim for unlawful discrimination under article 14 ECHR or otherwise.
This is because any rights which AA has in that respect would apply equally to her position in this country, regardless of the basis of her admission.
In exercising any discretion in relation to the grant or extension of definite leave to remain, the Secretary of State is obliged to act in conformity with the Convention, including article 14.
It is not necessary to reinterpret the rules to achieve that result [24].","['UK-Abs:uksc-2012-0181:retrieval-0000', 'UK-Abs:uksc-2012-0181:retrieval-0002', 'UK-Abs:uksc-2012-0181:retrieval-0004', 'UK-Abs:uksc-2012-0181:retrieval-0011', 'UK-Abs:uksc-2012-0181:retrieval-0010', 'UK-Abs:uksc-2012-0181:retrieval-0001']"
LQA-004,"Case background: In the case of Styrene Monomer, the finding is that the supply was in tankers to the extent of 90% and only 10% of the sales were made in drums. What central legal issue did the court have to resolve?",medium,legal_issue,True,answer_with_supported_citations,test_in_abs,IN-Abs,India,6157,1a15e0e3f29f532ea4e340d8d492ebb3c68856f16447bfeb3b8883b0b1e8cba7,IN-Abs:6157:reference,858e497aa5def74926887ee412ad7e8eaeff8e24e712f71fb9d6897af32262f7,,"The appellant company/assessee manufactures and sells fusel oil/ styrene Monomer falling under Tariff Item No. 68 of the 1st Schedule to the .
The said fusel oil/styrene Monomer is sold in bulk and generally delivered to the customers at the appellant 's factory in road tankers.
Some times it is supplied in drums brought by the customers who are not charged anything for those drums.
In the case of Styrene Monomer, the finding is that the supply was in tankers to the extent of 90% and only 10% of the sales were made in drums.
Two notices were issued to the appellant to show cause as to why the value of the drums should not be included in the assessable value of the goods.
In reply, the appellant contended that as the drums were supplied by the buyer the value thereof could not be included in the assessable value.
The Assistant Collector however included the value of the drums in the assessable value of the said fusel oil/Styrene Monomer.
The Collector (Appeals) allowed the appellant 's appeal and held that it was not open to the Assistant Col lector to inflate the assessable value without establishing the receipt of the additional consideration by the appellant apart from what had been shown in the invoice.
The Customs, Excise and Gold (Control) Appellate Tribunal allowed the further appeal filed by the Revenue and held that at the time of removal the goods were delivered from the factory in packed condition and the containers were not returnable by the buyer, therefore, the value had to be included in the assessable value.
Before this Court it was contended on behalf of the appellant that it was not all packing that was liable to be included under section 4(4)(d)(i) of the Customs and Central Excises Act, it was only that degree of secon 975 dary packing which was necessary for the assessable article to be placed in the condition in which it was sold in the wholesale market at the factory.
gate which could be includ ed in the assessable value of the article; fusel oil/Styrene Monomer was sold in bulk and was capable of being so sold, hence it was not necessary for the said fusel oil/Styrene Monomer to be supplied to the customer in drums; the duty of excise was payable on manufactured goods and no duty of excise could be collected from the appellant on such drums which were neither manufactured nor purchased by the appel lant; the duty being on the activity of manufacture whatever was necessary to bring the goods into existence alone could be taken into account for duty purposes; and the sub section did not contemplate the inclusion of the cost of packing in the value of goods when the packing was supplied by a cus tomer to a manufacturer on its own cost.
On behalf of the Revenue the learned Attorney General contended that the value of drums/containers would also have to be included on a correct interpretation of charging sections, namely, sections 3 and 4 of the Act; the terms of section 4(4)(d)(i) were very clear and specific; it was a well settled principle of construction that in taxing stat utes one had only to look at what was clearly stated, and there was no room for any intendment; percentages of sales did not in any manner affect determination of the assessable value of the excisable goods; though ""manufacture"" was the taxable event, the measure of the levy need not be and was not to be restricted to the cost of manufacture; it is open to Parliament to prescribe any measure by reference to which the charge was to be levied and this is what was done under section 4; and in construing section 4(4)(d)(i).
all that had to be seen was whether the goods were delivered in packed conditions and if this question was answerable in the af firmative, then, in respect of the goods so sold, the cost of packing, whether incurred by the manufacturer or by the supplier, had to be automatically included in the assessable value, if necessary, by addition to the sale price, except only where the packing was of durable nature and returnable to the manufacturer.
Allowing the appeals, this Court, HELD: (1) The correct position must be found out bearing in mind the essential nature of excise duty.
Excise duty is a duty on the act of manufacture.
Manufacture under the excise law is the process of activity which brings into being articles which are known in the market as goods and to be goods these must be different, identifiable and distinct articles known to the market as such.
It is then and then only that 976 manufacture takes place attracting duty.
[986B] (2) Section 2(f) of the Central Excises & Salt Act provides the definition of the term ""manufacture"".
It states, inter alia, that manufacture includes any process incidental or ancillary to the completion of manufactured product.
In the instant case, the drums even though these were ancillary or incidental to the supply of fusel oil and styrene monomer, these were not necessary to complete the manufacture of fusel oil or styrene monomer.
[983B C, 987D] (3) In order to be 'manufacture ', there must be activity which brings transformation to the article in such a manner that different and distinct article comes into being which is known as such in the market. 'If in order to be able to put it on the market, a certain amount of packing or user of containers or wrappers or putting them either in drums or containers, are required, then the value or the cost of such wrapper or container or drum must be included in the assess able value and if the price at which the goods are sold does not include that value then it must be so included by the very force of the terms of the section.
[986C E] (4) The clear implication of the use of the word ""cost"" in relation to packing in the clause (i) of section 4(4)(d) of the Act is that only packing cost of which is incurred by the assessee, i.e. the seller, is to be included.
The use of the expression ""cost"" could not obviously be by way of reference to packing for which the cost is incurred by the buyer.
[988B] Union of India & Ors.
vs Bombay Tyre International Ltd., ; ; Collector of Central Excise vs Indian Oxygen Ltd., ; K. Radha Krishaiah vs In spector of Central Excise, Gooty & Ors., ; Govind Pay Oxygen Ltd. vs Asstt.
Collector of Central Ex cise, Panaji & Ors., ; Alembic Glass Indus tries Ltd. vs Union of India & Ors., ; Gur Sahai Sehgal vs Commissioner of Income Tax, Punjab, ; ; A.K. Roy vs Voltas Ltd., ; Atic Industries Ltd. vs H.H. Dave Assistant Collector of Central Excise, ; Union of India vs Godfrey Phillips India Ltd., [1985] Supp. 3 SCR 123; Union of India vs Delhi Cloth & General Mills Ltd., [1963] Supp. 1 SCR 586; South Bihar Sugar Mills Ltd., etc.
vs Union of India & Ors.
, ; ; Bhor Industries Ltd., Bombay vs Collector of Central Excise, Bombay, ; and Union of India vs Godfrey Phillips Ltd., , referred to.
977 (5) On the facts of this case, it is clear that the goods were not sold in drums generally in the course of the wholesale trade.
There was no evidence that there was any necessity of packing or putting these in drums prior to their sale, or to be able to generally to enter the stream of wholesale trade or to be marketable.
On the other hand, there was evidence that in the wholesale trade, these goods were delivered directly in tankers and deliverable as such.
But as a matter of fact, delivery in drums was only to facilitate their transport in small quantities.
The manufac ture of the goods was complete before these were placed in drums.
The completely manufactured product was stored in tanks.
From these tanks the goods were removed directly and placed in vehicles for their movement for 90% of the sales, the vehicle of removal was tankers and for 10% of the sales, the vehicle or removal was drums.
In the premises, the value of the drums with regard to the fusel oil/ styrene monomer irrespective of whether these were supplied by the assessee or not.
are not includible in the assessable value of the Styrene Monomer.
[992A D] Per section Ranganathan, J. (agreeing with the conclusion but resting it entirely on the language of section 4(4)(d)(i) of the Central Excises & Salt Act) (1) There is ample internal indication in the statute to show that the cost of packing referred to in section 4(4)(d)(i) of the Central Excises & Salt Act, 1944 is the cost of packing incurred by the manufacturer and recovered by him from the purchaser whether as part of the said price or separately.
[994D] (2) While generally the normal price for which the goods are sold at the factory gate is to be taken as assessable value, an addition thereto has to be made where, in addition to the price, the manufacturer levies a charge for the packing which is intrinsically and inevitably incidental to placing the manufactured goods on the market.
[994F] (3) The answer to the question whether the cost of the container should be included in the assessable value or not would depend upon whether the goods in question are supplied in a packed condition or not.
If the answer is yes, three kinds of situation may arise.
Where the manufacturer sup plies his own container or drum but does not charge the customer therefore, then the price of the goods will also include the cost of the ' container.
There will be no ques tion of separate addition to the sale price nor can the assessee claim a deduction of the cost of packing from the sale price except where the container is a durable one 978 and is returnable to the manufacturer.
If the manufacturer supplies the drums and charges the customer separately therefore, then, under section 4(4)(d)(i), the cost of the drums to the buyer has to be added to the price except where the packing is of durable nature and is to be returned to the manufacturer.
If on the other hand, the manufacturer asks the customer to bring his own container and does not charge anything therefore then the cost (or value) of the packing cannot be ""notionally"" added to, or subtracted from, the price at which the goods have been sold by the manufac turer.
[995B D] Per J.S. Verma, J. (agreeing with Ranganathan, J. that the conclusion reached on the language of section 4(4)(d)(i) of the Act is sufficient to allow these appeals).
(1) The cost of packing envisaged in section 4(4)(d)(i) of the Act for determining the ""value"" in relation to any excisable goods is only the ""cost of such packing"" incurred by the manufacturer and recovered from the buyer except where the packing is of a durable nature and is returnable by the buyer to the manufacturer.
[995G] (2) The ""cost of such packing"" referred to in section 4(4)(d)(i) does not include within its ambit the cost of packing not incurred by the manufacturer when the packing is supplied by the buyer and not the manufacturer.
[995H]","['IN-Abs:6157:retrieval-0001', 'IN-Abs:6157:retrieval-0003', 'IN-Abs:6157:retrieval-0004', 'IN-Abs:6157:retrieval-0002', 'IN-Abs:6157:retrieval-0038', 'IN-Abs:6157:retrieval-0023']"
LQA-005,"Case background: during the pendency of the aforesaid appeal the state of west bengal requisitioned large extent of fisheries including the disputed nalban fishery, in exercise of power under section 3(1) of the west bengal land requisition and acquisition act of 1948. How did the court interpret or apply section 3(1) and section 2 (7) to resolve the dispute?",medium,statutory_interpretation,True,answer_with_supported_citations,test_in_ext_expert,IN-Ext,India,1996_B_72,04deed9b3428da8cab87dbcf7c27c1ae88df95f6d1141bcf5646577d4a99bc85,IN-Ext:1996_B_72:A1,b35b1dc2d66ec2c525cb748e8baaca3f27e926e2e53e8affae04acfbd0b0dea3,,"FACTS
the respondents are the members of one sarkar family in the city of calcutta.
the dispute centres around a fishery called nalban fishery.
a suit for partition was filed by one of the co-sharers of said sarkar family in the high court of calcutta.
a learned single judge of the calcutta high court passed a preliminary decree in the said suit.
one of the co-sharers of the sarkar family preferred an appeal against the preliminary decree before the division bench.
during the pendency of the aforesaid appeal the state of west bengal requisitioned large extent of fisheries including the disputed nalban fishery, in exercise of power under section 3(1) of the west bengal land requisition and acquisition act of 1948.
members of the sarkar family challenged the order of requisition by filing a writ petition in calcutta high court which was was dismissed by the learned single judge.
sc had directed that the state of west bengal will be made a party to the proceeding and further the collector parganas was appointed as receiver in respect of the fisheries owned by the sarkar family.
the court had also further directed that the collector will be the receiver in respect of the fisheries which has not already been vested in the state and whose possession has not already been taken over by the state.
pursuant to the aforesaid order appointing collector 24 parganas as receiver,the collector 24 parganas took possession of the fisheries including nalban fishery as receiver and submitted a compliance report to the registrar of this court.
the collector 24 parganas who had been appointed as receiver realised that he could not have taken possession of nalban fishery as receiver since the said fishery had already been in possession of the state of west bengal pursuant to requisition order.
the receiver,therefore,intimated to the registrar of this court the mistake committed by him in his earlier report and expressed apology to this court for the mistake committed in the earlier report.
while the matter stood thus in relation to the aforesaid nalban fishery,the government of west bengal handed over the possession of the said nalban fishery to the director of inland fisheries,state fisheries development corporation for undertaking fisheries development scheme.
the aforesaid corporation issued an advertisement for auctioning the nalban fishery for a boating complex.
the sarkar family thereupon filed an application before the calcutta high court contending inter alia that under the decree passed in the partition suit by the supreme court the property belongs to the sarkar family and could not have been handed-over to the state of west bengal.
that application was disposed of by the learned single called upon the collector 24 parganas who was the receiver pursuance to the orders of the supreme court to take over the possession of nalban fishery from the state of west bengal and give vacant possession of the same to the sarkar family.

ARGUMENT
a compromise decree between the parties in a suit for partition will not in army way affect the rights of the state in respect of the fisheries whether such rights the state acquires by virtue of an order of requisition under the requisition act or by virtue of any other statutory provisions under which the fisheries right vest in the state.
on the amendment of the west bengal land reforms act in the year 1936 giving it retrospective effect and defining land to include tank -fishery the nalban fishery vests in the state of west bengal.
nalban fishery having been vested in the state of west bengal under the provisions of west bengal under the provisions of west bengal acquisition act,1955,the state cannot get rid of the direction given by the supreme court to the receiver to handover possession of the various fisheries covered by the final decree to the parties to whom they have been allotted under the decree and the nalban fishery being one such fishery,the possession thereof was required to be given to the person in whose favour the said fishery has been allotted.

ISSUE
whether in the suit for partition amongst the members of the sarkar family which was ultimately disposed of by a compromise decree in this court nalban fishery had been allotted to some members of the sarkar family and whether such decree would affect the rights of the state and bind the state of west bengal.

ANALYSIS
the nalban fishery was one of the items of property in the suit for partition is not disputed.
it is also not disputed that the state of west bengal though was not a party to the suit but in course of proceeding before this court by an order of the court the said state of west bengal was impleaded as a party.
the aforesaid order directing impleadment of the state of west bengal as a 7 party was obviously intended for the purpose that the interest of the state and the rights of the state in relation of the state and the rights of the state in relation of the state and the rights of the state in relation to several fisheries could be protected.
further while directing the receiver to handover possession of the various fisheries covered by the final decree to the parties to whom they have been allotted under the decree,this court also protected the interest of the state by observing that they made it quite clear that this will not in any manner prejudice or affect the right of the state to its claim over the fisheries under the west bengal acquisition act 1955 or under any other statute.
it is an undisputed fact that nalban fishery had been requisitioned much prior to the aforesaid decree of this court and,therefore,the rights of the state to the fishery either by virtue of the requisition order or by virtue of any provision of any other statute remained protected and as such said state of west bengal can't be bound down by the so-called allotment of fisheries in favour of some members of the sarkar family under the compromise decree in question.
the district magistrate 24 parganas who was appointed as receiver took possession of several fisheries including nalban fishery obviously on the impression that the lease in respect of the said fishery which had been granted by the sarkar family had lapsed.
the said receiver was not aware of the fact that nalban fishery had in fact requisitioned by the state of west bengal and the state is in possession of the same.
the successor receiver,in the circumstances,therefore,was fully justified in bringing it to the notice of this court by giving a second report indicating therein that his predecessor had erroneously taken the possession of nalban fishery which is in contravention of the directions of this court and for which the receiver offered his unconditional apology.
the court did not find any illegality in the act of the succeeding receiver in rectifying the earlier mistake and re-delivering the possession of nalban fishery to the state of west bengal.
the aforesaid order cannot be held to operate as res judicata taking away the rights of the state of west bengal in respect of the nalban fishery as the state was not a party to the proceedings.
the rights and interest of the state of west bengal was not in any way be affected by the so-called partition and allotment of the nalban fishery inter se amongst the members of the sarkar family,the order passed by the learned single judge of the calcutta high court will not stand on the way of the state in claiming and putting forth its interest and right over the nalban fishery.

STATUTE
the suit ultimately no doubt was disposed of on the basis of a compromise arrived at between the parties but the court took sufficient care in disposing of the appeals on the terms of compromise by observing that the state has substantial interest with regard to fisheries rights covered by the litigation and nothing in the decree will not affect the rights of the state of west bengal in any manner whatsoever to the fisheries in question if they are vested in the state under the provisions of west bengal estates acquisition act,1953.
by virtue of the extended definition of 'land' in section 2 (7) and the amended provisions of section 3(a) of the land reforms act,tank fishery,like nalban fishery come within the definition of and it vests in the state by operation of section 3(1) read with section 14.
the nalban fishery had been requisitioned by the state of west bengal in exercise of power under section 3(1) of the west bengal land requisition and acquisition act is not disputed and cannot be disputed.","['IN-Ext:1996_B_72:retrieval-0000', 'IN-Ext:1996_B_72:retrieval-0001', 'IN-Ext:1996_B_72:retrieval-0037', 'IN-Ext:1996_B_72:retrieval-0035', 'IN-Ext:1996_B_72:retrieval-0038', 'IN-Ext:1996_B_72:retrieval-0002']"
LQA-006,"Case background: Ms Janah is a Moroccan national who was recruited in Libya to work as a domestic worker for the Libyan government at its London embassy. Which precedent or governing legal principle did the court apply, and how was it applied?",medium,precedent_application,True,answer_with_supported_citations,test_uk_abs,UK-Abs,United Kingdom,uksc-2015-0063,082dc29e13ca5a2ace4f32848d412f9c58d7e6cd1e491e28fea4647ad117e892,UK-Abs:uksc-2015-0063:reference,5b82d504d65bf972b37098013f23543729e14221a05a3514c2c92a85acba86da,,"Ms Janah is a Moroccan national who was recruited in Libya to work as a domestic worker for the Libyan government at its London embassy.
Ms Benkharbouche is a Moroccan national who was recruited in Iraq to work for Sudan at its London embassy.
Both were dismissed from their employment and then issued claims in the Employment Tribunal against Libya and Sudan respectively.
Some of their claims were based on EU law.
Others were based on breach of contract or on purely domestic statutes of the United Kingdom.
In both actions the Employment Tribunal dismissed the claims on the basis that Libya and Sudan were entitled to state immunity under the State Immunity Act 1978 (1978 Act).
The Employment Appeal Tribunal (EAT) heard Ms Janahs and Ms Benkharbouches appeals together.
The EAT allowed the appeals and held that those sections were incompatible with article 47 of the EU Charter of Fundamental Rights and Freedoms (EU Charter) which reflects the right in EU law to a remedy before a tribunal.
The EAT consequently disapplied sections 4(2)(b) and 16(1)(a) of the 1978 Act insofar as those sections barred the claims which were based on EU law.
The Court of Appeal affirmed the judgment of the EAT and declared those sections of the 1978 Act to be incompatible with the right to access a court, under article 6 of the European Convention on Human Rights (ECHR).
The Secretary of State appeals in both cases.
The Supreme Court unanimously dismisses the appeal.
Lord Sumption gives the judgment, with which Lord Neuberger, Lady Hale, Lord Clarke and Lord Wilson agree.
The 1978 Act renders a foreign state immune from the jurisdiction of a UK court in a claim based on the foreign states employment of the claimant, where the claimant either: (i) at the time of the contract, was neither a UK national nor UK resident; or (ii) works for the foreign states diplomatic mission.
Section 4(2)(b) confers immunity in the first category; section 16(1)(a) confers immunity in the second [1, 11].
Article 6 of the ECHR confers a right of access to a court to determine disputes, although that right is not absolute [14].
The Claimants argued that the relevant provisions of the 1978 Act were incompatible with EU law and with Article 6 of the ECHR, because they prevented access to a court in circumstances where this result was not required by international law.
The Secretary of State argued (i) that a courts recognition of state immunity can never amount to an infringement of article 6, because it only reflects the courts lack of jurisdiction over a foreign state, but (ii) that in any event the relevant
provisions of the Act were consistent with international law or at least with a tenable view of international law. [29 30, 34 35].
The test was whether the relevant provisions of the Act were consistent with international law, not whether there was a tenable view to that effect.
These provisions were not consistent with international law.
A court may identify a rule of customary international law only if enough states follow a consistent practice, on the footing that it is a legal obligation [31].
The Secretary of State argued that although states now recognise a more restrictive doctrine of state immunity, the immunity is still absolute unless there is sufficient international consensus to show that Libya and Sudan fall into any established exception to that absolute immunity [33].
This Court rejects those arguments, which mischaracterise the historical development of the restrictive doctrine of immunity.
Specifically: (i) while there is a long standing consensus of states in favour of immunity there has probably never been sufficient international consensus for an absolute rule of state immunity in customary international law; (ii) the only consensus that there has ever been about the scope of state immunity is the relatively recent consensus in favour of the restrictive doctrine; (iii) that restrictive doctrine emerged after a re examination of the true basis of the doctrine, rather than by creating exceptions to any general rule of absolute immunity [40 52].
In customary international law, a foreign state is immune where a claim is based on sovereign acts.
Whether a foreign states employment of a claimant constitutes a sovereign act depends on the nature of that employer employee relationship.
That will, in turn, depend primarily on the functions which the employee is employed to perform.
The employment of purely domestic staff in a diplomatic mission is a private act, rather than an inherently sovereign act.
That approach is supported by the reasoning in case law from the United States, France, and the European Court of Human Rights [53 56].
Under section 4(2)(b) of the Act, whether a foreign state is immune depends entirely on the nationality and residence of the claimant at the date of the employment contract.
That section draws no distinction between acts of a private nature and acts of a sovereign nature.
That approach to state immunity is followed by some states but lacks any basis in customary international law [64 66].
A persons nationality and residence at the date of the employment contract are not proper grounds for denying a person access to the courts in respect of their employment in this country [67].
Section 16(1)(a) extends state immunity to the employment of all members of a diplomatic mission.
The Court rejects the Secretary of States argument that a state is entitled in international law to absolute immunity in respect of the employment of embassy staff.
Although article 7 of the Vienna Convention on Diplomatic Relations 1961 indicates that a court may not order a foreign state to employ a specific person in its embassy, this issue does not arise where the claimant only seeks damages (rather than reinstatement in his or her previous position) [68 69].
Nor is there any corresponding rule of customary international law to extend absolute state immunity to the employment of embassy staff [70 72].
As a matter of customary international law, therefore, neither Sudan nor Libya are entitled to immunity in respect of these claims.
Sections 4(2)(b) and 16(1)(a) of the 1978 Act, which confer immunity in English law, are consequently incompatible with article 6 of the ECHR [74 75].
In light of that, the Secretary of State accepted that those sections were also incompatible with article 47 of the EU Charter [77].
The Court also accepts Ms Janahs argument that section 16(1)(a) of the 1978 Act discriminated unjustifiably on the grounds of nationality, but in the circumstances that adds nothing [76].
EU law prevails over English law in the event of a conflict, so those sections of the 1978 Act cannot bar the claims which are based on EU law [77].
Those EU law claims are remitted to the Employment Tribunal, to be determined at trial.
The other claims remain barred by the 1978 Act, notwithstanding that the Court of Appeal properly made a declaration of incompatibility with the ECHR in respect of them [78].","['UK-Abs:uksc-2015-0063:retrieval-0000', 'UK-Abs:uksc-2015-0063:retrieval-0002', 'UK-Abs:uksc-2015-0063:retrieval-0098', 'UK-Abs:uksc-2015-0063:retrieval-0011', 'UK-Abs:uksc-2015-0063:retrieval-0034', 'UK-Abs:uksc-2015-0063:retrieval-0003']"
LQA-007,"Case background: While each of the parties had taken such stand, in the litigation a compromise was brought about on 21.8.1987 between the appellant and his two sons, the respondents 2 and 3 and the same was filed in this Court and in terms of the compromise the appellant... How did the court connect the governing legal rule to the facts in reaching its conclusion?",hard,judicial_reasoning,True,answer_with_supported_citations,test_in_abs,IN-Abs,India,6668,1ae53fd8f64775c80e2e14d997f028189289f0bbc1ef4ba743c923189c61df7e,IN-Abs:6668:reference,37c981d49bd9ed5451efee7fd3b8dbba51652655cfb2fc827ad2ed46cf386bcc,,"Respondent No. 1 adopted petitioner appellant, who married two wives and through the first wife he had a son, the respondent No. 2 and through the second, another son, the respondent No. 3.
During the pendency of the special leave petition the adoptive mother of appellant died.
Respondent 2 and 3 laid claim to the entire property of respondent No. 1 exclusively under two different wills said to be by the respondent No. 1 and each contended that the other will was a forged one.
On the death of the adoptive mother, the appellant laid claim to her entire property as heir.
While each of the parties had taken such stand, in the litigation a compromise was brought about on 21.8.1987 between the appellant and his two sons, the respondents 2 and 3 and the same was filed in this Court and in terms of the compromise the appellant, to make payment of Rs. 1 lakh to each of his two sons in lieu of relinquishment of their interest.
When the matter was listed for recording the compromise, the respondent No. 2 contended that as he had not been paid Rs. 1 lakh as stipulated in the compromise, in the meanwhile he had alienated about 81 acres of the suit properties to the third parties.
The alienees had been also impleaded as parties under the orders of this Court.
Disposing of the petition, this Court, HELD: 1.
Once the Court was satisfied that there was a compromise it was for the Court to record the same and no option lay before the Court to act otherwise.
[542A B] 539 2.
As the compromise petition in the instant case is genuine nd lawful the same has to be acted upon.
[542B] 3.
It is directed that the compromise petition shall be accepted and in terms thereof the suit shall be disposed of and the terms of the compromise shall form part of the order to be drawn up in this Court for disposing of the special leave petition.
[542B C] 4.
With a view to settling all equities between the parties, directed that the appellant to pay a sum of Rs.1 lakh more to respondent No. 2 within eight weeks.
Rs. 77,124 being the amount paid by the alienees before the Sub Registrar in respect of the sale deeds shall be deposited.
[542C E] 5.
The alienees have no right created under the alleged sale deeds.
Their possession is without authority of law and clarified that none of the sale deeds is valid.
[542F H] 6.
The alienees shall deliver vacant possession of the property by 30th of April, 1991, and in the event of failure to do so the Trial Court directed to deliver vacant possession.
[543A B] Bhoja Govinda Maikap & Anr.
vs Janaki Dei & Ors., , approved.","['IN-Abs:6668:retrieval-0001', 'IN-Abs:6668:retrieval-0000', 'IN-Abs:6668:retrieval-0003', 'IN-Abs:6668:retrieval-0002', 'IN-Abs:6668:retrieval-0004', 'IN-Abs:6668:retrieval-0006']"
LQA-008,"Case background: he appointed his two sons rajendra & jogendra as executors of his will and provided that his second wife and the two sons should perform the seva of the deity and on their death their heirs and successors would be entitled to perform the seva. What were the parties' competing arguments, and why did the court accept one position over the other?",hard,arguments_and_reasoning,True,answer_with_supported_citations,test_in_ext_expert,IN-Ext,India,1953_S_23,0c9b41938ec8252f4268e9514ff30a96e90eab71a8a035281eb9518c32fbe4ed,IN-Ext:1953_S_23:A1,1c4f23efb62a20c5a5890d5f021f085c49e59b9523a2ff4e61e39dec47cccd61,,"FACTS
one dwarka nath was the owner of considerable moveable and immoveable properties.
he made and published his last will and testament whereby he dedicated to this family idol his two immoveable properties.
he appointed his two sons rajendra & jogendra as executors of his will and provided that his second wife and the two sons should perform the seva of the deity and on their death their heirs and successors would be entitled to perform the seva.
dwarka nath died on leaving him surviving his widow and his two sons.
in 1899, rajendra made and published his last will and testament whereby he confirmed the dedication made by dwarka nath and appointed his brother jogendra the sole executor thereof.
he died on the 31st january,1900, and jogendra obtained on the 24th april, 1900,. probate of his said will.
probate of the will of dwarka nath was also obtained by jogendra on the 31st august, 1909.
bhupendra, jnanendra. and nagendra, then a minor, the three sons of rajendra filed a suit, on the high court at calcutta against jogendra, golap sundari and some others for the construction of the wills of dwarka nath and rajendra, for partition and other reliefs.
the said suit was compromised and on the 24th november, 1910, a consent decree was passed, whereby jogendra and golap sundari gave up their rights to the sevayatship and bhupendra, jnanendra and nagendra became the sevaits of the idol, a portion of the premises no. 41 grey street was allotted to the branch of rajendra and the remaining portion was allotted to jogendra.
disputes arose between bhupendra, jnanendra and nagendra, the sons of rajendra, and one kedar nath was appointed arbitrator to settle those disputes.
the arbitrator made his award whereby he allotted premises no. 41-a grey street, exclusively to nagendra as his share of the family properties.
nagendra thereafter executed several mortgages of the said premises.
nagendra executed a deed of settlement of the said premises by which he appointed his wife and his wife's brother as trustees to carry out the directions therein contained and in pursuance of the deed of settlement he gave up possession of the said premises in favour of the trustees.
snehalata dutt filed in the year 1929 a suit, against nagendra, the trustees under the said deed of settlement and the puisne mortgagees, for realisation of the mortgage security.
the said premises were ultimately put up for sale in execution of the mortgage decree and were purchased on the 9th december, 1936, by hari charan dutt, hari pada dutt and durga charan dutt.
on the 19th july, 1948, the family idol of dwarka nath, sree sree iswar sridhar jew, by its next friend debabrata ghosh, the son of nagendra, filed the suit, out of which the present appeal arises.

ARGUMENT
the only thing which was urged by shri n. c. chatterjee in support of his contention was that the right to reside in the premises was given to the sevayats and that according to him detracted from the absolute character of the dedication.

ISSUE
the appeal is concerned only with the premises no. 41-a grey street.

ANALYSIS
it is quite true that a dedication may be either absolute or partial.
what we find here in cl. 3 of the will is an absolute dedication of the premises no. 41 grey street to the idol as its permanent habitation with only the right given to the sevayats to reside in the said premises for the purposes of carrying on the daily and periodical seva and the festivals, etc., of the deity.
they are to be registered in the municipal records in the name of the deity.
there is thus a clear indication of the intention of the testator to absolutely dedicate the said premises to the deity and it is impossible to urge that there was a partial dedication of the premises to the deity.
if nagendra was thus a sevayat of the idol it could not be urged that his possession could in any manner whatever be adverse to the idol and his dealings with the said premises in the manner he purported to do after the 12th october, 1920, could not be evidence of any adverse possession against the idol.","['IN-Ext:1953_S_23:retrieval-0000', 'IN-Ext:1953_S_23:retrieval-0001', 'IN-Ext:1953_S_23:retrieval-0020', 'IN-Ext:1953_S_23:retrieval-0033', 'IN-Ext:1953_S_23:retrieval-0003', 'IN-Ext:1953_S_23:retrieval-0031']"
LQA-009,"Case background: It includes section 9, subsection (1) of which provides that civil legal services are to be available to an individual if they are legal services described in Part 1 of Schedule 1... Identify the controlling issues, explain the court's reasoning, and state the final outcome.",hard,multi_issue_synthesis,True,answer_with_supported_citations,test_uk_abs,UK-Abs,United Kingdom,uksc-2015-0255,0966289d8de5ed902e0b48a1f3c83a277187b1a0b7435f2c4644a8753e480e7b,UK-Abs:uksc-2015-0255:reference,01b8c2d012d7ef2103fa758f14c39f81ac8f07e9f2baa75a7a91d0029ac08752,,"This appeal concerns the legality of attempts by the Lord Chancellor to introduce a residence test for civil legal aid by amending the Legal Aid, Sentencing and Punishment of Offenders Act 2012 (LASPO).
Part 1 of LASPO came into force on 1 April 2013.
It includes section 9, subsection (1) of which provides that civil legal services are to be available to an individual if they are legal services described in Part 1 of Schedule 1, and the Director of Legal Aid Casework has determined that the individual qualifies for the services in accordance with Part 1 of LASPO.
Part 1 of Schedule 1 accordingly sets out the services for which civil legal aid is available.
Subsection 9(2) permits the Lord Chancellor to (a) add to, and (b) vary or omit services in Part 1 of the Schedule.
In April 2013, the Ministry of Justice (MOJ) issued a paper in which it stated that, subject to certain specific exceptions, the Government would proceed with the introduction of a residence test so that only those who are lawfully resident in the UK (or Crown Dependencies or British Overseas Territories) at the time of the application and have so resided for a continuous period of at least 12 months at any point in the past would be eligible for civil legal aid.
In September 2013, the Lord Chancellor decided to proceed with the proposal and to make regulations to that effect in the form of delegated legislation (the draft order), which was put before Parliament on 31 March 2014.
Before the draft order was laid before Parliament, the Public Law Project applied to the High Court for a declaration that the draft order was unlawful on the basis that it was (i) ultra vires, i.e. outside the scope of the power granted to the Lord Chancellor by LASPO to bring forward delegated legislation; and (ii) unjustifiably discriminatory in its effect.
The Divisional Court held that the draft order was unlawful on both grounds.
Following the decision of the Divisional Court, the Lord Chancellor withdrew the draft order before any debate in the House of Lords could take place.
On appeal, the Court of Appeal allowed the Lord Chancellors appeal on both grounds, holding that the draft order was intra vires and that, while it was discriminatory in its effect, the discrimination could be justified.
The Public Law Project now appeal to the Supreme Court on both grounds.
Following a hearing at which the Court heard argument on the ultra vires issue and indicated that it did not need to hear argument on the discrimination issue, the Supreme Court unanimously allows the
Public Law Projects appeal on the ultra vires issue.
Lord Neuberger gives the only judgment, with which the other Justices agree.
The Public Law Project contend that the exclusion of a specific group of people from the right to receive legal services on the ground of personal circumstances or characteristics, which have nothing to do with the nature of the issue or services involved or the individuals need, or ability to pay, for the services, is not within the scope of the power accorded to the Lord Chancellor by section 9(2)(b) of LASPO, and that nothing in section 41 undermines that contention.
That argument is accepted by the Court [30].
In declaring subordinate legislation to be outside the scope of the statutory power pursuant to which it was purportedly made, the Court is upholding the supremacy of Parliament over the Executive [23].
Section 9(2)(b) provides a power to vary or omit services, but the relevant parts of the draft order do not seek to vary or omit services; rather, they seek to reduce the class of individuals who are entitled to receive those services by reference to a personal characteristics or circumstance unrelated to the services (i.e. length of residency) [30].
This interpretation of the wording of section 9(2) is supported by the wider statutory context.
Each of the services identified in Part 1 and Part 2 of Schedule 1 is linked to a specific type of legal issue or claim, and has nothing to do with the personal circumstances or characteristics in particular the geographical residence of the potential recipient of the services [31].
This conclusion is also supported by contrasting the wording of the two subsections of section 9.
Subsection (1) clearly distinguishes between the question of whether the particular services qualify and whether the particular individual qualifies [33].
Section 9(2) is concerned with the services which qualify, and it is section 11 which appears to be concerned with identifying the characteristics or circumstances of individuals who are to qualify for civil legal aid.
The criteria that section 11 sets out all relate to the issue involved, the services concerned, or the need of the individual for financial assistance, in contrast to the draft order.
This indicates that the draft order is attempting to do something which the legislature never had in mind when enacting section 9 [34].
The Court of Appeal concluded that section 41 could be invoked to defeat the contention that the Lord Chancellor could not make the draft order under section 9.
While it is true that section 41(2)(b) permits any order made under section 9(2)(b) to make provision by reference to services provided for a particular class of individual, this cannot extend the power under section 9(2)(b) so as to exclude a whole class of individuals from the scope of Part 1 of LASPO by reference to their residence [36].
Section 41 is clearly intended to grant ancillary powers to those primarily granted under section 9 [36].
Accordingly, the appeal should be allowed on the first, ultra vires, issue, and the Court does not have to deal with the discrimination issue [39].","['UK-Abs:uksc-2015-0255:retrieval-0000', 'UK-Abs:uksc-2015-0255:retrieval-0009', 'UK-Abs:uksc-2015-0255:retrieval-0011', 'UK-Abs:uksc-2015-0255:retrieval-0001', 'UK-Abs:uksc-2015-0255:retrieval-0023', 'UK-Abs:uksc-2015-0255:retrieval-0010']"
LQA-010,"Case background: Such a cannot be said to create unreasonable restrictions on the citizen 's right to do business unless it is clearly established that the provisions are too drastic, unnecessarily harsh and over reach the object for which they were made. What material facts created the dispute considered by the court?",easy,facts,True,answer_with_supported_citations,test_in_abs,IN-Abs,India,652,251fb8fa793d817971e94e2d605cb2aae0238c5bf3b7f75c54b174264d7ce4b3,IN-Abs:652:reference,713646af8372dd2b8fcec460a69ea5921b4809e0fb7ba6b7e567018cf509f1ac,,"The Madras legislature enacted the Madras Commercial Crops Markets Act for providing satisfactory conditions for the growers of commercial crops to sell their produce on equal terms with the purchasers and at reasonable prices.
The Act, Rules and the Bye laws framed thereunder have a long term target of providing a net work of markets wherein facilities for correct weighment are ensured, storage accommodation is provided, and reliable market information is given.
Till such markets are established the Act provides for the imposition of licensing restrictions to enable the buyers and sellers to meet in licensed premises.
After the establishment of the markets no licenses would be issued within a reasonable radius from the markets and all growers will have to resort to the markets for selling their crops.
The result would be to eliminate, as far as possible, the middlemen and to give reasonable facilities for the growers of commercial crops to secure best prices for their commodities.
Held, that the impugned provisions of the Act impose reasonable restrictions on the citizen 's right to do business and are valid.
Such a statute cannot be said to create unreasonable restrictions on the citizen 's right to do business unless it is clearly established that the provisions are too drastic, unnecessarily harsh and over reach the object for which they were made.
Chintaman Rao vs The State of Madhya Pradesh, [1950] S.C.R. 759 and State of Madras vs V. G. Rao, ; , referred to.","['IN-Abs:652:retrieval-0013', 'IN-Abs:652:retrieval-0001', 'IN-Abs:652:retrieval-0006', 'IN-Abs:652:retrieval-0012', 'IN-Abs:652:retrieval-0010', 'IN-Abs:652:retrieval-0000']"
LQA-011,"Case background: allegedly,on the premise that the first respondent is the proprietor of the said mark by of long user and,thus,acquired a reputation in that behalf... How did the dispute progress through the authorities or lower courts?",easy,procedural_history,True,answer_with_supported_citations,test_in_ext_expert,IN-Ext,India,2008_P_8,0fd4ce5b74e7afd3eaa5b182e92bb82abf82f95c574e5751b6c3cd109092e79a,IN-Ext:2008_P_8:A1,36c160d322b7dca67e6af577d1faa7f8b42947a3f22e0db6f67452efdf6af4eb,,"FACTS
interpretation of the provisions of s.46(1)(b) of the trade and merchandise marks act,1958 is involved herein.
first respondent is the registered proprietor of a trade mark 'field marshal' for diesel engines since 1964 bearing no.228867.
one m/s. jain industries got the trade mark 'field marshal' registered under clause (7),inter alia,for flour mills,centrifugal pumps,couplings for machines,pulleys included in class 7 and valves (parts of machines).
the said registration was renewed for the periods 13.5.1972 and 12.5.1979; 13.5.1979 and 12.7.1986 and 13.7.1986 and 12.7.1993.
appellant is said to have commenced its business of manufacturing and selling centrifugal pumps also under the mark 'field marshall.
allegedly,on the premise that the first respondent is the proprietor of the said mark by reason of long user and,thus,acquired a reputation in that behalf,a legal notice was issued upon it questioning its right to use the said mark in respect of centrifugal pumps by the appellant laying a claim that it had been using the said mark since 1963.
respondent no.1 thereafter filed a suit in the delhi high court for grant of a decree of permanent injunction being suit no.2408 of 1985 alleging infringement of the said mark and/or claiming right of passing off in respect thereof.
an ex parte order of injunction was passed on 19.12.1985 against the defendant.
meanwhile,a temporary ex parte injunction is issued against the defendants restraining them from manufacturing or selling either themselves or through any dealer or representative diesel oil engines or parts thereof with the trade mark 'field marshal' and/or any other trade mark identical therewith and all goods falling in cl.7 of the trade and merchandise mark rules.
the second rectification application filed by the first respondent,however,was transferred to the intellectual property appellate board.
the said application was dismissed.
a writ petition was filed there against by the first respondent.
a learned single judge of the delhi high court,however,refused to stay the operation of the order of the board dated 27.10.2004.an appeal was preferred there against.
the division bench of the high court thereafter while disposing of both the writ petition and the letters patent appeal allowed the writ petition and set aside the order of the board and directed it to adjudicate the dispute on merits.
the said order of the division bench is under challenge in this appeal.

ARGUMENT
appellant's counsel appeared on that date and,inter alia,contended that presently it was the registered owner of the trade mark which was sought to be cancelled.
in view of that statement,a submission was made on behalf of the first respondent that it may be permitted to withdraw the petition with liberty to file a fresh petition on the same cause of action.

ISSUE
whether in the aforementioned facts and circumstances of the case,the application under s.46(1)(b) was maintainable.
whether to take off the registered trade mark from the register in respect of centrifugal pumps (goods) so far as the registration made in favour of the appellant is concerned.

ANALYSIS
the core question which arises for our consideration is as to whether in the aforementioned facts and circumstances of the case,the application under s.46(1)(b) was maintainable.
indisputably,the scope of the provisions for removal from register in terms of s.46 and 56 of the act stand on different footings.
whereas s.46 had a limited application,s.56 of the act is wider in nature. concededly,cl.(a) of sub-s.(1) of s.46 is not attracted in the case.
the prayer in the application was to take off the registered trade mark from the register in respect of centrifugal pumps (goods) so far as the registration made in favour of the appellant is concerned.
it is in the aforementioned situation,it is advisable to determine the meaning of the words 'for the time being' occurring in s.46(1)(b) of the act.
two interpretations thereto which are possible are: (1) the said words would denote non-use of the trade mark in relation to the goods by the appellant for a period of five years or longer; and (2) the mark had not been used for a period of five years or longer either by the present proprietor thereof or his predecessor.
the words 'for the time being' would mean differently in different situations.
it may mean 'the moment or existing position' as was held by this court in the case of jivendra nath kaul v. collector/district magistrate and anr.[(1992. 3 scc 576 1992 indlaw sc 1107] or in the context of cl.(22) of art.366 of the constitution as has been held in h.h.maharajadhiraja. madhav rao jivaji rao scindia bahadur of gwalior,h.h.maharajadhiraja. maharana shri bhagwat singhji bahadur of udaipur v. union of india and anr.,air 1971. sc 530 1970 indlaw sc 300 para 88 to mean: ""by the use of the expression ""for the time being"" in cl.(22) of art.366. the president is not invested with authority to accord a temporary recognition to a ruler nor with authority to recognize or not to recognize a ruler arbitrarily : the expression ""for them time being"" predicts that there shall be a ruler of the indian state,that if the first recognized ruler dies,or ceases to be a ruler,a successor shall be appointed,and that there shall not be more rulers than one at a given time.
the person in whose name the trade mark has been registered may take action against any person for passing off the goods as that of the registered owner.
it confers an exclusive right of use of the trade mark in relation to the goods in which the trade mark is registered.
whether s.46(1)(b) read with s.48 of the act would bring within its purview,not only a registered proprietor but also the proprietor who had otherwise acquired a right would depend upon the facts and circumstances of each case.
the court while construing a statute takes into consideration the parliamentary intent in amending the provisions thereof. it seeks to enhance the period of moratorium of use of the registered trade mark from one month to three months so as to prevent speculative assignment.
thus,a case of speculative assignment is specifically required to be made out. such an application may be maintainable in terms of s.56 of the act but strictly not in terms of s.46(1)(b) thereof and that too in the absence of the original registered proprietor.
attention has again been drawn to a passage from 'law of trade marks &; geographical indications' by shri k.c.kailasam,wherein the judgment of the tribunal has been criticized in the following terms : ""from the above legislative intent,it would seem that the period of non-use of the trade mark is to be reckoned continuously from the date of its registration. in the case of american home products corporation v. mac laboratories pvt.ltd. rendered under the 1958 act,it was held by the supreme court that ""the person seeking to have the trade mark removed from the register has only to prove. such continuous non-user.""
it would appear that neither the u.k.act,nor the indian act,at any time envisaged that the commencement of 5 year period of non-use is to be delinked from the date of registration of the mark,so as to give a fresh lease of life to the registration,every-time there is change in the ownership of the mark.
if that be so,any registered proprietor could easily defeat an application for rectification by assigning the mark to some other person to have a fresh period of 5 years from the date of assignment and thus effectively frustrate the very object of the provision in s.47(1)(a) and (b).
further,it is to be noted that an assignment is subject to ""the provisions of the act and any rights vested in any other person"" -see. s.37.
the assignor cannot obviously transfer more rights than he himself has to the assignee under the act.
an assigner can transfer only such right which he possesses.

STATUTE
interpretation of the provisions of s.46(1)(b) and section 48 of the trade and merchandise marks act,1958","['IN-Ext:2008_P_8:retrieval-0000', 'IN-Ext:2008_P_8:retrieval-0001', 'IN-Ext:2008_P_8:retrieval-0004', 'IN-Ext:2008_P_8:retrieval-0062', 'IN-Ext:2008_P_8:retrieval-0065', 'IN-Ext:2008_P_8:retrieval-0005']"
LQA-012,Case background: The issue is whether it is permissible to refer to anything written or said in the course of the without prejudice negotiations to help interpret any agreement which results from the negotiations. How did the court ultimately dispose of the appeal or claim?,easy,outcome,True,answer_with_supported_citations,test_uk_abs,UK-Abs,United Kingdom,uksc-2010-0039,0cf33d16bf80749fd49e30047ebabc8e28a7356c8ee53505d77ffb149ff6d1f1,UK-Abs:uksc-2010-0039:reference,7f8b8112ff045b78dfba7118f8a6e4d108d1af0547121445ccffd2469f562720,,"This appeal concerns the scope of the exceptions to the principle that statements made in the course of without prejudice negotiations are not admissible in evidence (the without prejudice rule).
The issue is whether it is permissible to refer to anything written or said in the course of the without prejudice negotiations to help interpret any agreement which results from the negotiations.
The appellants, TMT Asia Limited and others, and the respondent, Oceanbulk Shipping & Trading SA, had entered into a number of forward freight agreements.
When the appellants failed to pay a sum due under those agreements, the parties entered into settlement negotiations which were expressed to be without prejudice.
The negotiations resulted in a written settlement agreement in respect of the sum due.
The respondent brought a claim for damages against the appellants alleging breach of a clause of the settlement agreement.
In their defence the appellants sought to rely on statements made during the without prejudice negotiations in support of their interpretation of the clause.
The respondent contended that reliance on the statements was precluded by the without prejudice rule.
The High Court held that the evidence was admissible for the purpose of determining how the terms of the settlement agreement were to be construed notwithstanding the without prejudice rule.
The majority of the Court of Appeal (Longmore and Stanley Burnton LJJ), however, allowed Oceanbulks appeal, holding that the evidence was not admissible.
The Supreme Court unanimously allowed the appeal.
The substantive judgment was given by Lord Clarke, with whom the other Justices agreed.
Lord Clarke observed that the without prejudice rule was now very much wider than it had been historically and extended to admissions made with a genuine intention to reach a settlement, including any admissions made to reach a settlement with a different party within the same litigation, and applied whether or not settlement was reached with that party: [19] [29].
The without prejudice rule was an important rule that founded upon the public policy of encouraging litigants to settle their differences, as well as the express or implied agreement of the parties themselves that communications in the course of their negotiations should not be admissible in evidence: [24].
Because of the importance of the without prejudice rule, its boundaries should not be lightly eroded.
Nevertheless, the authorities
clearly established that resort might be had to without prejudice material by way of exception to the rule where the justice of the case required it: [30] [33].
The central issue in the present case was whether one of the exceptions to the rule should be that facts which (a) are communicated between the parties in the course of without prejudice negotiations, (b) form part of the factual matrix or surrounding circumstances and (c) would, but for the without prejudice rule, be admissible as an aid to construction of a settlement agreement which results from the negotiations should be admissible in evidence by way of exception to the rule (the interpretation exception): [35].
Lord Clarke reached the conclusion that justice clearly demanded that the interpretation exception should be recognised as an exception to the without prejudice rule for two principal reasons: [36] and [46].
Without recourse to the without prejudice material the agreement could not be properly construed in accordance with the well recognised principles identified in Investors Compensations Scheme Ltd v West Bromwich Building Society [1998] 1 WLR 896 and Chartbrook Ltd v Persimmon Homes Ltd [2009] UKHL 38, [2009] AC 1101 that objective facts which emerge during negotiations are admissible as part of the factual matrix in order to assist courts to interpret an agreement in accordance with the parties true intentions.
The process of interpretation of a settlement agreement should in principle be the same, whether negotiations are without prejudice or not, and permitting recourse to the without prejudice material for this purpose was the only way in which the modern principles of contractual interpretation could be properly respected: [36] [41].
Any other approach would introduce an unprincipled distinction between this class of case and two other exceptions to the without prejudice rule.
The first such exception, which has already been accepted, is that resort might be had to without prejudice material in order to resolve the issue whether negotiations had resulted in a concluded compromise agreement.
The second such exception (which has not yet been accepted) followed from the first, namely that if a party could have resort to without prejudice material to see whether negotiations had resulted in a concluded settlement agreement, then a party could also rely on such material in order to show that a settlement agreement should be rectified.
There was no sensible basis on a which a line could be drawn between admitting without prejudice communications in order to consider a plea of rectification and admitting them as part of the factual matrix relevant to the true construction of a settlement agreement: [42] [45].
Lord Clarke stressed that nothing in the judgment was intended to underplay the importance of the without prejudice rule or to encourage the admission of evidence of pre contractual negotiations beyond that which is admissible in order to explain the factual matrix or surrounding circumstances: [46].","['UK-Abs:uksc-2010-0039:retrieval-0000', 'UK-Abs:uksc-2010-0039:retrieval-0022', 'UK-Abs:uksc-2010-0039:retrieval-0028', 'UK-Abs:uksc-2010-0039:retrieval-0025', 'UK-Abs:uksc-2010-0039:retrieval-0037', 'UK-Abs:uksc-2010-0039:retrieval-0032']"
LQA-013,"Case background: Even in a case of this kind the requirement of bona fides was essential and if the termination of service was a colourable exercise of power, or was a result of victimisation or unfair labour practice, the tribunal had jurisdiction to intervene and set aside such termination. Which question of law determined the resolution of the dispute?",medium,legal_issue,True,answer_with_supported_citations,test_in_abs,IN-Abs,India,1406,2fe086aab29de18067e092a5543324885cfb2f9fab581bf4ade001ee925864d4,IN-Abs:1406:reference,909fb0aafca80f853aeb46222fc3d459cf6ef1ebde1f299d6c82f4ad6b226b99,,"S, employed by the appellant as a cross cutter in the saw mill was asked to show cause why his services should not be terminated on account of grave indiscipline and misconduct and he denied the allegations of fact.
He was thereafter informed about a department enquiry to be held against him and was suspended pending enquiry.
Purporting to act under r. 18(a) of the Standing Orders, the appellant terminated the services of S, without holding any departmental enquiry.
The industrial tribunal to which the dispute was referred held, that action taken, after dropping the proposed departmental proceedings was not bonafide and was a colourable exercise of the powerconferred under r. 18(a) of the Standing order and since no attempt was made before it to defend such action by proving the alleged misconduct, it passed an order for reinstatement of S, The appellant contended that as the termination was strictly in accordance with the terms of contract under r. 18(a) of the Standing Orders, it was entitled to dispense 823 with the service of an employee at any time by first giving 14 days notice or, paying 12 days wages.
^ Held, that the employer 's decision to discharge the employee under r. 18(a) of the Standing Orders after dropping the enquiry intended to be held for misconduct was clearly a colourable exercise of the power, and an employer could not press his right purely on contract and say that under the contract he has unfettered right ""to hire and fire"" his employees, right was subject to industrial adjudication and even a power like that granted by r. 18(a) of the Standing orders in this case was subject to the scrutiny of industrial courts.
Even in a case of this kind the requirement of bona fides was essential and if the termination of service was a colourable exercise of power, or was a result of victimisation or unfair labour practice, the tribunal had jurisdiction to intervene and set aside such termination.
Buckingham and Carnatic Co. Ltd. vs Workers of the Company, , referred to.
The Chartered Bank Bombay vs The Chartered Bank Employees Union. ; and Assam Oil Company vs Its Workmen, [1960] 3 S.C.R. 457, followed.
Held, further, that the principle relating to termination of Government service stands on an entirely different footing as compared to industrial employees and the same principle could not be applied to industrial adjudication.
Parshotaa Lal Dhingra vs Union of India, ; , distinguished.","['IN-Abs:1406:retrieval-0001', 'IN-Abs:1406:retrieval-0002', 'IN-Abs:1406:retrieval-0000', 'IN-Abs:1406:retrieval-0008', 'IN-Abs:1406:retrieval-0006', 'IN-Abs:1406:retrieval-0005']"
LQA-014,"Case background: by this will he gave the following directions ""after my lifetime, you, the aforesaid ranganayaki amminal, my wife, shall till your lifetime, enjoy the aforesaid entire properties , enjoy the aforesaid entire properties, the outstandings due to me, the debts payable by me... Which statutory or constitutional provisions governed the dispute, and how were they interpreted?",medium,statutory_interpretation,True,answer_with_supported_citations,test_in_ext_expert,IN-Ext,India,1953_L_1,1a65283340bbb2346be6ce5ef0c5337b692b828c229729c25d1ba94efd8d3416,IN-Ext:1953_L_1:A1,32e1461a685e642f3b61a2bdc7ec0bc682f357beec7af5fe9ba0b7508bea56ab,,"FACTS
lakshminarayana iyer, a hindu brahmin in the tirunelveli district, died leaving him a surviving widow ranganayaki, and a married daughter ramalakshmi.
ramalakshmi had married the plaintiff and had a number of children from him.
they were all alive in december, 1924, when lakshminarayana died.
by this will he gave the following directions ""after my lifetime, you, the aforesaid ranganayaki amminal, my wife, shall till your lifetime, enjoy the aforesaid entire properties , enjoy the aforesaid entire properties, the outstandings due to me, the debts payable by me, and the chit amounts payable by me. after your lifetime ramalakshmi ammal, our daughter and wife of rama ayyar avergal of melagaram village, and her heirs shall enjoy them with absolute rights and powers of alienation such as gift, exchange, and sale from son to grandson and so on for generations. as regards the payment of maintenance to be made to chinnanmal alias lakshmi ammal, wife of my late son hariharamayyan, my wife ranganayaki ammal shall pay the same as she pleases, and obtain a release deed"".
ranganayaki entered into possession of the properties on the death of her husband.
she settled the maintenance claim of lakshmi ammal and obtained a deed of release from her.
ramalakshmi died during the lifetime of the widow.
the widow describing herself as an absolute owner of the properties of her husband sold one of the items of the property to the 2nd defendant.
on the 18th september, 1945, the suit out of which this appeal arises was instituted by the plaintiff, the husband and the sole heir of ramalakshmi, for a declaration that the said sale would not be binding on him beyond the lifetime of the widow.
a prayer was made that the widow be restrained from alienating the other properties in her possession.
an ad interim injunction was issued by the high court restraining the widow from alienating the properties in her possession and forming part of her husband's estate.
inspite of this injunction, she executed two deeds of settlement in favour of the other defendants comprising a number of properties.
the main issue in the suit was whether the widow took under the will an absolute estate or an estate like the hindu widow's estate and whether the daughter's interest therein was in the nature of a contingent remainder, or whether she got in the properties a vested interest.

ARGUMENT
it was urged by mr. rajah iyer that as no express or implied power of alienation for purposes of all legal necessities was conferred on the widow, that circumstance negatived the view that the testator intended to confer upon his widow a hindu widow's estate as she would get in case of intestacy. he also emphasized that the words of the gift over to the daughter as supporting his construction which was further reinforced by the words of the will limiting the widow's estate "" till your lifetime "" and of the omission from therein of words such as nialik etc., while describing the widow's estate. mr. krisbnaswami lyengar, on the other hand, contended that the absence of any words in the will restricting her powers of alienation and putting a restraint on them, suggested a contrary intention and that the daughter's estate was described as coming into being after the estate of the widow and was not conferred on her simultaneously with the widow, and this connoted according to the notions of hindus a full hindu widow's estate.

ISSUE
the construction of will is in controversy in this appeal.
the substantial question to decide in the appeal is whether the estate granted by the testator to his widow was a fall woman's estate under hindu law or merely a limited life estate in the english sense of that expression

ANALYSIS
the decision of the appeal turns upon the question whether the testator's intention was to give to his widow ail ordinary life, estate or an estate analogous to that of a hindu widow.
at one time it was a moot point whether a hindu widow's estate could be created by will, it being an estate created by law, but it is now settled that a hindu can confer by means of a will oil his widow the same estate which she would get by inheritance.
the court's primary duty in such cases is to ascertain from the language employed by the testator ""what were his intentions"", keeping in view the surrounding circumstances, his ordinary notions as a hindu in respect to devolution of his property, his family relationships etc.
considering the will in the light of these principles, it seems that lakshminarayan iyer intended by his will to direct that his entire properties should be enjoyed by his widow during her lifetime but her interest in these properties should come to an end on her death, that all these properties in their entirety should thereafter be enjoyed as absolute owners by his daughter and her heirs with powers of alienation, gift, exchange and sale from generation to generation.
he wished to make his daughter a fresh stock of descent so that her issue, male or female, may have the benefit of his property.
they were the real persons whom he earmarked with certainty as the ultimate recipients of his bounty.
if not, the testator would clearly have said that the daughter would only take the properties remaining after the death of the widow.
the widow cannot be held to have been given a full hindu widow's estate under the will unless power of alienation in express terms was not conferred on her.
the properties disposed of by the will and mentioned in the schedule were considerable in extent and it seems that they fetched sufficient income to enable the widow to fulfil the obligations under the will.
she represents the estate in all respects and enjoys very wide power except that she cannot alienate except for necessity and her necessities have to be judged on a variety of considerations.
though the daughter was not entitled to immediate possession of the property it was indicated with certainty that she should get the entire estate at the proper time and she thus got an interest in it on the testator's death
in ram bahadur v. jager nath prasad 3 pat. l. j. 199., will was construed as conveying an absolute estate to the son and the daughter of the niece. it was remarked that in spite of an express restriction against alienation, the estate taken by s. (the niece) was an estate such as a woman ordinarily acquires by inheritance under the hindu law which she holds in a completely representative character but is unable to alienate except in case of legal necessity and that such a construction was in accordance with the ordinary notions that a hindu has in regard to devolution of his property.
in pavani subbamma v. ammala rama naidu (1937) 1 m.l.j. 268. 1936 ind law mad 236 the question for decision in that case was whether widow was at all entitled to sell anything more than her life interest even for purposes of meeting a necessity binding upon the estate. varadachari j. held that since in the will the gift over to the grand-children was of the entire properties, and not a mere gift by way of defeasance, it had to be held that it indicated that the prior gift in favour of the widow was only of a limited interest.
generally speaking, there will be no point in making a will if what is to be given to a widow is what she would get on intestacy and cases do arise where a hindu wishes to give to his widow a more restricted estate than she would get on intestacy or a much larger estate than that.
what is given must be gathered from the language of the will in the light of the surrounding circumstances.
the language used in the will was consistent with the testator's intention of conferring a life estate in the english sense as well as with the intention of conferring a hindu widow's estate.","['IN-Ext:1953_L_1:retrieval-0000', 'IN-Ext:1953_L_1:retrieval-0001', 'IN-Ext:1953_L_1:retrieval-0013', 'IN-Ext:1953_L_1:retrieval-0028', 'IN-Ext:1953_L_1:retrieval-0002', 'IN-Ext:1953_L_1:retrieval-0004']"
LQA-015,Case background: The order required the appellant to pay the amount within 12 months or serve six years imprisonment in default of payment. How did prior authority or an established legal principle influence the decision?,medium,precedent_application,True,answer_with_supported_citations,test_uk_abs,UK-Abs,United Kingdom,uksc-2016-0052,0e38f68d0abee6c02dd08e1d5fe59fbe2f9a901344f839ea11a300fa2998d2ba,UK-Abs:uksc-2016-0052:reference,0b27b1f3c6c9f4730a4642c5e7e940ceece4d26027ea8aeae9f9f54c34421d37,,"The appellant was convicted of drug trafficking offences on 21 May 1999 and sentenced to 25 years imprisonment.
On 29 March 2000, he was ordered to pay a little over 5.4 million by way of a confiscation order.
The order required the appellant to pay the amount within 12 months or serve six years imprisonment in default of payment.
On 4 May 2007, a receiver appointed to realise the appellants assets paid 12,500.
The magistrates deducted seven days from the six year term in default, to account for that part payment.
At that time interest had increased the net sum outstanding, allowing for the part payment, to 8.1 million.
Later in 2007 and 2011, the appellants receiver made further payments of 12,500 and 65,370.
The prison authorities calculated the reduction in the six year default term on the basis of the proportion which these payments bore to the 8.1 million at the time of his committal.
That produced a total reduction of 24 days.
Had the arithmetic been applied instead to an outstanding figure confined to the original 5.4m, an extra 11 days reduction would have been made.
The issue in the appeal is whether interest is included in the starting point under s.79(2) Magistrates Courts Act 1980 for the giving of proportionate credit for part payment of a confiscation order.
The Supreme Court unanimously allows the appeal.
Lord Reed and Lord Hughes give a joint judgment with which the other Justices agree.
The key provisions of the Drug Trafficking Act 1994 (DTA), as in force at the relevant time, were s.10(1), which treats interest for the purposes of enforcement as part of the amount to be recovered under the confiscation order and s.10(2) which enables a Crown Court judge to refix and increase the default term if the addition of accrued interest takes the sum outstanding into a higher bracket in the relevant schedule of defaults terms. [7] At the relevant time, s.9 DTA stated that where the Crown Court orders a defendant to pay any amount under s.2 DTA, ss.139(1) (4) and 140(1) (3) of the Powers of Criminal Courts (Sentencing Act) 2000 (the 2000 Sentencing Act) shall have the effect as if that amount were a fine imposed on the defendant by the Crown Court. [9] S.140(1) of the 2000 Sentencing Act treats for enforcement purposes a fine imposed by the Crown Court as if it had been imposed by the magistrates, and thus a confiscation order is treated the same.
S.76 Magistrates Courts Act 1980 contains the magistrates power to commit an individual to prison for failure to pay a fine and an alternative power to issue a warrant of distress (now named a warrant of control).
S.79 Magistrates Courts Act 1980 is the only provision dealing with part payments. [11] The difficulties in this case arise from the fact that the enforcement of confiscation orders is achieved by applying statutory provisions to confiscation orders which were not designed for them.
A confiscation order is thus treated as if it was a fine imposed by the magistrates.
The difference between a magistrates imposed fine and a Crown Court imposed fine is that magistrates do not fix a default term when imposing the fine.
Imprisonment in default is only considered in the event of a default and, at that time, the magistrates will know whether the default is total or partial.
Thus, credit can be given for part payments made before the commitment process is undertaken.
However, s.139(2) of the 2000 Sentencing Act mandates the fixing of an anticipatory default term at the time the fine or order is imposed. [12] The difference in practices led the lower courts to analyse s.79(2) Magistrates Courts Act 1980 as assuming the standard magistrates practice and thus to conclude that the references in that subsection to a period of imprisonment having been imposed in default of payment were references to the act of the magistrates in issuing the warrant of commitment.
This caused the consequential difficulty that s.79(2) would say nothing about how to deal with part payments made in Crown Court cases between the Crown Court making a confiscation order and the later magistrates proceedings.
Hence the Court of Appeal understandably read additional words into s.79(2). [13] The period of imprisonment in default of payment is imposed for the purposes of s.79 when the Crown Court discharges its statutory duty under s.139(2) of the 2000 Sentencing Act and fixes the (anticipatory) term in default.
This construction follows from s.150 Magistrates Courts Act 1980 and is necessary to make sense of s.140(3) of the 2000 Sentencing Act.
It is also assumed by the Magistrates Court Rules.
Thus, the default term in the case of Crown Court orders must be the term that the court imposed at the time of making its order. [15 17] The operative words of s.79(2) expressly say that the days to be deducted are to be the number which bear the same proportion to the total default term imposed (by the Crown Court) as the part payments bear to so much of the said sum as was due at the time the period of detention was imposed.
At the time the Crown Court imposed the default term, there was as yet no interest accrued at all. [20] Straining of the wording of s.79(2) cannot be justified where it would adversely impact on the period of imprisonment to which a person is subject.
Penal legislation, particularly legislation imposing penalties that deprive liberty, is construed strictly.
The natural construction of the section is that the starting point for the arithmetical calculation of reduction in days of imprisonment is the sum outstanding at the time of the Crown Court order. [21] charges of distress do not support the respondents construction.
The reference is explained by the case of magistrates first issuing a warrant for distress and only subsequently fixing the default term for non payment.
The addition of such costs and charges is expressly provided for and that does not mean that an equivalent provision can be read in as a consequence of a provision in different statute (s.10(1) DTA). [22]","['UK-Abs:uksc-2016-0052:retrieval-0002', 'UK-Abs:uksc-2016-0052:retrieval-0004', 'UK-Abs:uksc-2016-0052:retrieval-0005', 'UK-Abs:uksc-2016-0052:retrieval-0001', 'UK-Abs:uksc-2016-0052:retrieval-0017', 'UK-Abs:uksc-2016-0052:retrieval-0003']"
LQA-016,"Case background: Before the High Court the appellant contended that the respondent was a 'commercial establishment ' because, the activity of the respondent amounted to a 'Profession ', and alternatively, that the case fell within the latter part of the definition of 'commercial establishment ' in section 2(5)... What chain of judicial reasoning led from the material facts to the final decision?",hard,judicial_reasoning,True,answer_with_supported_citations,test_in_abs,IN-Abs,India,3210,3bc8d6f9b48465e3d4194992dc00708fb6a6f80c9ab277a1bb20ce97421f1852,IN-Abs:3210:reference,0beb7ca813dc01a23999b773cc728878b2e05824e746dc8d2376d7f9a4382f8a,,"The respondent was required by the Chief Inspector of Shops and Establishments to register its establishment ' under the Delhi Shops and Establishments Act, 1954.
The respondent contended that it was not an 'establishment ' which is defined in section 2(9) as meaning 'a shop or a commercial estab lishment ' and did not comply with the direction.
Proceedings for prosecution of its Secretary were instituted, where upon the respondent filed a petition in the High Court for quashing the order of the appellant and for directing the Magistrate not to proceed with the complaint.
Before the High Court the appellant contended that the respondent was a 'commercial establishment ' because, the activity of the respondent amounted to a 'Profession ', and alternatively, that the case fell within the latter part of the definition of 'commercial establishment ' in section 2(5), inasmuch as its activities were connected with trade and business generally, but, it was not urged that the activity of the respondent amounted to carrying on any 'business or trade ' in its premises.
The writ petition was allowed by the High Court, holding that premises of the respondent were not a 'commercial establishment '.
In appeal to this Court it was contended that the activities of the respondent amounted to a 'trade or business ', that therefore it was a 'commercial establishment ' and that the matter was covered by Management of the Federation of Indian Chambers of Commerce and Industry vs Sri R. K. Mittal [1972] 2 S.C.R. 353.
Allowing the appeal.
HELD : (1) It is not proper to shut out the contentions of the appellant now raised about the activity of the respondent being a 'trade or business ' merely on the ground that the point was not properly put before the High Court.
The question is only one of drawing a correct inference about the point in issue from the material already on record and will not require any additional material for decision.
[354E F] (2)A place, in order to fall within the definition of 'commercial establishment ' must, in the first instance, be 'premises '.
and secondly, should be premises wherein, (a) any trade, business or profession is carried on, or (b) any work in connection with or incidental or ancillary thereto is carried on.
[353C D] (3) The registered office of the respondent is 'premises '.
[353D] (4) All the activities of the respondent are business activities and are carried on systematically.
Though the profit made by it is ploughed back for its purposes as set out in its Memorandum of Association and is not distributed among its members.
Therefore, the decision in Mittal 's case [1972] 2 S.C.R. 353 that the activity of the respondent is in the nature of 'business or trade ' is correct and that case does not require reconsideration.
[356A E. 357D E] (5)A systematic activity can be a business activity even if no dividends are declared or profits shared.
[356F G] In the matter of Incorporated Council of Law Reporting for England and Wales , applied.
(6)The premises of the respondent, therefore, are a 'commercial establishment.
[357E] 349 (7)For the application of the Act to the respondent it is immaterial whether its activities bring its premises within the ambit of a 'shop ' or 'commercial establishment, within the meaning of the Act.
In Mittal 's case it was held that the activities of the respondent are also in the nature of material services within the wider definition of 'industry ' and, any premises where services are rendered to customers fall within the definition of a 'shop.
[356E F]","['IN-Abs:3210:retrieval-0004', 'IN-Abs:3210:retrieval-0006', 'IN-Abs:3210:retrieval-0000', 'IN-Abs:3210:retrieval-0007', 'IN-Abs:3210:retrieval-0011', 'IN-Abs:3210:retrieval-0009']"
LQA-017,Case background: the defence in those written statements was that defendant-l and his family members had become tenants of the suit properties in the year 1959-1960 and had continued to be such tenants at the time of mortgage deeds executed in respect of those properties in the year 1961 and... How did the court evaluate the principal arguments advanced by each side?,hard,arguments_and_reasoning,True,answer_with_supported_citations,test_in_ext_expert,IN-Ext,India,1994_M_69,1d962878144765f04ab5b970826f5c81e78ee4b4b40e14b321a6b612119c53a8,IN-Ext:1994_M_69:A1,7ef6a66ec791f220f0658807feb02855ba0a658a60bc1ca0185735431b185d09,,"FACTS
the civil appeal by special leave is directed against the judgment and decree rendered by a single judge of the gujarat high court.
plaintiff filed the suit for redemption of the said mortgages in the year 1966.
defendant-2,brother of defendant i had been joined in that suit on the allegation that the latter was put in possession of mortgage properties by the former subsequent to the coming into existence of the mortgages.
that suit was resisted by the defendants,each of them having filed separate written statements which in sub-stance did not differ from each other.
the defence in those written statements was that defendant-l and his family members had become tenants of the suit properties in the year 1959-1960 and had continued to be such tenants at the time of mortgage deeds executed in respect of those properties in the year 1961 and thereafter.
it was also claimed therein that they had become owners of the said properties when the plaintiff in the year 1962 sold those properties to defendant-1 by receiving a sum of rs.4,400/-as consideration for the sale.
the civil court notwithstanding the defence of the defendants recorded its findings.
such findings were firstly,that the defendants had failed to prove that the suit properties were sold in favour of defendant-l subsequent to the giving of security of those properties in his favour under the mortgage deeds; secondly,that the defendants had failed to prove the past tenancy of the suit properties on its view that what was pleaded by them in the written statements was tenancy prior to the date of filing of the suit; and thirdly,that the mortgages of the suit properties were mortgages by 'conditional sale. the defendants questioned the judgments and decrees of the trial court and the appellate court by filing a second appeal against the same in the high court of gujarat.
the high court,who heard the second appeal, upheld the concurrent findings of the lower court.

ARGUMENT
arguments addressed behalf of the plaintiff- were these: that defendant-l. respondent-l although was in possession of the suit properties. agricultural lands at the time of execution of the deeds of mortgage by conditional sale in his favour because of the coming into existence of such mortgages there occurred merger of lease-hold rights of defendant-l in suit properties when he obtained those properties as mortgage security under the said mortgages and as a consequence he became a mortgagee in possession of those properties.
according to him a mortgagee in possession being a person who cannot be deemed to be a tenant under section 4 of the bt &; al act it was not open to the defendants to claim that they were the tenants of suit properties and if that be so question of raising issue of tenancy by the civil court in the suit before it did not arise at all nor was it necessary to refer such issue to the mamlatdar under section 85-a of the bt &; al act and stay the suit till receipt of the finding on such issue as was directed by the high court in its judgment under appeal.
the argument which was strenuously advanced on behalf of the appellant -plaintiff was that in a suit for redemption filed by the mortgagor in a civil court in respect of property notwithstanding the plea of the defendants' claim that they were tenants of that property under the bt &; al act and under the provisions of that act the issue of tenancy had to be referred by the civil court to the mamlatdar for recording a finding thereon and the civil court can proceed to dispose of the suit only on the basis of the finding received from the mamlatdar,the civil court itself can record its finding on the issue of tenancy and if the finding to be recorded had to go against the claim of tenancy,it would be permissible for the civil court to grant the decree for redemption sought by the plaintiff in the said suit. support was sought for the argument from the decision of this court in topandas case 1963 indlaw sc 379

ISSUE
(1).does the lease-hold of a tenant (lessee) in a property merge in mortgage security if the same property is given by the landlord (lessor) to the tenant (lessee) as a mortgage security under a mortgage by conditional sale,as would debar the tenant from desisting the suit of the landlord -mortgagor for recovery of possession of such property by obtaining a decree for redemption of the mortgage.
2).when a plea of tenancy is raised with regard to suit property,an agricultural land,by a defendant who claims to be a tenant of such property under the bt &; al act and seeks a reference of that issue by the civil court to the mamlatdar under that act for obtaining a finding thereon,can the civil court decide such issue by itself and proceed to decide the suit on the basis of the finding thereon.
the appeal in the court had arisen out of the finding recorded on that issue and in dealing with that matter this court had.to consider the true effect of sub-section (1) of section 28 of the rents control act to find whether it means that a defendant if raises a claim or question as to the existence of relationship of landlord and tenant between him and plaintiff the jurisdiction of the civil court is ousted even though the plaintiff pleaded that there is only exclusive jurisdiction to decide the case with the court of small causes,bombay.

ANALYSIS
no controversy is raised in the appeal as regards the findings of the civil court that the deeds of mortgage executed by the plaintiff in respect of the suit properties were mortgages by conditional sale.
in any event,it was not the case of the plaintiff that defendant-l was a tenant of the suit properties and hc surrendered his possession of the suit properties either expressly or impliedly and the possession so obtained by the plaintiff was re-delivered to defendant-l in pursuance of the mortgages by conditional sale executed in his favour.
learned counsel appearing for the defendants -respondents sought to refute the arguments advanced on half of the plaintiff-appellant.
what is enunciated in section 111 (d) of the t.p.act cannot be doubted is the doctrine of merger.
lease-hold held by a tenant or a lessee being a lesser estate and the right of reversion of the landlord (lessor) being a higher estate,the lessee's lease-hold right in respect of the property merges in reversion when that right of reversion,i.e.,the landlord's (lessor's) right of reversion comes to the tenant or lessee which happens when the landlord having a right to sell his reversion to the tenant holding the lease-hold sells the whole of it to the tenant (lessee).
when the landlord mortgages the lease-hold property of the tenant to the tenant himself,he does not part with the right of reversion which he has in respect of that property.
if that be so,merger of lease-hold estate in reversion cannot arise,inasmuch as,there cannot be any inconsistency or incompatibility in one person being the tenant and also the mortgagee of the same property,for in that event instead of the tenant paying rent to the landlord he may adjust it against the amount claimable by him as a mortgagee from the landlord.
moreover,if a lessee of a property takes a mortgage of the sum property from the landlord,it would be unreasonable to attribute to a tenant the intention to surrender the tenancy and to invoke the sophisticated doctrine of implied surrender as has been held by the gujarat high court in patel atmaram nathudas v. babubhai keshavlal.1974 indlaw guj 88.
in the case of a mortgage the estate that is outstanding is the equity of redemption of the mortgagor.
therefore,there cannot be a merger of lease and mortgage in respect of the same property since neither of them is a higher or lesser estate than the other.
g.appalaswamy case 1984 indlaw sc 314 (supra) which considered the question whether a sitting tenant who took property by a possessory or usufructuary mortgage in his favour was liable to deliver physical possession upon redemption to the mortgagor. former lessor).
the court dealing with the said question said that all depends upon whether there was an implied surrender of the lessee's rights when the usufructuary mortgage was executed in his favour by the lessor-mortgagor and only if an implied surrender of lossee's rights could be inferred then the mortgagor would be entitled to have delivery of physical possession upon redemption but not otherwise.
hence,the lease-hold of a tenant (lessee) in a property does not merge in mortgage security of that property,even if it is given .to. him by the landlord (lessor) on a mortgage by conditional sale as would debar the tenant from desisting the suit of the landlord mortgagor for recovery of possession of such property by obtaining decree for redemption of the mortgage.
section 70 of the bt &; al act to which we have adverted already imposes a duty on the mamlatdar to decide whether a person is an agriculturist or a tenant or a protected tenant or a permanent tenant when such person claims to be so under that act.
further,section 85 of the bt &; al act to which also we have already adverted,in unequivocal terms says that in deciding any issue which is required to be decided by the mamlatdar under the bt &; al act no civil court has jurisdiction to decide it.
furthermore,section 85a,as it stood prior to its amendment by gujarat amendment act no.5 in the year 1973 and as stands thereafter,requires that if any suit instituted in civil court involves the question of tenancy of 'present' or 'past',as the case may be,the same being required to be decided or dealt with by an authority competent under the bt &; al act,the civil court has to stay the suit and refer the issue to such competent authority for determination and after receiving the decision thereon to dispose of the suit in accordance with such decision.
thus,the provisions in the bt &; al act give no scope or room to think that the plea of tenancy if raised by the defendants in a suit in a civil court,the same could be decided by the civil court

STATUTE
the transfer of property act,1882 (tp act) ""111.a lease of immoveable property determines - (a. b. c. d) in case the interests of the lessee and the lessor in the whole of the property become vested at the same time in one person in the same right.
bombay tenancy and agricultural lands act,1948(bombay tenancy and agricultural lands act,1948. section 85a,as it came into force after it was amended by gujarat act no.5 of 1973 w.e.f 3rd march,1973. 85a.(i. if any suit instituted,whether before or after the specified date,in any civil' court involves any issues which are required to be settled,decided or dealt with by any authority competent to settle,decide or deal with such issues","['IN-Ext:1994_M_69:retrieval-0000', 'IN-Ext:1994_M_69:retrieval-0001', 'IN-Ext:1994_M_69:retrieval-0008', 'IN-Ext:1994_M_69:retrieval-0005', 'IN-Ext:1994_M_69:retrieval-0011', 'IN-Ext:1994_M_69:retrieval-0045']"
LQA-018,"Case background: The inference can be drawn from the parties conduct that they proceeded with the negotiation and conclusion of the contract on the basis that the accuracy of the representation continued to be asserted by the representor, implicitly if not expressly... How did the facts, governing law and judicial reasoning combine to determine the result?",hard,multi_issue_synthesis,True,answer_with_supported_citations,test_uk_abs,UK-Abs,United Kingdom,uksc-2012-0025,19a5481b6a64beb123f0804d20de6d1823efbbb118a14acef5994b8aede0d392,UK-Abs:uksc-2012-0025:reference,0b91b4507a4a8a98b73c6738cb7bf203b675945b61758e1e508dcfdd821a68b5,,"Lord Reed begins by questioning whether the way the case has been approached by the courts below and in the parties printed cases is correct [5 7].
Instead of viewing the representation as an event whose legal consequences were fixed at the time when the statement was made, Lord Reed concludes that the case in fact concerns a continuing representation capable of remaining in effect until the contract is concluded [31].
The representation contained in the critical email was undoubtedly of a continuing nature so long as Mr Erskine remained the prospective contracting party [24].
In principle, the possibility that a representation may continue to be asserted, and may have a causative effect so as to induce the conclusion of a contract, is not necessarily excluded where, as here, the contracting parties are not the original representor and representee.
The inference can be drawn from the parties conduct that they proceeded with the negotiation and conclusion of the contract on the basis that the accuracy of the representation continued to be asserted by the representor, implicitly if not expressly, after the identity of the prospective contracting party had changed.
In such circumstances, the representation could continue to have a causative effect, so as to induce the conclusion of the contract [25].
Where the inference to be drawn is that a representation continued to be made until the contract was concluded, it may also be inferred that the risk of harm being suffered as a result of reliance upon it, in the event that it was inaccurate, continued to be foreseeable.
In such circumstances, the representor may be taken to have assumed responsibility for the accuracy of the representation towards the contracting party who relied upon it, even where he is not the original representee [26].
Just as a representation may continue up to conclusion of the contract when made by a companys agent prior to the commencement of his agency, it may have the same effect where the person to whom it is addressed becomes the agent of the contracting party [27 28].
In this case, the negotiations simply continued after it became apparent that an LLP was to be used as the vehicle for Mr Erskines investment.
Neither party drew a line under the previous discussions, disclaimed what had previously been said or sought assurance that it could be relied upon as between the contracting parties [30].
In continuing and concluding the contractual negotiations with Cramaso, through its agent Mr Erskine, without having withdrawn the representation earlier made to him as an individual, the respondents by their conduct implicitly asserted to Cramaso the accuracy of that representation.
It continued to be foreseeable that the representation would induce the other party to the negotiations to enter into a contract.
The respondents therefore assumed a responsibility towards Cramaso for the accuracy of the representation and owed it a duty of care, which they failed to fulfil [31].
Cramaso is entitled to recover damages for any loss suffered as a result, under section 10 of the Law Reform (Miscellaneous Provisions) (Scotland) Act 1985 [32 43].
In a concurring judgment, Lord Toulson rejects the respondents argument that it was necessary for Cramaso to show that, at the time of the critical email, Mr Lewis knew or ought to have known that there was a high degree of probability that Mr Erskine would be sent the email and would rely upon it.
The situation where a statement is made by one party to another, who in turn relies upon it in entering a contract with a third party is different to the present situation, where a statement was made during contractual negotiations by one prospective party to another in relation to the very transaction about which they were negotiating [51].
Lord Toulson agrees with Lord Reed that the fact the representation was negligent rather than fraudulent does not affect its continuing nature; what matters is its continuing potency as an inducing factor [63].
The case will have to return to the Court of Session for further procedure in relation to remedies [44].","['UK-Abs:uksc-2012-0025:retrieval-0003', 'UK-Abs:uksc-2012-0025:retrieval-0030', 'UK-Abs:uksc-2012-0025:retrieval-0037', 'UK-Abs:uksc-2012-0025:retrieval-0014', 'UK-Abs:uksc-2012-0025:retrieval-0000', 'UK-Abs:uksc-2012-0025:retrieval-0015']"
LQA-019,Case background: One of the provisions of the merger agreement was that the existing laws in the Covenanting States were to be continued till such time as they were modified or repealed by the new State and that all the assets and liabilities of the Covenanting States were taken over... Which factual circumstances were important to resolving the case?,easy,facts,True,answer_with_supported_citations,test_in_abs,IN-Abs,India,1762,403ea3bb27b1fb445d9e0c4f74ddda338a54d085181b46cf8c542c316ac22368,IN-Abs:1762:reference,58729201ca7f5f5315776932b4969f92dd2b9a0e74340f13fe15dc48c94fb6f1,,"In 1947, the Dholpur State acceded to the Dominion of India.
Later on, it was merged with other States and as a result of that merger, the Matsya Union was formed on March 18, 1948.
One of the provisions of the merger agreement was that the existing laws in the Covenanting States were to be continued till such time as they were modified or repealed by the new State and that all the assets and liabilities of the Covenanting States were taken over by the new State.
Later on, the Matsya Union was merged with the United State of Rajasthan which had come into existence from April 7, 1949.
A similar provision with regard to the recognition of the liabilities of the Covenanting States by the new State was also provided.
On January 26, 1950, Part B State of Rajasthan came into existence.
In the four appeals the respondents secured permits from the Dholpur State for the export of certain commodities and they had to pay export duties in advance.
As the respondents could not export the full quantity for which they had secured permits they asked the appellant to refund the excess export duty and when the latter refused to do so, filed suits for refund of the same with interest.
The defence taken up by the appellant was that it was not bound by any liability which might have arisen against the former State of Dholpur.
It was a new Sovereign and was not bound by any liability of the former State of Dholpur unless it chose to recognise the obligation but no such obligation was recognised in the present case.
One suit was dismissed by the trial court and other three were decreed.
The appeals of the State to the District Judge were substantially dismissed while the appeal in the first suit by the plaintiff was substantially allowed.
The State filed appeals to the High Court.
After referring the matter to the Full Bench, a Division Ben oh of the High Court dismissed the appeals filed by the State.
The Appellant came to this Court after obtaining certificate of fitness from the High Court.
The only question raised before this Court was about the liability of the State of Rajasthan under article 295(2) of the Constitution in respect of the obligations of the former State of Dholpur which came to be included in the State of Rajasthan.
Dismissing the appeals, Held, that the new State by continuing the old laws without change till they were repealed or altered, recognised that it was liable in the same way as the merging State would have been in any case.
Throughout the process of integration from 1948 to 1950, the new Sovereign must be taken to have recognised the rights of the subjects and undertaken the liabilities 175 of the old State.
So under article 295(2) of the Constitution, the State of Rajasthan was liable to meet the liabilities of all old States which eventually were merged into it.
Moreover, there was nothing to show that the right to claim the refund was taken away by any law competently passed.
M/s Dalmia Dadri Cement Co. Limited vs The Commissioner of Income tax [1959], S.C.R. 729 and Maharaja Shree Umaid Mill Limited vs Union of India, A.I.R. 1953, S.C. 953 referred to.","['IN-Abs:1762:retrieval-0004', 'IN-Abs:1762:retrieval-0005', 'IN-Abs:1762:retrieval-0002', 'IN-Abs:1762:retrieval-0003', 'IN-Abs:1762:retrieval-0009', 'IN-Abs:1762:retrieval-0018']"
LQA-020,"Case background: out of the said twelve accused,6 accused were acquitted of all the charges while the five appellants herein namely,bonkya alias bharat shivaji mane (a-5),mandu baliba dombe (a-8),ashok baloba dombe (a-9)... What was the relevant procedural history before the final appeal?",easy,procedural_history,True,answer_with_supported_citations,test_in_ext_expert,IN-Ext,India,1995_S_317,21e2890ec9b93df4d15ca56f130e3e73ed787986c00805ba753a64b8d1c17411,IN-Ext:1995_S_317:A1,16c11d038a8cbf29c3dc7e1b39f9551a1513be62dec8bb0d10823929adcb1df9,,"FACTS
twelve accused persons were tried for offences under section 302,307/149,324,147,148 and section 3 of terrorist and disruptive activites. prevention) act,1987 (hereinafter referred to as 'tada') by the learned designated judge,pune.
out of the said twelve accused,6 accused were acquitted of all the charges while the five appellants herein namely,bonkya alias bharat shivaji mane (a-5),mandu baliba dombe (a-8),ashok baloba dombe (a-9),ranjar bhausaheb dombe (a-10) and kaka alias pandurang baloba dombe (a-11) were convicted for offences under section 302/307/149 ipc and section 3 of tada and sentenced to suffer life imprisonment and to pay a fine of rs.5,000/-each for the offence under section 302/149 ipc.
10 years ri and a fine of rs.5,000/-each for the offence under section 307/149 ipc; 2 years ri for the offence under section 324/149 ipc and life imprisonment and fine of rs.5,000/-each for the offence under section 3 of tada.
in default of payment of fine on each of the counts,the appellants were to undergo further ri for two years each.
the substantive sentences of imprisonment were however directed to run concurrently. one accused died during the pendency of the trial.
anna shety band patte,mukesh,ramesh and prakash band patte had gone to the vrindavan video parlour for watching a movie.
the accused a-6,a-10 and a-11 alongwith one other person were also present at the video parlour. there was an altercation between the accused and the complainant party when the leg of kaka dombe (a-11) dashed against the leg of anna shety band patte. pw.
both the prosecution witnesses as well as. the accused party left the video parlour threatening each other.
the complainant party went towards jagdamba hotel owned by waman band patte pw.at that time baban karpe,bajrang band patte,sanjay mane,ramesh pawar were also present near the hotel.
at about 4.00 p.m.,the appellants and other accused persons allegedly armed with swords,satturs and sticks arrived there in two auto-rickshaws and one jeep.
on the arrival of accused party anna shetty ran away. appellants a-5,a-10 and a-11 thereafter assaulted bajrang band patte (pw-14) on his head in front of the hotel.
they also assaulted baban karpe (pw-9) and popat deceased,who had run away to the math,after chasing them in the auto rickshaws and the jeep.
it is alleged that a-5,a-10 and a-11 assaulted popat deceased with the swords on his head and thighs and when baban tried to intervene he was also assaulted and he received a blow with the sattur near his knee.
he ran away to conceal himself.
bajrang (pw-14) was taken to the hospital by waman pw-15,ramesh pw-11 and prakash pw-2,whereas popat deceased who was seriously injured and had fallen down unconscious after receipt of the injuries was removed to the hospital by the police when it arrived at the spot a little later.
all the injured persons were admitted to the hospital.
police inspector joshi arrived at the hospital and baban karpe pw-9 narrated the occurrence to him.
the inquest on the dead body of popat was conducted and the body was sent for post-mortem examination.
the jeep allegedly used by the accused party was later found in front of the house of accused baloba dombe,a-1 (who died subsequently).
one sword,stained with blood and two blood stained sticks were recovered from the said jeep.
an auto-rickshaw bearing registration no.mwq-5624 belonging to manik bhende-gavali was found abandoned in a damaged condition with broken glasses.
the accused were searched for but could not be traced.
they were subsequently arrested on different dates.
on a disclosure statement made by a-11 before the police and the panches under section 27 of the evidence act and on his pointing out a sword was recovered from the field at korti,where it lay buried.

ARGUMENT
the prosecution alleged that the accused party with an intent to commit terror in the wadar community had committed the murder of popat and injured pw-9 and pw-14,by using lethal weapons and had thereby committed terror in the wadar community and,thus,committed an offence under section 3 of tada.
according to a-2,a-3,a-5,a-6 and a-7 they had been identified by pw-9,during the identification parade,at the instance of the police.a-4 alleged false implication at the instance of pw-15 waman while a-8 alleged false implication at the hands of the police with a view to pressurise him to withdraw a complaint concerning the murder of his brother and 5 others allegedly committed by the police.
a-9 also put forward a similar defence,while a-10 alleged that the police had instituted a false case against him at the instance of narayan dhotare,according to a-11,also the witnesses had deposed falsely against him at the instance of narayan dhotare.

ISSUE
the appeal under section 19 of tada,the appellants have called in question their conviction and sentence

ANALYSIS
that the incident arose out of a petty altercation between a-11 and his three companions with pw-10 and his three companions at the video parlour and later on led in the homicidal death of popat band patte on 11 august 1990 and injuries to pw9 and pw14 was neither disputed before the learned designated court nor before the present court.
from the post-mortem report, the deceased had four incised injuries which had caused extensive damage to his internal organs
the testimony of pw9 to pw-15 regarding the incident at the video parlour is cogent and trustworthy and nothing has been brought out during the cross-examination of these witnesses which may cast any doubt about the correctness of the version given by them regarding the incident at the video parlour.
the designated court rightly found the participation of a-1,a-5,a-8,a-9 and a-11,in the assault,to have been positively established. however,so far as a-10 is concerned, there is merit in the submissions of the learned counsel for the appellant that his identify and participation in the assault has not been established beyond a reasonable doubt.
the name of a-10 does not figure specifically in the statement of baban pw-9,which formed the basis of the fir.
the prosecution has been able to establish its case against a-5,a-8,a-9 and a-11 and the deceased a-1 beyond a reasonable doubt.
the designated court fell in error in holding that an offence under section 3 of tada had been committed by the accused-appellants in the established facts and circumstances of this case.
merely because the deceased and the two injured witnesses belong to wadar community,no inference could be drawn that the attack by the appellants on them was intended to strike terror in a section of the society,namely,the wadar community.
in hitendra vishnu thakur and others vs. state of maharashtra. and others [(1994) 4 scc,602. 1994 indlaw sc 1706 this court opined that the criminal activity in order to invoke tada must be committed with the requisite intention as contemplated by section 3(1) of the act by use of such weapons as have been enumerated therein and which cause or are likely to result in the commission of offences as mentioned in that section.
appellants no.1 (a-5),2 (a-8),3 (a-9) and. 5 (a-11) had alongwith the deceased accused a-1 and some others,about whose identity there has been some doubt,formed an unlawful assembly and in furtherance of the common object of that assembly committed the murder of popat deceased besides causing injuries to pw9 and pw14.
in the result,the appeal succeeds insofar as a-10 (appellant no.4) is concerned.
he is given the benefit of doubt and acquitted of all the charges against him.
he shall be released from custody forthwith if not required in any other case.
the conviction and sentence of appellants no.1,2,3 and 5 for the offence under section 3 tada is also set aside but their conviction and sentence for the other offences as recorded by the designated court is upheld and to that extent their appeals fail.
section 19 of tada shows that an appeal against the judgment,sentence or order,of the designated court (except an interlocutory order) shall lie on facts and on law to the supreme court and that no appeal or revision shall lie to any other court.
in the face of this express provision,there is no scope to urge that the appeal may be transferred to the high court because of the acquittal of the appellants for the offence punishable under section 3 tada.
under section 12 of tada the designated court has the jurisdiction not only to try the cases under tada but also to try offences under the indian penal code if the offence under tada is connected with such other offences.
the amplitude of powers available to this court under article 142 of the constitution of india is normally speaking not conditioned by any statutory provision but it cannot be lost sight of that this court exercises jurisdiction under article 142 of the constitution with a view to do justice between the parties but not in disregard of the relevant statutory provisions.
the transfer of the appeal to the high court,after hearing the appeal on merits and finding that section 3 of tada on the basis of the evidence led by the prosecution,was not made out,is neither desirable nor proper nor permissible let alone justified.
final judgment
the submission of the learned counsel is devoid of merits and is consequently rejected.

STATUTE
the court found the said appellants guilty of the offences under section 302/149,307/149 and section 324/149. ipc.
provisions of section 19 of tada. section 19 (1) and (2) of tada read as follows. 19.appeal - (1) notwithstanding anything contained in the code,an appeal shall lie as a matter of right from any judgment,sentence or order,not being an interlocutory order,of a designated court to the supreme court both on facts and on law. 2) except as aforesaid,no appeal or revision shall lie to any court from any judgment,sentence or order including an interlocutory order of a designated court.","['IN-Ext:1995_S_317:retrieval-0000', 'IN-Ext:1995_S_317:retrieval-0001', 'IN-Ext:1995_S_317:retrieval-0046', 'IN-Ext:1995_S_317:retrieval-0057', 'IN-Ext:1995_S_317:retrieval-0003', 'IN-Ext:1995_S_317:retrieval-0059']"
LQA-021,"Case background: The police did this exercising the power under Paragraph 2 of Schedule 7 of the Terrorism Act 2000, which deals with questioning individuals at ports or borders for the purpose of determining whether he appears to be [or to have been concerned in the commission... What was the final holding and practical outcome for the parties?",easy,outcome,True,answer_with_supported_citations,test_uk_abs,UK-Abs,United Kingdom,uksc-2013-0243,2ecdedce96c24849972366d10d71e33425ab5b31521ddc4ae543088a7c0a12f1,UK-Abs:uksc-2013-0243:reference,f29d46ae054f6824e467fab94b4ea21dc5b7a2bc1602e01fecd5c31b6a22b1ed,,"On 4 January 2011, Mrs Sylvie Beghal passed through East Midlands Airport with her three children on returning from visiting her husband in Paris, a French national in custody on terrorist offences.
She was stopped by police and, although not formally detained, arrested or suspected of being a terrorist, was told they needed to speak to her to establish whether she was involved in terrorist acts.
The police did this exercising the power under Paragraph 2 of Schedule 7 of the Terrorism Act 2000, which deals with questioning individuals at ports or borders for the purpose of determining whether he appears to be [or to have been concerned in the commission, preparation or instigation of acts of terrorism].
No reasonable suspicion of a past or future offence is needed.
Under other provisions of Schedule 7, officers may also: require the production of documents carried; copy and retain material; and, search and detain (currently for a maximum of 6 hours) individuals.
By way of sanction, Paragraph 18 of Schedule 7 of the Terrorism Act 2000 makes it a criminal offence, on pain of fine and/or imprisonment, wilfully to fail to comply with such requirements.
A Code of Practice exists for officers exercising these powers.
Mrs Beghal sent her two eldest children to the arrivals gate, asked for a lawyer (with whom she spoke on the phone) and requested and was granted an opportunity to pray.
She was searched and in the absence of the lawyer was asked, amongst other questions, about her relationship with her husband, her reasons for travel, where she had stayed and whether she had travelled beyond France.
She refused to answer most of the questions and was charged with the offence of wilful failure to comply with the requirement to answer questions.
The questions and reporting her for failure to answer them lasted under half an hour.
She later pleaded guilty to this offence and her sentence was a conditional discharge.
Mrs Beghal brought proceedings arguing that the Schedule 7 powers breached her Article 5 (right to liberty), Article 6 (privilege against self incrimination) and Article 8 (right to respect for private and family life) rights under the European Convention on Human Rights (ECHR).
The Divisional Court dismissed her claims.
The Supreme Court dismisses the appeal by a majority of 4 1 (Lord Kerr dissenting).
Lord Hughes delivers the lead judgment.
Lord Neuberger and Lord Dyson give a joint concurring opinion.
Powers of questioning and search and inspecting, copying and retaining data on electronic devices Article 8 ECHR Questioning and search under compulsion undoubtedly constitutes an interference with Article 8(1) ECHR [28].
As to justification under Article 8(2) ECHR, it is in accordance with the law as there are sufficient safeguards and controls against overbroad and arbitrary use of this power [45].
These include, for example, the restrictions on the location, duration and type of questioning and search, the requirement to permit consultation with a solicitor, the availability of judicial review and the supervision
of the Independent Reviewer of terrorism legislation [43].
The fact that questioning does not require objective grounds for suspicion does not by itself mean that the safeguards are inadequate [44].
The power is also proportionate: (i) questioning and search at ports is rationally connected to the proper objective of Schedule 7, which is preventing and detecting terrorism [47]; (ii) to require reasonable suspicion before using the power would not achieve anything like the same utility in fighting the threat of terrorism [49]; and, (iii) it also represents a fair balance between the rights of individuals and the interests of community at large; the level of intrusion is comparatively light and not beyond the reasonable expectations of international travellers and the importance of preventing and detecting acts of terrorism can scarcely be overstated [48, 51].
There is also no substantial risk of these powers being used on a racially discriminatory basis.
The statistics show that the exercise of Schedule 7 powers is proportionate to the terrorist population, considering the sources of the terrorist threat, that travels through UK ports [50].
Retaining electronic data is a considerable intrusion into the private life of an individual [57].
It may well be that retention longer than an initial inspection for a reasonable period can only be justified if there exist objectively established grounds for suspicion [58].
This power, however, was not used in the case of Mrs Beghal.
Power to detain Article 5 ECHR The power to detain for six hours falls within Article 5(1)(b) ECHR and involves a greater level of intrusion than questioning and search [52].
Nonetheless, restricting an individuals movement in order to exercise the questioning and search power, and for no more than is necessary, will either not be a deprivation of liberty or will be justified [54].
The better view is that detention beyond what is necessary to complete the process of questioning and search for example, for six hours can only be justified by objectively demonstrated suspicion [55].
However, in this case any deprivation of Mrs Beghals liberty was for no longer than was necessary for the completion of the process [56].
Privilege against self incrimination Article 6 ECHR Schedule 7 excludes privilege against self incrimination as it is by necessary inference abrogated by the words of the statute [64].
Moreover, the risk of prosecution based on answers to Schedule 7 is not a real and appreciable one; in practice section 78 of the Police and Criminal Evidence Act 1984 (PACE) would inevitably render such evidence inadmissible.
Article 6 ECHR would also compel the same result [65 66].
As port questioning and search is not part of a criminal investigation, the individual is not a person charged for the purposes of Article 6 ECHR so that Article 6 ECHR has no application [69].
Lord Kerr (dissenting) would find that the Schedule 7 powers are incompatible with Articles 5, 6 and 8 ECHR: (i) they are not in accordance with the law.
The potential for arbitrary or discriminatory exercise of the powers is apparent from the Code of Practice [103 104].
Moreover, a crucial element of this requirement is to make it possible to examine whether the powers have been used proportionately.
Where the Schedule 7 powers can be exercised without any suspicion whatsoever there is simply no material to judge whether they are being used proportionately [106]; (ii) the powers are greater than necessary to accomplish the aims; there is no evidence that such suspicion less powers are the only way to achieve the goal of combatting terrorism and no reasoned justification has been given for granting examining officers such powers [122, 124]; (iii) a proper balance has not been struck between the rights of the individual and the interests of the community [126 127].
Lord Kerr further finds that the requirement to answer questions breaches an individuals common law privilege against self incrimination and is incompatible with Article 6 ECHR.
There is, inescapably, a real and appreciable risk of prosecution if answers to the questions posed prove to be self incriminating [115].","['UK-Abs:uksc-2013-0243:retrieval-0010', 'UK-Abs:uksc-2013-0243:retrieval-0011', 'UK-Abs:uksc-2013-0243:retrieval-0012', 'UK-Abs:uksc-2013-0243:retrieval-0075', 'UK-Abs:uksc-2013-0243:retrieval-0000', 'UK-Abs:uksc-2013-0243:retrieval-0009']"
LQA-022,"Case background: The prosecution alleged that on the basis of a complaint made by the appel lant that the food served in the canteen was substandard, PW 3 issued a show cause notice to PW I... What was the principal legal controversy before the court?",medium,legal_issue,True,answer_with_supported_citations,test_in_abs,IN-Abs,India,6413,44051a9796cb5b331246ef344e5ef42d918d7fda2953330160292d7995ce60b4,IN-Abs:6413:reference,30a9c19fde30e8a1bbb9670a4a2dfc3ae793603181ecffd6694b2cd12e562791,,"The appellant was an Accountant cum Headclerk in the Forest Training School, PW 3 the Principal of the training school, and PW I the canteen contractor.
The prosecution alleged that on the basis of a complaint made by the appel lant that the food served in the canteen was substandard, PW 3 issued a show cause notice to PW I, as to why the licence for the canteen should not be cancelled and that thereafter the appellant sent for PW I and demanded a bribe of Rs. I00.
As the appellant pressed the demand from PW 1, the latter made a complaint to PW 6, the inspector, who arranged a trap.
The trap was arranged.
PW I handed over the money to the appellant, who received the same.
PW 6 conducted the phe nolphthalein test with reference to the fingers of the appellant.
The test was positive.
The currency notes were seized, and the appellant arrested chargesheeted.
The Trial Judge accepted the prosecution evidence, rejected the pleas of the appellant that PW 1 had returned the amount of Rs. 100 due to him, that there had been no demand for a bribe as there had been no occasion for doing so, and recorded conviction.
The appellant appealed to the High Court and contended that there was no independent evidence regarding the demand, the messenger who had contacted PW 1 at the behest of the appellant had not been examined, the solitary evidence of PW I is insufficient and that the explanation offered by the appellant was probable and that there is no conclusive evidence to hold that the appellant was guilty.
The High Court took the view that the recovery of the currency notes from the appellant prove his guilty conduct, in view of the presumption arising under section 4(1) 01 ' the Prevention of Corruption Act and that the same has not been rebutted and held that though the conviction under 335 section 161 I.P.C. and section 5(2) of the Prevention of Corruption Act, 1947 is to be maintained, no separate sen tence need be awarded under section 161 I.P.C. It, accord ingly, confirmed the conviction of the appellant and sen tenced him to undergo rigorous imprisonment for 15 months.
In the appeal to this court, it was contended that the appellant had a consistent case even from the earliest opportunity, that the currency notes found in his possession was the money returned by PW I, and that the presumption, if any, arising under section 4 was rebutted, and the convic tion cannot therefore be sustained.
Dismissing the appeal, this Court HELD: 1.
The appellant has not even by preponderance of probability succeeded in rebutting the presumption under section 4(1) of the Prevention of Corruption Act.
[338C] 2.
The Court has no choice once it is established that the accused person has received a sum of money which was not due to him as a legal remuneration, but to draw a presump tion that the person received the money as a motive of reward.
However, it is open to that person to show that though that money was not due to him as legal remuneration, it was legally due to him in some other manner or that he received it under a transaction or an arrangement which was lawful.
The explanation offered by the person should be a true one and not one which is merely plausible.
[339B C; F] Dhanvantrai Balwantrai Desai vs State of Maharashtra, AIR 1964 SC 575, referred to.","['IN-Abs:6413:retrieval-0000', 'IN-Abs:6413:retrieval-0001', 'IN-Abs:6413:retrieval-0004', 'IN-Abs:6413:retrieval-0002', 'IN-Abs:6413:retrieval-0003', 'IN-Abs:6413:retrieval-0005']"
LQA-023,"Case background: the is that for certain the appellant could not derive actual income from the forests taken over by the state from him and therefore there was no income-tax payable on any agricultural income from these forests. Which statutory or constitutional provisions governed the dispute, and how were they interpreted?",medium,statutory_interpretation,True,answer_with_supported_citations,test_in_ext_expert,IN-Ext,India,1976_T_9,2321c3eb77540305a02b052b6d66c143d33b26b61ff55656728532cd04024b1a,IN-Ext:1976_T_9:A1,1d8350fdb4b7b05552a94c7ce57227f920a265dadfca6060d2eb35c423e8d630,,"FACTS
three civil appeals, stemming from three revision petitions to the high court of orissa under the orissa estates abolition act, 1951.
the high court, after deciding various issues, remanded the cases to the compensation officer under the act, after over-ruling most of the contentions pressed before it by the appellant.
shri achutananda purohit, appellant, was the intermediary in respect of vast forests and other lands comprised in the estate of jujumura in the district of sambalpur.
the appellant has received around rs. 3,00,000/- but much more, according to him, is due.

ARGUMENT
the argument is that for certain reasons the appellant could not derive actual income from the forests taken over by the state from him and therefore there was no income-tax payable on any agricultural income from these forests.
the contention is that therefore in arriving at the next income the deduction of income-tax is not permissible.

ISSUE
the estate vested in the state on april 1, 1960 by force of the act and the crucial question consequentially turns on the quantum of compensation awardable under chapter v of the orissa estates abolition act, 1951.
the meat of the matter, the primary question agitated in the appeal, lopping off the fringe issues of lesser import, consists in the statutory methodology and functionaries prescribed by the act for quantifying the compensation and the compliance therewith by the statutory machinery in the case of the appellant.

ANALYSIS
the compensation officer is charged with fixing the quantum in the prescribed manner.
a compensation assessment roll containing the gross asset and net income of each estate, together with the compensation payable in respect of such estate, has to be prepared by him.
the dynamic rule of law, with a social mission, makes a meaningful distinction between rights steeped in the old system and compensation for deprivation of those interests, on the one hand, and the ordinary commercial transactions or regulation of rights untinged by social transformation urges, on the other.
this gives rationality to the seeming disparity.
moreover, the high court has rightly pointed out that the validity of s. 37(3) of the act which fixes a small rate of interest on the compensation amount has been upheld by the supreme court in gajapati narayan's case.
for the purposes of the law, the rupee of long ago is the same as the rupee of today, although for the purposes of the market place and cost-of living, the housewife's answer may be different.
art. 31(3) read with art. 31(2) bars any challenge to the amount of compensation on acquisition by the state subject to compliance with the prescriptions in the said sub-articles, on the ground that the amount so fixed or determined is not adequate.
presidential assent has been accorded to this state act and so the ban operates.
moreover, art. 31a repels the applicability of arts. 14, 19 and 31 to the acquisition by the state of any estate or of any rights therein etc.
in the case of forests it is the assumed income and not the actual income that forms the basis of calculation of compensation.
on the other hand, statutory compensation is provided for on the formula of assumed income in the previous year.
similarly, an assumed income- tax also has to be worked out and deducted.
the statutory scheme of compensation for forest lands consists of machinery for assessment of the net income which is multiplied on a sliding scale and the method of challenge to the determination by the aggrieved owner of state.
so the first step is for the government to appoint forest officers from out of d.f.os. in the forest department, for the purposes of the act.
those officers ascertain the income from the forest concerned and the figure so fixed is subject to the approval of the c.c.f. (chief conservator of forests).
the power to approve implies the power to disapprove or modify but not to report or arrive at an income de hors the forest officer's report altogether.
indeed, there was a fundamental difference in the basis adopted by the forest officer and the chief conservator in the matter of assessing the income of the forests in question.
this was wrong and contrary to s. 26.
it is astonishing that anyone should urge, as the appellant did, that the date of vesting is the last date by which the calculation of compensation should have been made and since that had not been done, the compensation officer had become functus officio in awarding compensation.
in this context, it is perhaps not irrelevant to remember that the appellant, a freedom-fighter, is an 83-year-old man and, at this stage of his life, the state should show ommiseration not merely in quickly disposing of the proceedings but also in not being cantankerous in awarding and disbursing the balance compensation.

STATUTE
s. 24 of the orissa estates abolition act, 1951 stipulates that the compensation shall be determined for the estate as a whole and not separately for each of the shares therein.
s. 26 has great relevance as it lays down the method of arriving at the gross asset and s. 27 has like significance as it focuses on the manner in which the net income from an estate shall be computed by deducting certain items from the gross asset of the estate.
s. 28 states how the amount of compensation is to be determined and the methodology of payment.
there are a few other s.s in chapter vi which deal with payment of compensation.
the act also provides for appeal, second appeal and revision, the last being to the high court and the earlier ones being to the collector and a board constituted under s. 22.
the rule-making power is vested in the government under s. 47 and there is a routine 'removal of difficulties' clause contained in s. 50.
the policy of the law of agrarian reform postulates the extinguishment of ancient privileges and cornering of land resources, and the socioeconomic yardstick is different from what applies to ordinary purchases of real estate and this is manifest in the special provisions contained in art. 31a and art. 31b of the constitution.","['IN-Ext:1976_T_9:retrieval-0000', 'IN-Ext:1976_T_9:retrieval-0001', 'IN-Ext:1976_T_9:retrieval-0032', 'IN-Ext:1976_T_9:retrieval-0030', 'IN-Ext:1976_T_9:retrieval-0020', 'IN-Ext:1976_T_9:retrieval-0012']"
LQA-024,"Case background: In this appeal, the Supreme Court is asked to decide whether Barclays Bank is vicariously liable for sexual assaults allegedly committed between 1968 and about 1984 by the late Dr Gordon Bates. What controlling precedent or doctrine guided the court's analysis?",medium,precedent_application,True,answer_with_supported_citations,test_uk_abs,UK-Abs,United Kingdom,uksc-2018-0164,335448f00a2fc7df175d8904870b915a9c92736a1b73f6f48d969ea9712c1022,UK-Abs:uksc-2018-0164:reference,f05019af23db7dd92f08ca32093a1d58ec27b409a9551b49f1441da756e23133,,"In this appeal, the Supreme Court is asked to decide whether Barclays Bank is vicariously liable for sexual assaults allegedly committed between 1968 and about 1984 by the late Dr Gordon Bates.
Dr Bates was a self employed medical practitioner with a portfolio practice.
His work included conducting medical assessments and examinations of prospective Barclays employees.
Barclays required job applicants to pass a pre employment medical examination as part of its recruitment and employment procedures.
Barclays arranged the appointments with Dr Bates and provided him with a pro forma report headed Barclays Confidential Medical Report.
Dr Bates was paid a fee for each report; Barclays did not pay him a retainer.
If the report was satisfactory, the applicants job offer would be confirmed, subject to satisfactory GCE examination results.
Dr Bates conducted the (unchaperoned) medical examinations in a consulting room at his home.
It is alleged that Dr Bates sexually assaulted the 126 claimants in this group action during their medical examinations.
After Dr Bates died in 2009, the claimants sought damages from Barclays.
At first instance, the judge held that Barclays is vicariously liable for any assaults that Dr Bates is proved to have perpetrated.
The Court of Appeal agreed and dismissed Barclays appeal.
Barclays now appeals to the Supreme Court.
The Supreme Court unanimously allows Barclays appeal, and holds that it is not vicariously liable for Dr Bates alleged wrongdoing.
Lady Hale gives the judgment, with which all members of the Court agree.
Before one person can be made vicariously liable for the torts of another, two elements must be shown.
First, there must be a relationship between the two persons which makes it proper for the law to make one pay for the fault of the other.
Second, there must be a sufficient connection between that relationship and the wrongdoing of the person who committed the tort.
This case concerns the first element [1].
Historically, and leaving aside relationships such as agency and partnership, the relationships that could give rise to vicarious liability were limited to that between an employee and an employer [1].
Accordingly, Barclays case is that, since Dr Bates was an independent contractor and not a Barclays employee, it cannot
be held liable for his wrongdoing.
As Lord Bridge of Harwich said in D & F Estates Ltd v Church Comrs [1989] AC 177 at 208, It is trite law that the employer of an independent contractor is, in general, not liable for the negligence or other torts committed by the contractor in the course of the execution of the work [7].
The claimants, on the other hand, argue that the law has been broadened by the Supreme Court decisions in Various Claimants v Catholic Child Welfare Society [2012] UKSC 56 (generally known as Christian Brothers), Cox v Ministry of Justice [2016] UKSC 10 and Armes v Nottinghamshire County Council [2017] UKSC 60.
They say that these decisions have established a more nuanced approach, in which a range of factors are considered to determine whether or not it is fair, just and reasonable to impose vicarious liability in the circumstances of the case [8].
Lady Hale examines these three decisions in detail at [10 23], together with their precursor, the Court of Appeal decision in E v English Province of Our Lady of Charity [2012] EWCA Civ 938.
The cases make it clear that a person can be held vicariously liable for the acts of someone who is not their employee, provided the relationship between them is sufficiently akin or analogous to employment.
However, they do not erode the classic distinction between employment (and relationships that are akin or analogous to employment) on the one hand, and the relationship with an independent contractor on the other hand [24].
Two cases decided by common law courts since Christian Brothers have reached the same conclusion: namely, the Court of Appeals decision in Kafagi v JBW Group Ltd [2018] EWCA Civ 1157 and the Singapore Court of Appeals decision in Ng Huat Seng v Mohammad [2017] SGCA 58 [25 26].
In light of this, the question is, as it has always been, whether the person who committed the tort is carrying on business on his own account, or whether he is in a relationship akin to employment with the defendant.
In doubtful cases, the five factors or incidents identified by Lord Phillips in Christian Brothers (reproduced at [15]) may help to identify a relationship which is sufficiently analogous to employment to make it fair, just and reasonable to impose vicarious liability.
But the key will usually lie in understanding the details of the relationship.
Where it is clear that the person who committed the tort is carrying on his own independent business, it is not necessary to consider the five incidents [27].
On the facts, Dr Bates was not at any time an employee or anything close to an employee of Barclays.
Rather, he was in business on his own account as a medical practitioner, with a portfolio of patients and clients.
He did work for Barclays, which made the arrangements for the medical examinations and chose the questions to which it wanted answers, but much the same would be true of window cleaners or auditors.
Dr Bates was not paid a retainer, which might have obliged him to accept a certain number of referrals from Barclays.
He was paid a fee for each report and was free to refuse to conduct an offered examination.
He no doubt carried his own medical liability insurance [28].
Lady Hale considers the relationship between the first element of the test for vicarious liability and the definition of worker in section 230(3) of the Employment Rights Act 1996.
She concludes that asking whether or not a person is a worker who is not an employee within the definition in section 230(3)(b) may be helpful in identifying whether or not they are a true independent contractor, as opposed to being in a relationship akin to employment.
However, she declines to align the common law concept of vicarious liability, developed for one set of reasons, with the statutory concept of worker, developed for quite a different set of reasons [29].
Accordingly, the Court allows the appeal and holds that Barclays is not vicariously liable for any assaults that Dr Bates is proved to have perpetrated in the course of the medical examinations he carried out for Barclays [30].","['UK-Abs:uksc-2018-0164:retrieval-0002', 'UK-Abs:uksc-2018-0164:retrieval-0003', 'UK-Abs:uksc-2018-0164:retrieval-0006', 'UK-Abs:uksc-2018-0164:retrieval-0005', 'UK-Abs:uksc-2018-0164:retrieval-0004', 'UK-Abs:uksc-2018-0164:retrieval-0001']"
LQA-025,Case background: Evidence was also led of an extra judicial confession made by the appellant to one U but the High Court did not place reliance on it as it did not feel sure of it though it observed that a perusal of the statement of U showed that it... Why did the court reach its conclusion under the applicable legal principles?,hard,judicial_reasoning,True,answer_with_supported_citations,test_in_abs,IN-Abs,India,1378,448ae66c60cd0cc42cd09d9d57456ad7771d6c420071354c8ca5706bff40b131,IN-Abs:1378:reference,097fc61f94f90462e280686fdb1ed50295321067edfab9633ad349ef602da940,,"The appellant was tried for murder.
The facts established were that there were quarrels between the appellant and the deceased over the purchase of a cycle and in a play of cards that the appellant had purchased a sword a day earlier and that he had deposited the sword stained with human blood at the police station shortly after the murder.
Evidence was also led of an extra judicial confession made by the appellant to one U but the High Court did not place reliance on it as it did not feel sure of it though it observed that a perusal of the statement of U showed that it was very likely that what he stated may have happened.
^ Held, that the statement of U regarding the extra judicial confession was erroneously rejected by the High Court.
Extra judicial confessions were not usually considered with favour but such a confession coming from a person who had no reason to state falsely and to whom it was made in circumstances which tended to support his statement could be relied upon.
The extra judicial confession in the present case was supported by the facts established, and these together fully established the guilt of the appellant.","['IN-Abs:1378:retrieval-0003', 'IN-Abs:1378:retrieval-0010', 'IN-Abs:1378:retrieval-0004', 'IN-Abs:1378:retrieval-0002', 'IN-Abs:1378:retrieval-0007', 'IN-Abs:1378:retrieval-0005']"
LQA-026,"Case background: the learned single judge granted reliefs sought for by the respondents,however,imposing certain restrictions with regard to the age,being medically fit,on the date of the writ petition... Which competing submissions mattered, and how did the court resolve them?",hard,arguments_and_reasoning,True,answer_with_supported_citations,test_in_ext_expert,IN-Ext,India,2000_V_80,2ea3381bf7b2dca0261810570b8a4c6aadc5cb547d84748594fcc7aca6f9dbe6,IN-Ext:2000_V_80:A1,1d1006015c8b1cf8ff7beaf7922fae44a61033f726c18b0a90e4e0258f012615,,"FACTS
the appellant is a company incorporated under the companies act,1956 with the object of manufacture and sale of cigarettes.
members of general public are the shareholders and the shares of the company are traded in through various stock exchanges in the country.
a petition was filed under article 226 of the constitution by respondent no.1 seeking for a writ of mandamus to treat the members of the respondent-union who are employees working in the canteen of the appellants factory as employees of the appellant and for grant of monetary and other consequential benefits.
the learned single judge granted reliefs sought for by the respondents,however,imposing certain restrictions with regard to the age,being medically fit,on the date of the writ petition,had put in a minimum of three years of continuous service and such service prior to the attainment of the minimum qualifying age under the company should be ignored
. on appeal,the division bench of the high court affirmed the view taken by the learned single judge.

ARGUMENT
on behalf of the respondents,it is contended that the appellant had been managing the canteen up to the year 1982 and thereafter introduced the contract system for maintaining the canteen so established; that though the management of the canteen had been entrusted to the contractors from time to time,the personnel employed in the canteen were retained by all the contractors and they have been paid salaries through contractors; that the workmen employed in the canteen have been provided with esi benefits under the code no.vst,the appellant,and benefits arising under the employees provident funds act are also provided similarly; that the appellant has also provided a building along with furniture,utensils,cutlery,gas,electricity,water supply and other facilities; that the contractor is engaged only to prepare the food and serve it to the employees and that the quality of the food and the rates are controlled by the management of the appellant.
on behalf of the appellant,contention was raised that no writ would lie against the appellant inasmuch as the appellant is a company,which is not an authority or a person against whom a writ would lie.
it was submitted that they do not discharge any public duty and hence the writ cannot be issued. on the merits of the matter,the appellant disputed various questions of fact and urged that the decision of this court in parimal chandra raha vs. life insurance corporation of india,1995 supp.(2) scc 611 1995 indlaw sc 183,would not be applicable to the appellant in the facts and circumstances of the case.
on behalf of the appellant contention put forth at the forefront is that a writ would not lie against the appellant inasmuch as the appellant is engaged in the manufacture and sale of cigarettes and as an incident thereto has provided a canteen to its workmen pursuant to an obligation under section 46 of the act.
on behalf of the respondent,heavy reliance was placed on this decision and also the decision of the high court in t.gattaiahs case,to contend that in running a canteen under section 46 of the act,the appellant was discharging a public duty and,therefore,a writ of mandamus would lie against it.
the contesting respondents contended that the workmen in the canteen had been working right from its inception,that is,since 1967; that from 1976 onwards,after expiry of the contract with the industrial catering services,they had been directly working with the appellant without any contractor; that they sought for regularization of their services by letter dated 28 february 1978; that the said letter was corrected and redrafted by the personnel manager to indicate the idea of floating an association/society to run the canteen; that this modified request contained in ex.w-49 was stated to be contradictory to the stand taken by the workmen all through.

ISSUE
in these appeals,on a reference made on the question whether certain persons employed in the canteen should be treated as employees of the appellant and,if so,in what category they are to be fitted in and to what wages they are entitled to,the industrial tribunal,hyderabad,[hereinafter referred to as the tribunal] inquired into the matter

ANALYSIS
in de smith,woolf and jowells judicial review of administrative action,5th edn.,after detailed discussion,the learned authors have summarized the position with the following propositions:
(1) the test of whether a body is performing a public function,and is hence amenable to judicial review,may not depend upon the source of its power or whether the body is ostensibly a public or a private body.
2) the principles of judicial review prima facie govern the activities of bodies performing public functions.
however,not all decisions taken by bodies in the course of their public functions are the subject matter of judicial review.
in the following two situations judicial review will not normally be appropriate even though the body may be performing a public function:
(a) where some other branch of the law more appropriately governs the dispute between the parties.
in such a case,that branch of the law and its remedies should and normally will be applied;
and (b) where there is a contract between the litigants. in such a case the express or implied terms of the agreement should normally govern the matter.
thus,where a special method of resolving disputes (such as arbitration or resolution by private or domestic tribunals) has been agreed by the parties (expressly or by necessary implication),that regime,and not judicial review,will normally govern the dispute.
the high court has relied very strongly on the decision of a learned single judge in t.gattaiahs case wherein it was stated that a writ may lie under article 226 of the constitution against a company incorporated under the companies act,1956 as it is permissible to issue a writ against any person.
in anadi muktas case this court examined the various aspects and the distinction between an authority and a person and after analysis of the decisions referred in that regard came to the conclusion that it is only in the circumstances when the authority or the person performs a public function or discharges a public duty article 226 of the constitution can be invoked.
in the present case,the appellant is engaged in the manufacture and sale of cigarettes.
manufacture and sale of cigarettes will not involve any public function.
incidental to that activity there is an obligation under section 46 of the act to set up a canteen when the establishment has more than 250 workmen.
that means,it is a condition of service in relation to a workman providing better facilities to workmen to discharge their duties properly and maintain their own health or welfare.
the findings recorded by the learned single judge on examination of the facts available is that there had been a canteen within the premises of the appellant up to the year 1982 and it is only from 1982 onwards the management of the canteen has been entrusted to a private contractor; that even after change of the contractor,the canteen workers have continued to be the same irrespective of the change in the contractors from time to time; that wages were paid to the workmen in the canteen by the management through the contractor; that the appellant has provided the accommodation,furniture,fuel,electricity,utensils,etc. that the management exercises control over the standard in quality,quantity and the rate of the food items supplied to the workmen for whose benefit the canteen is established.
thus,these circumstances clearly indicate that the appellant has a complete control over the activities in respect of the canteen and the contractor has absolutely no discretion either in regard to the menu,quality and quantity of the food items much less the rate at which the same are supplied to the workmen.
when the management of the appellant exercises such a complete control,the canteen shall be deemed to be run by the management itself.
the appellant in any manner cannot controvert these facts.
there is no material on record to show that the canteen is located in such an area where it would be hazardous to have a fire,furnace,source of heat or light to cook food.

STATUTE
the canteen is provided in the factory premises of the appellant pursuant to section 46 of the factories act,1948 [hereinafter referred to as the act],which obliges a factory employing more than 250 workmen to provide such a canteen.","['IN-Ext:2000_V_80:retrieval-0000', 'IN-Ext:2000_V_80:retrieval-0001', 'IN-Ext:2000_V_80:retrieval-0023', 'IN-Ext:2000_V_80:retrieval-0021', 'IN-Ext:2000_V_80:retrieval-0008', 'IN-Ext:2000_V_80:retrieval-0005']"
LQA-027,"Case background: When a potential customer identified a hotel at which she wished to stay, she would book a holiday through a form on the website, which set out standard booking conditions (the website terms). What complete path from factual background through legal analysis led to the final order?",hard,multi_issue_synthesis,True,answer_with_supported_citations,test_uk_abs,UK-Abs,United Kingdom,uksc-2013-0036,43839985c70f01e81c0a095466252e0b2743f7076e2aabba3f4846cd67d604f0,UK-Abs:uksc-2013-0036:reference,9bfa25e17b2920c1226637e1e1ee079c5174cf58d9cf523f5debe08f7b099815,,"This appeal concerns the liability for Value Added Tax (VAT) of a company known as Med, which marketed hotel accommodation in the Mediterranean and the Caribbean through a website.
An hotelier who wished his hotel to be marketed by Med had to enter into a written agreement with Med (the Accommodation Agreement).
When a potential customer identified a hotel at which she wished to stay, she would book a holiday through a form on the website, which set out standard booking conditions (the website terms).
The customer had to pay the whole of the sum she agreed with Med to pay for the holiday (the gross sum) before arriving at the hotel.
However, Med only paid the hotel a lower sum (the net sum) for the holiday after it had ended.
VAT is an EU tax levied on the supply of goods or services.
By article 2.1(c) of Directive 2006/112/EC (the Principal VAT Directive) VAT is liable to be levied on the supply of services for consideration within the territory of a Member State by a taxable person acting as such.
Article 45 states that The place of the supply of services connected with immovable propertyshall be the place where the property is located.
The application of article 45 to travel agents could result in their having to be registered in many member states, and so articles 306 310 contain a special scheme relating to travel agents.
Article 306 differentiates between two categories of travel agent, namely (a) those who deal with customers in their own name and use supplies of goods or services provided by other taxable persons, in the provision of travel facilities and (b) those who act solely as intermediaries (referred to for convenience as, respectively, article 306.1(a) and article 306.1(b)), and provides for a special VAT scheme for transactions carried out by travel agents who fall within article 306.1(a).
The Commissioners for Her Majestys Revenue and Customs (HMRC) assessed Med for VAT on the basis that Med was a travel agent that deals with customers in its own name within the meaning of article 306.1(a).
On that basis, it was agreed that Med would be liable for VAT on the gross sum paid by the customer to Med.
Med challenged this assessment, on the ground that it was a travel agent acting solely as an intermediary within the meaning of article 306.1(b).
On this approach, any VAT would be due to the Greek taxation authorities.
The First Tier Tribunal upheld HMRCs analysis.
Morgan J allowed Meds appeal, but HMRCs subsequent appeal to the Court of Appeal was successful.
The Supreme Court unanimously allows the appeal.
Lord Neuberger gives the only judgment, with which the rest of the court agrees.
Med was acting as an intermediary rather than in its own name, and so falls within article 306.1(b).
Consequently, the Supreme Court discharges the order of the Court of Appeal and restores the order of Morgan J.
The outcome of this appeal turns on the question whether Meds activities in relation to the provision of hotel rooms to customers fell within article 306.1(a) or article 306.1(b) of the Principal Tax Directive [20].
What article 306 means and how it is to be applied is a matter of EU law, a topic on which the decisions of the Court of Justice of the European Community (CJEU) are binding on national courts [22].
However, insofar as the provisions of article 306 depend upon the precise nature and character of the contractual relationship between two or more parties, that issue must be determined by reference to the proper law of the contract or contracts concerned [23].
The domestic law Where parties have entered into a written agreement which appears on its face to be intended to govern the relationship between them, in order to determine the legal and commercial nature of that relationship it is necessary to interpret the agreement in order to identify the parties respective rights and obligations, unless it is established that it constitutes a sham [31].
While it is not possible to take into account the subsequent behaviour or statements of the parties as an aid to interpreting their written agreement, this may be invoked for other reasons: (i) to support the contention that the written agreement was sham; (ii) to support a claim for rectification; (iii) to support a claim that the written agreement was subsequently varied, or rescinded and replaced by a subsequent contract; or (iv) to establish that the written agreement represented only part of the parties contractual relationship [33].
It is not suggested that either the Accommodation Agreement or the website terms is a sham or liable to rectification.
Accordingly, one must start by characterising the nature of the relationship between Med, the customer, and the hotel, in the light of the Accommodation Agreement and the website terms (the contractual documentation).
One must then consider whether this characterisation represents the economic reality of the situation, and, finally, one must determine the result of this characterisation under article 306 [34].
The contractual documentation makes it clear that, both as between Med and the hotelier, and as between Med and the customer, the hotel room is provided by the hotelier to the customer through the agency of Med.
The customer pays the gross sum to the hotelier on the basis that the amount by which it exceeds the net sum is to be Meds commission as agent [36].
None of the provisions of the contractual documentation relied on by HMRC is inconsistent with Med acting as the hoteliers agent: they merely reflect the relative bargaining positions of Med and the hoteliers.
They do not alter the nature of the relationship between Med, the hotelier and the customer [37] [44].
The EU law It is clear from the guidance given by CJEU that the concepts of an intermediary and an agent are similar, as are the concepts of a person dealing in his own name and a principal [55].
In deciding whether article 306.1(a) or 306.1(b) applies, the approach laid down by the CJEU in order to determine whether a person such as Med is an intermediary is very similar to the approach applied in English law to determine whether Med was an agent [56].
For the same reasons that the contractual documentation supports the notion that Med was an agent, it also supports the conclusion that Med was an intermediary, and the economic reality does not assist a contrary view [57].
Once it has been decided that Med was the hoteliers agent in relation to the supply of accommodation to customers as a matter of English law, it follows, at least on the facts of this case, that it was an intermediary for the purpose of article 306.1 [58].","['UK-Abs:uksc-2013-0036:retrieval-0000', 'UK-Abs:uksc-2013-0036:retrieval-0001', 'UK-Abs:uksc-2013-0036:retrieval-0028', 'UK-Abs:uksc-2013-0036:retrieval-0005', 'UK-Abs:uksc-2013-0036:retrieval-0006', 'UK-Abs:uksc-2013-0036:retrieval-0035']"
LQA-028,"Case background: By the said notification, original Rule 21 of the Rules was substituted by a new Rule 21 which provided that a holder of a quarry lease or any other mineral concession granted under the Rules shall pay royalty in respect of minor minerals provid ed in column 2... Which facts were legally material to the court's determination?",easy,facts,True,answer_with_supported_citations,test_in_abs,IN-Abs,India,6276,4d921146a8c2c0032e3a3afd7b193d9a3af226e4c8e26a6cee927ec305b2a0cc,IN-Abs:6276:reference,c27118a282b7d73543a07311db4badc19617fffd003b694c84c1b0c3223ad6a8,,"The Petitioners in these petitions have challenged the validity of a Notification issued by the Government of Gujarat on June 25, 1985 whereby the Gujarat Minor Mineral Rules were amended with effect from 1.7.1985.
By the said notification, original Rule 21 of the Rules was substituted by a new Rule 21 which provided that a holder of a quarry lease or any other mineral concession granted under the Rules shall pay royalty in respect of minor minerals provid ed in column 2 of the Schedule.
It is under this Notifica tion that the rate of royalty in respect of Black trap and Hard Murrum was increased from Rs.4 to Rs. 7 per metric tonne.
The validity of Rule 21 as it stood prior to its amend ment by the aforesaid impugned notification was considered and upheld by this Court on March 6, 1986 in D.K. Trivedi & Sons & Ors.
vs State of Gujarat & Ors.
, ; The impugned notification was issued at a time when the Writ Petitions in the aforesaid case were pending in the High Court.
The increase in the levy of royalty effected by the impugned notification is now questioned in these petitions.
The Petitioners raised the following contentions viz; (1) That the royalty levied and covered under the Rules should be applied only for mineral development and since the royalty is being treated as part of the consolidated fund of the State and used for other purposes by the State, the levy was bad; and (2) That the impugned notification in question was in contravention of clause (c) of article 304 of the constitution.
(3) That the impugned notification is discriminatory in character.
407 Dismissing the Writ Petitions, this Court, HELD: That Act is no doubt passed for development of minerals but while discharging its functions relating to development, if the State incidentally allows mining to be carried on in the public interest and levies in that connec tion a tax, it does not mean that the said tax should be used only for development of minerals and not for other purposes sanctioned by law.
[412B] The India Cement Ltd. etc.
vs The State of Tamil Nadu etc., [1989] 4 SC Judgment Today 190.
No restriction is being imposed on the freedom of trade of the petitioners by the levy of royalty.
The minerals belong to the Government and if anybody wants to have the right as a lessee to exploit the mines to the exclusion of others and to remove the minerals with a view to making profit, he has to pay a royalty imposed in accordance with law.
[412E] In the instant case, the levy is made under a law made by the Central Government.
It is not an imposition made by a law made by the State Legislature on which alone, the re striction contemplated under article 304(b) applies.
[412F] If the Executive or the administrative authority acts in an arbitrary manner, its action would be bad in law and liable to be struck down by the Courts but the possibility of abuse of power or arbitrary exercise of power cannot invalidate the statute conferring the power or the power which has been conferred by it.
[413B C] Since the power exercised is legislative in character, the authority which is exercising the said power has the power to make Rules equitable by necessary implication.
No express power need be conferred on such subordinate authori ty in order to make a classification for purposes of imple menting the policy of the Act under which the Rules are made.
[415G]","['IN-Abs:6276:retrieval-0000', 'IN-Abs:6276:retrieval-0006', 'IN-Abs:6276:retrieval-0007', 'IN-Abs:6276:retrieval-0017', 'IN-Abs:6276:retrieval-0012', 'IN-Abs:6276:retrieval-0004']"
LQA-029,"Case background: in 2002,the legislature desired an amendment to the law and intended to create an appellate forum to hear appeals against orders passed by the controller consequently patents (amendment) act,2002 was promulgated on 25.6.2002.however,it was not brought into force immediately.it may be noted that in the said amendment act,2002... What procedural steps and earlier rulings brought the matter before the deciding court?",easy,procedural_history,True,answer_with_supported_citations,test_in_ext_expert,IN-Ext,India,2008_A_260,3e1469b57d5390979a318423f06e1539261fd5d6d7ca100b8a2fe52372da1346,IN-Ext:2008_A_260:A1,4073f0830af0c9e47c77b37ec85c28955107946c43677594670fa5783f7139ee,,"FACTS
span diagnostics limited,respondent no.3 herein,is a public limited company established in 1972 to indigenously develop and manufacture a comprehensive range of readymade diagnostic reagents made by clinical pathology laboratories.
on 14.6.2000 j.mitra &amp company pvt.ltd, appellant herein,filed its application for grant of patent.after scrutiny,the said application stood notified by the patent office on 20.11.2004.
thus,proceedings commenced before the controller of patents in the year 2000 when the appellant herein sought a patent of their device which was opposed by respondent no.3 in the year 2000.by then,the patents (amendment) act,1999 had amended the patents act,1970 dealt with opposition to a patent vides s.25.
at that time appeals against decisions made by the controller pertaining to ""pre-grant oppositions"" under s.25 were maintainable before the high court u/s.116(2) of the indian patents act,1970.
in 2002,the legislature desired an amendment to the law and intended to create an appellate forum to hear appeals against orders passed by the controller consequently patents (amendment) act,2002 was promulgated on 25.6.2002.however,it was not brought into force immediately.it may be noted that in the said amendment act,2002,no provision was made pertaining to ""post-grant opposition"".that provision came to be made only under the patents (amendment) act,2005.

ARGUMENT
the controller rejected its ""pre-grant opposition"" and on that day ""post-grant opposition"" avenue was open to respondent no.3 vide s.25(2).
according to the appellant,under the amended s.25 on rejection of ""pre-grant opposition"" it was open to respondent no.3 to move an application opposing grant of patent under s.25(2).
the patent was granted to the appellant on 22.9.06.
according to the appellant,it was open to respondent no.3 to challenge the grant of patent by making ""post-grant opposition"" under s.25(2) from which an appeal was maintainable to the appellate board.
with the change in the structure of the act providing for only one statutory appeal and that too only against the order granting patent under s.25(4),the appeal filed by respondent no.3 against pre-grant opposition order was not maintainable on 19.10.06 by which time,as stated above,s.25 stood restructured providing for a dichotomy between ""pre-grant opposition"" and ""post-grant opposition"".

ISSUE
the question which arises for determination in this batch of civil appeals is : whether fao no.292/06 and fao no.293/06 filed by respondent no.3 herein in the high court were liable to be dismissed.
according to the appellant,with the change in s.25 brought about by patents (amendment) act,2005,a dichotomy was introduced in the patents act,1970.according to the appellant,that dichotomy was between ""pre-grant opposition"" and ""post-grant opposition"".

ANALYSIS
patents (amendment) act,2005,for the first time a dichotomy was introduced in the patent law between ""opposition to the pre-grant"" and ""opposition to the post-grant of patent.
this was the major structural change in the patent law.
similarly,under the patents (amendment) act,2005,appeal was restricted to the post-grant opposition orders and that appeal lay before the appellate board and not to the high court.here also,s.25 of the patents act,1970 as amended by patents (amendment) act,2005 whereas amended section 117a by which appeal was provided for against post-grant opposition order was not brought into force 2007.
on 19.10.2006 when fao no.293/06 was filed in the high court,chapter xix of the parent act as amended vide patents (amendment) act,1999 continued to be in operation notwithstanding the enactment of the patents (amendment) act,2002 and the patents (amendment) act,2005 as the amended ss.116 and 117a were brought into force only vide notification dated 2.4.07.
quite often the commencement of an act is postponed to some specific future date or to such date as the appropriate government may,by notification in the official gazette,appoint.
an act cannot be said to commence or to be in force unless it is brought into operation by legislative enactment or by the exercise of authority by a delegate empowered to bring it into operation.
s.25(1) is wider than s.25(2) as the latter is available only to a ""person aggrieved"".
the main difference between s.25(1) and s.25(2),as brought about by patents (amendment) act,2005,is that even after a patent is granted,""post-grant opposition"" can be filed under s.25 (2) for a period of one year.
the reason is obvious.
in relation to patents that are of recent origin,a higher scrutiny is necessary.
this is the main rationale underlying s.25(2) of the said 1970 act.
therefore,the legislature intended an appeal under section 117a(2) to the appellate board from any decision,order or direction of the controller,inter alia,under s.25(4).
the legislature intended to provide for two types of scrutiny followed by one statutory appeal to the appellate board against ""post-grant proceedings"".
the legislature intended to have a dichotomy between ""pre-grant opposition"" and ""post-grant opposition"".
however,the legislature intended that there shall be only one statutory appeal against grant of patent.
it was left to the executive to bring the enacted law into force vide notification.
for some unknown reasons,the amended ss.116 and 117a(2) were not brought into force till 2.4.07 whereas the concept of ""pre-grant"" and ""post-grant"" oppositions were brought into force w.e.f.1.1.2005.
this is where the legislative intent got defeated during the interregnum.
it is during this interregnum that respondent no.3 filed its fao no.293/06 in the high court under section 116,as it stood on 19.10.06 under the patents (amendment) act,1999.
on that date,the amended section 117a,suggested by patents (amendment) act,2005,was not brought into force.
on 19.10.06 the old law prevailed under which an appeal lay before the high court.respondent no.3,in both the cases,preferred first appeals to the high court u/s.116 as it then stood.
they are fao no.292/06 and fao no.293/06.
the court to decide the fate of these pending appeals.one more aspect needs to be mentioned.
under the patents (amendment) act,2005,appeal is provided to the appellate board against the order of the controller under s.25(4).
however,that statutory appeal is maintainable only in ""post-grant opposition"" proceedings whereas respondent no.3 herein has instituted first appeals under the law then prevailing,challenging the order rejecting ""pre-grant opposition"".
there is no point in transferring the pending fao no.292/06 and fao no.293/06 to the appellate board which has no authority to decide matters concerning ""pre-grant opposition"".
moreover,it may be noted that even section 117g,which refers to transfer of pending proceedings to the appellate board,is also brought into force vide notification dated 3.4.07.keeping in mind the peculiar nature of the problem in hand,the court was of the view that ends of justice would be sub served if the high court is directed to hear and decide the appeals bearing fao no.292/06 and fao no.293/06 in accordance with law as it then stood,i.e.,u/s.116 under patents (amendment) act,1999 against orders passed by the controller in ""pre-grant opposition"" proceedings.

STATUTE
s.25 of the patents act, 1970- opposition to grant of patent.
s.116 of the patents act, 1970.- (1) subject to the provisions of this act,the appellate board established u/s.83 of the trade marks act,1999 shall be the appellate board for the purposes of this act and the said appellate board shall exercise the jurisdiction,power and authority conferred on it by or under this act: provided that the technical member of the appellate board for the purposes of this act shall have the qualifications specified in sub-s.(2).
(2) a person shall not be qualified for appointment as a technical member for the purposes of this act unless he- (a) has,at least five years,hold the post of controller under this act or has exercised the functions of the controller under this act for at least five years; or (b) has,for at least ten years,functioned as a registered patent agent and possesses a degree in engineering or technology or a masters degree in science from any university established under law for the time being in force or equivalent; or (c) has,for at least ten years,been an advocate of a proven specialized experience in practicing law relating to patents and designs. section 117a.(1) save as otherwise expressly provided in sub-section (2),no appeal shall lie from any decision,order or direction made or issued under this act by the central government,or from any act or order of the controller for the purpose of giving effect to any such decision,order or direction.
(2) an appeal shall lie to the appellate board from any decision,order or direction of the controller or central government under section 15,section 16,section 17,section 18,section 19,section 20,section 25,section 27,section 28,section 51,section 54,section 57,section 60,section 61,section 63,section 66,sub-s.(3) of section 69,section 78,sub-ss.(1) to (5) of section 84,section 85,section 88,section 91,s.92 and s.94.
(3) every appeal under this section shall be in prescribed form and shall be verified in such manner as may be prescribed and shall be accompanied by a copy of the decision,order or direction appealed against any by such fees as may be prescribed.
(4) every appeal shall be made within three months from the date of the decision,order or direction,as the case may be,of the controller or the central government or within such further time as the appellate board may,in accordance with the rules made by it,allow.
section 61 of the patents act, 1970- in section 117a of the principal act [as inserted by s.47 of the patents (amendment) act,2002,in sub-section (2),for the words and figures ""section 20,section 25,section 27,section 28,"",the words,figures and brackets ""section 20,sub-s.(4) of section 25,section 28"" shall be substituted.
section 117g of the patents act, 1970 - transfer of pending proceedings to appellate board.-all cases of appeals against any order or decision of the controller and all cases pertaining to revocation of patent other than on a counter-claim in a suit for infringement and rectification of register pending before any high court,shall be transferred to the appellate board from such date as may be notified by the central government in the official gazette and the appellate board may proceed with the matter either de novo or from the stage it was so transferred.","['IN-Ext:2008_A_260:retrieval-0000', 'IN-Ext:2008_A_260:retrieval-0001', 'IN-Ext:2008_A_260:retrieval-0002', 'IN-Ext:2008_A_260:retrieval-0003', 'IN-Ext:2008_A_260:retrieval-0046', 'IN-Ext:2008_A_260:retrieval-0050']"
LQA-030,"Case background: Members of the pension scheme are eligible for compensation under the Pensions Act 2004 from the UKs Pension Protection Fund in respect of the shortfall. What final order did the court make, and what relief followed?",easy,outcome,True,answer_with_supported_citations,test_uk_abs,UK-Abs,United Kingdom,uksc-2013-0158,4d6a4b3d20cdcd2ff3c3de719d3a52e57e631e34cd2a61b97a9478ee6d06f547,UK-Abs:uksc-2013-0158:reference,00b0dda747852a6dc6d3d8c44850920aa5151b242433bce0184d5a59382b2ee0,,"Olympic Airlines SA was wound up by a court in Athens on 2 October 2009.
The main liquidation proceedings are ongoing in Greece.
The company pension scheme has a 16m deficit.
Olympic Airlines SA is liable to make good the deficit by s 75 of the Pensions Act 1995.
It is unlikely to be able to do so.
Members of the pension scheme are eligible for compensation under the Pensions Act 2004 from the UKs Pension Protection Fund in respect of the shortfall.
Such compensation is payable from the date when a qualifying insolvency event occurred.
There are two possible dates in this case.
The first possible date is 20 July 2010, which is when the trustees of the pension scheme presented a winding up petition in England.
The winding up of a company under the Insolvency Act 1986 is a qualifying insolvency event: Pensions Act 2004, s 121(3)(g).
English courts have jurisdiction to wind up a foreign company under the Insolvency Act 1986.
However, under EU Regulation 1346/2000 on Insolvency Proceedings (the Regulation), where (as here) the company has its centre of main interests in another member state of the European Union, the English court is only permitted to wind it up if it has an establishment in England, meaning any place of operations where the debtor carries out a non transitory economic activity with human means and goods (article 2(h)).
The second possible date is 2 October 2014, which is the fifth anniversary of the commencement of the proceedings in Greece.
The possibility of treating this date as the date of a qualifying insolvency event in the specific circumstances of this case was created by a change in legislation subsequent to the Court of Appeals decision in this case refusing to make a winding up order on the basis of lack of jurisdiction: Pension Fund (Entry Rules) (Amendment) Regulations 2014.
The trustees of the pension scheme would prefer compensation to be treated as payable from the earlier of those two dates, namely 20 July 2010.
The only question for the court is therefore whether Olympic Airlines SA had an establishment in the UK on 20 July 2010 entitling the English court to make a winding up order under the Regulation, so that it can be said that a qualifying insolvency event occurred on that date.
By 20 July 2010, Olympic Airlines SA had: closed all of its offices in the UK except for its head office at 11 Conduit Street in London; ceased all commercial operations; and terminated the contracts of all remaining UK staff except for the General Manager, the Purchasing Manager, and an accounts clerk, who were retained on short term ad hoc contracts to implement instructions from the liquidator in Athens, supervise the disposal of the companys assets in the UK, and pay bills and conduct other administration relating to the head office building.
At first instance, the judge held that these activities constituted non transitory economic activities and Olympic Airlines SA therefore had an establishment in the UK entitling him to make the winding up order.
The Court of Appeal disagreed and held that the remaining activity consisted only in the winding up of the companys affairs, which was not enough to give the court jurisdiction to make the order.
The trustees of the pension scheme appeal from the Court of Appeals decision.
The Supreme Court unanimously dismisses the appeal.
Lord Sumption gives the only judgment.
Lord Sumption holds that the Regulations definition of establishment, which must be read as a whole, envisages a fixed place of business and business activity carried on there consisting in dealings with third parties, and not merely acts of internal administration [13].
For example, disposal of stock in trade would clearly satisfy the definition, but mere internal administration of the winding up including administration of remaining premises in the UK would not [14].
Olympic Airlines SA was not carrying on business activity at its head office on 20 July 2010 and did not therefore have an establishment in the UK at that date [16].
The requirement of showing at least some subsisting business with third parties is acte clair and so no reference to the Court of Justice of the European Union is necessary [16].","['UK-Abs:uksc-2013-0158:retrieval-0002', 'UK-Abs:uksc-2013-0158:retrieval-0003', 'UK-Abs:uksc-2013-0158:retrieval-0006', 'UK-Abs:uksc-2013-0158:retrieval-0001', 'UK-Abs:uksc-2013-0158:retrieval-0004', 'UK-Abs:uksc-2013-0158:retrieval-0005']"
LQA-031,"Case background: It is stated that on January 1, 1957 the respondent assessee, by a letter directed a company in which he maintained an account, to debit his account to the extent of Rs 1,50,000 and credit in the names of his two sons and grandsons various sums... What central legal issue did the court have to resolve?",medium,legal_issue,True,answer_with_supported_citations,test_in_abs,IN-Abs,India,5248,5e1749bcbf050f4209ab8096ce31e23e3066c8425145f4f0abc2eba63c9c784b,IN-Abs:5248:reference,8b37f7625637cbf40b475d214beb1cb7cecf35a0cddff21af678a13816c2f822,,"The Income Tax Officer included in the net wealth of the respondent assessee for the assessement year 1957 58, two sums, viz., Rs. 1,50,000 and Rs.67,560/12/ which the asses see claimed to have gifted.
It is stated that on January 1, 1957 the respondent assessee, by a letter directed a company in which he maintained an account, to debit his account to the extent of Rs. 1,50,000 and credit in the names of his two sons and grandsons various sums, as he had decided to give away these amounts to them out of love and affection.
The company carried out the instructions and relevant debit and credit entries were made in the respective accounts.
On the same day, by two separate letters, the gifts were ac cepted by the sons and later on these amounts were withdrawn by the respective donees.
In the case of second gift, oral instructions were given for transferring the amounts stand ing to his credit.
The respondent assessee having failed before the Income Tax Officer and the Appellate Assistant Commissioner, ap pealed to the Income Tax Appellate Tribunal and contended that the first company was carrying on the business of banking and hence the gifts in question were valid, and that the Income Tax Officer and the Appellate Assistant Commis sioner had wrongly included these amounts in his net wealth and in the case of second gift, the assessee claimed that the amounts were gifted by him by transfer entries.
The Tribunal found that there was no evidence that the first company was carrying on any banking business, and in the case of second gift, the sum was available with the company.
It, therefore, held that the first company was not carrying on banking business, and in the 122 second case, there was no valid gift.
It, however, referred the matter to the High Court.
The High Court held that the Tribunal was not right in holding that the assessee did not make valid gifts and in holding that the amounts were rightly included in the net wealth of the assessee.
Allowing the appeal by the Revenue, this Court, HELD: 1.
In order to constitute a valid gift there must be an existing property.
In case of entries in the books of account by credit and debit, the sums should be available on the date of gift in the account of the firm whose accounts are said to be credited or debited.
In the case of banking companies or other firms and companies who have overdraft facilities, even if the sums are not in credit of the donor and are not with such companies or firms, gifts might be possible by adjustment of book entries.
But in the cases of non banking companies or firms, if these companies or firms do not have overdraft facilities, it is not possible to make valid gift if sums or funds are not available.
[126E G] 2.
It is possible in certain circumstances for a donor to make a valid gift by instructing a firm or a company or H.U.F., in which the donor has an account to give effect to the gift by debiting his account and crediting the account in the name of the donee.
But in such cases merely book entries would not suffice.
The circumstances must be such as to make it clear that there were sufficient funds at the disposal of the donor by reason of which he could make the gift by such book entries.
The firm in which the donor may have account may or may not have sufficient cash balance but it must have sufficient provision for overdraft with the bank on the basis of which it could honour instructions given by the assessee.
[126H;127A B] 3.
Each case must be decided on the facts of that case.
Where the assessee has a credit account with a firm or with a family or with a banking company and that sum is available to that firm or the company or H.U.F. on the date of the gift, then a valid gift by book entries might be possible.
But where a sum was not available with the firm or the H.U.F. or a company which was not a banking company or which had no overdraft facility, by mere book entries, even though there was acceptance of that gift by the donee a valid gift would not be effectuated.
[131D E] 4.
In the instant case, the entries in the books of account could not effectuate valid gifts.
The only sum which could be taken by the donee was Rs.4,000 in the case of the first company, which had no 123 overdraft facility with the bank.
Thus, there was no exist ing goods to be parted.
The High Court was, therefore, in error in answering the questions against the Revenue.
[132E F] [Appeal allowed.
Order and Judgment of the High Court set aside.] Gopal Raj Swarup v, Commissioner of Wealth tax, Lucknow, 12; Indian Glass Agency vs Commissioner of Income Tax, New Delhi, ; New India Colour Co. vs Commissioner of Income Tax, New Delhi, ; Commissioner of Income Tax, West Bengal 111 vs Ashok Glass Works, ; Commissioner of Gift Tax, West Bengal 111 vs Tarachand Meghraj, ; Chimanbhai Lalbhai vs Commissioner of Income Tax (Central), Bombay, 34 I.T.R. 259; Commissioner of Income Tax, Ahmedabad vs Digvijay singhji Tin Factory, ; Commissioner of Income Tax, Bombay City I1 vs Popatlal Mulji, ; Addl.
Commissioner of Income Tax, Poona vs Dharsev Keshavji, ; Commissioner of Income Tax, Poona vs Devinchand Uttamchand, ; Baliram Mathuradas (By his Legal Heir, Madanlal Paliram) vs Commissioner of Income Tax, Bombay City H, ; Virji Devshi vs Commissioner of Income Tax, Bombay, ; E.M.V. Muthappa Chet tiar vs Commisioner of Income Tax, Madras, ; Mrs. Ida L. Chambers and Three Others vs Kelland Huxford Chambers, ; Balimal Nawal Kishore vs Commis sioner of Income Tax, Punjab, ; Sukhlal Sheo Narain vs Commissioner of Wealth Tax, Haryana, 89 I.T.R. 157; Abba Dada and Company vs Commissioner of Income Tax, Burma, ; K.P. Brothers vs Commissioner of In come tax, New Delhi, ; Commissioner of Income Tax, U.P.v. Smt. 'Shyamo Bibi, ; Commissioner of Wealth Tax vs Gulab Rai Govind Prasad, ; Bhau Ram Jawaharmal vs Commissioner of Income Tax, ' U.P., ; Gopal Jalan vs Commissioner of Income Tax, U.P., ; Phool Chand Gajanand vs Commissioner of Income Tax, U.P., ; Controller of Estate Duty, Punjab, Haryana, J. & K., H.P. and Chandigarh vs Kamlavati, , referred to.","['IN-Abs:5248:retrieval-0001', 'IN-Abs:5248:retrieval-0014', 'IN-Abs:5248:retrieval-0015', 'IN-Abs:5248:retrieval-0003', 'IN-Abs:5248:retrieval-0000', 'IN-Abs:5248:retrieval-0018']"
LQA-032,"Case background: in addition, he was convicted for an offence punishable u/s 376 of the ipc and sentenced to undergo rigorous imprisonment for 10 years and to a fine of rs.5, 000/- and in default of payment to undergo further r.i. How did the court interpret or apply section 376 to resolve the dispute?",medium,statutory_interpretation,True,answer_with_supported_citations,test_in_ext_expert,IN-Ext,India,2007_U_18,44f88a9b66cbf1aa53d396786fa720fdb535144a05b712dd5020856f460954ca,IN-Ext:2007_U_18:A1,1f0d456f6c0c73053602c0b755feae6398de188c31fd82725f8f18acca8a8a85,,"FACTS
ujjagar singh, the appellant herein, was tried and convicted by the additional sessions judge, sangrur for the murder of his niece mukhtiar kaur and was awarded the death penalty.
in addition, he was convicted for an offence punishable u/s. 376 of the ipc and sentenced to undergo rigorous imprisonment for 10 years and to a fine of rs.5, 000/- and in default of payment to undergo further r.i. for one year and u/s. 309 of the ipc to a sentence of simple imprisonment for one year.
the aforesaid convictions and sentences have been maintained by the high court and the matter is before us in these proceedings by way of special leave.
at about 2.00 p.m. on 10th november 2002 a boy whose identity is not forthcoming, informed satnam singh pw2 that an incident of firing had taken place in the house of ujjagar singh .
satnam singh conveyed this information to sarpanch jora singh pw1 who was attending a marriage at that time.
jora singh accompanied by gurdeep singh pw3 thereupon rushed to ujjagar singh's house and found mukhtiar kaur lying dead with a gun shot injury and the appellant also with a gun shot injury lying unconscious on the ground in the adjoining room.
it appears that mukhtiar kaur's relations with her in-laws had got strained and she had left her matrimonial home and come to live with ujjagar singh, her uncle, 7 or 8 months earlier and the suggestion was that mukhtiar kaur had been killed by the appellant with his licensed gun and he had thereafter attempted to commit suicide.

ARGUMENT
the learned counsel for the accused has raised several arguments in the course of hearing.
he has pointed out that there was absolutely no evidence to suggest that mukhtiar kaur had been subjected to rape and in this view of the matter the very basis for the imposition of the death penalty was not made out.
he has also pointed out that there were no eye witnesses to the incident and the 4 witnesses i.e. jora singh and others who had reached the place of incident and carried the injured appellant to the hospital had also resiled and as the prosecution story now rested on circumstantial evidence alone, it was imperative for the investigating officer to have taken the finger prints from the weapon and that in any case the recovery of the spent cartridges and the gun were clearly suspicious as the weapon had been sent to the laboratory after an inordinate delay.
it has also been submitted that in a case of attempted suicide a firearm must of necessity be used from a very close range and the absence of any blackening, charring or burning around the wound on ujjagar singh clearly ruled out the possibility of such an attempt.
it has finally been submitted that the land had been transferred in the name of ujjagar singh's sons in the year 1994 by gurmail kaur, mother of mukhtiar kaur by a collusive decree and there was no evidence to show that mukhtiar kaur had ever displayed any unhappiness or made any complaint to any person or any authority with regard to the decree and as such, the very basis of the prosecution story did not exist.
he had laid great emphasis on the fact that no reference to the gun or cartridges had been made in the inquest report and that in any case the weapon and the spent cartridges had been sent to the laboratory belatedly.

ISSUE
convictions and sentences by the high court should be maintained or not?

ANALYSIS
from the medical evidence and from the chemical examiner's reports that the vaginal swab and clothes taken from the dead body did indicate the presence of semen.
there is however absolutely no evidence to suggest (even assuming that the intercourse had been committed by the appellant) that he had done so without mukhtiar kaur's consent or against her will.
it is also significant that the investigators had made no attempt whatsoever to have the appellant medically examined to ascertain his capacity to perform sexual intercourse.
it must nonetheless be emphasized that whether a chain is complete or not would depend on the facts of each case emanating from the evidence and no universal yardstick should ever be attempted.
it is in this background that we must examine the circumstances in the present case.
a few facts stand out from the prosecution story.
first, the place of incident being adjoining rooms in the residential house of the appellant and the fact that the alleged murder weapon is his licensed dbbl gun is proved on record.
the evidence also reveals that the appellant was living in the premises along with his wife, mother and son, and two daughters, who were studying outside the village, were frequent visitors, but it is the admitted position that nobody but the appellant and the deceased were present at the time of incident.
it is also clear from the evidence that the two spent cartridge cases recovered, one from near mukhtiar kaur's dead body, and the second from the right barrel of the gun lying near the appellant had been sent to the forensic science laboratory which opined that one of the cartridges had been fired from the gun and the other could have been fired therefrom.
it is true that in a case relating to circumstantial evidence motive does assume great importance but to say that the absence of motive would dislodge the entire prosecution story is perhaps giving this one factor an importance which is not due and (to use the clichi. the motive is in the mind of the accused and can seldom be fathomed with any degree of accuracy.
there is however a hint in the testimony of pw14 inspector harjinder pal singh that his enquiries had revealed that the accused was having illicit relations with mukhtiar kaur and we can assume that some thing untoward had happened which could have triggered the volatile and hostile incident.
there could perhaps be some truth in this suggestion, as it is significant that though the appellant had an extended family living with him i.e. mother, wife, son living (in the village) and two young daughters who were studying outside and residing in a hostel, but were frequent visitors home, yet none of them has come forth to depose in his favour.
therefore, this is yet another circumstance inculpating the accused.
it is also significant that the shot had apparently travelled upwards skirting the mandible, through the flesh of the cheek in an upward direction with minimal damage to the bone structure and it is indeed providential that the appellant got away with only an injury, albeit a very serious one.
the fact that the shot was fired from below going upwards is also supported by the site plan exh. pjj wherein marks of a shot hitting the roof were seen at point e whereas the appellant was found lying at point d in the same room.
it is therefore apparent that the weapon had indeed been fired by the appellant from a close range and that the blackened portion around the wound had been removed by dr. sanjay uppal.
it is true that it is generally for the prosecution to prove its case beyond doubt but in circumstances such as the present one, some explanation is also due from an accused in order to absolve himself from suspicion of the crime.
no part of the evidence of the hostile witnesses comes to the aid of the appellant.
the question now arises as to the sentence that should be imposed on the appellant.
it would be seen that both the sessions court and the high court were appalled by the allegations and findings of incestuous rape and murder.
we are however of the opinion, as already noted above, that a case of rape has not been made out.
in this background the death sentence is not called for.

STATUTE
section 376, 309 of ipc","['IN-Ext:2007_U_18:retrieval-0000', 'IN-Ext:2007_U_18:retrieval-0001', 'IN-Ext:2007_U_18:retrieval-0022', 'IN-Ext:2007_U_18:retrieval-0024', 'IN-Ext:2007_U_18:retrieval-0039', 'IN-Ext:2007_U_18:retrieval-0011']"
LQA-033,"Case background: Section 47A of the Competition Act 1998 (the 1998 Act) provides that following an infringement finding by the Commission, any person who has suffered loss as a result of that infringement may bring a follow on claim for damages. Which precedent or governing legal principle did the court apply, and how was it applied?",medium,precedent_application,True,answer_with_supported_citations,test_uk_abs,UK-Abs,United Kingdom,uksc-2010-0236,50e59eea8a45f406561c4e3b28405f25b185aef70b95da07d1b76c7b822b8360,UK-Abs:uksc-2010-0236:reference,1382988c4207f8694aba2b5528d4273dbb0363b6c7ab5632b19f908981d21c58,,"The three respondents were part of a vitamins cartel which the European Commission found by Commission Decision COMP/E 1/37.512 of 21 November 2001 had infringed Article 81 of the EC Treaty (now Article 101 TFEU).
Accordingly, the Commission imposed fines on the cartelists who were given until 31 January 2002 to appeal against; (a) the infringement decision; and/or (b) the fine.
Only BASF exercised that right of appeal and they did so only in respect of the amount of the fine; no appeal was made against the Commissions decision that an infringement had occurred.
On 15 March 2006 the Court of First Instance (CFI) reduced the amount of the fine and the deadline for any further appeal expired shortly afterwards (on 25 May 2006) without any further appeal being lodged.
Section 47A of the Competition Act 1998 (the 1998 Act) provides that following an infringement finding by the Commission, any person who has suffered loss as a result of that infringement may bring a follow on claim for damages.
On 12 March 2008 the four appellants sought to bring such claims against the respondents before the UK Competition Appeal Tribunal (CAT).
The respondents argued that the appellants were precluded from doing so on the grounds that the two year limitation period for the bringing of such claims had expired with the result that the claims were time barred.
The respondents contended that the limitation period started running on the date on which BASFs time for appealing against the Commissions infringement decision expired (31 January 2002) with the result that the limitation period expired two years later (31 January 2004) and the proposed claims were therefore time barred.
The appellants rejected this interpretation contending instead that the limitation period commenced on the date on which BASFs time for appealing the CFIs decision on the level of the fine expired (25 May 2006) with the result that the limitation period expired on 25 May 2008 and the proposed claims were in time.
The CAT held that the appellants interpretation was correct and that the proposed follow on damages claims had been brought in time.
The Court of Appeal (CA) granted the respondents permission to appeal and allowed the appeal holding that the plain and ordinary meaning of the statutory language drew a clear distinction between infringement decisions and penalty decisions.
Only infringement decisions were of relevance in determining when the limitation period started to run.
The CA further held that the CAT had no power to extend the time in which follow on damages claims could be brought and EU law did not override the UK time bar or require that a power to extend time be held to exist.
The appellants appealed to the Supreme Court on the grounds that the operation of the two year limitation period caused legal uncertainty and thus made it excessively difficult for the appellants to pursue follow on damages claims against the respondents in time in breach of EU law.
The Supreme Court unanimously dismisses the appeal.
There is no failure to comply with the European legal principles of effectiveness and legal certainty; the statutory limitation period is sufficiently clear, precise and foreseeable as to allow individuals to ascertain their rights and obligations and to exercise those rights without excessive difficulty.
The judgment of the Court is given by Lord Mance.
National limitation periods are permissible under EU law but they should not operate so as to render practically impossible or excessively difficult the exercise of EU law rights [15]; whether or not they do so is a matter for the national courts to determine in light of the European principles of effectiveness and legal certainty [12].
EU law does not require that the interpretation or true effect of a statutory limitation period be clear beyond doubt [20 22].
The true test is more flexible and does not impose a requirement for absolute clarity.
Instead what is required is that national law is sufficiently clear, precise and foreseeable as to enable individuals to ascertain their rights and obligations and exercise those rights without excessive difficulty [23 24].
Section 47A of the 1998 Act satisfies that test as it is sufficiently clear, precise and foreseeable as to enable individuals to ascertain when the limitation period commences.
In this case, the statutory limitation period commenced following the expiry of the time within which the respondents could appeal against the Commissions infringement decision; it did not commence following the expiry of the time within which the respondents could appeal against the CFIs decision as to the level of the fine [29].
The Competition Act 1998 repeatedly distinguishes between infringement decisions on the one hand and penalty decisions on the other, making clear that only infringement decisions are of relevance in determining the date upon which a limitation period commences: see e.g. sections 31, 32, 36, 46 and 47A [30].
Given that BASF did not appeal against the Commissions infringement decision it was sufficiently clear that the two year limitation period started on 31 January 2002 following the expiry of the time for appealing against the Commissions infringement decision.
As the operation of the statutory time limit is sufficiently clear, precise and foreseeable the statute did not render it excessively difficult for the appellants to exercise their EU law rights.
Consequently, EU law does not require that a power to extend time be treated as existing.
Indeed, it is clear that the Secretary of State in making the CAT rules deliberately decided that there should be no power to extend time for the commencement of damages claims [42].
Had the Court found that the statutory limitation period failed to comply with the European principles of effectiveness and legal certainty then the United Kingdom would have been in breach of its obligations under EU law and State liability would have arisen.
However, even in such circumstances the appellants could not have brought follow on damages claims against the respondents as EU law does not require the setting aside as between civil parties of a limitation defence, successfully established under domestic law, on the grounds that its effect would have been insufficiently clear, precise and foreseeable prior to the court decision establishing it [44 47].","['UK-Abs:uksc-2010-0236:retrieval-0000', 'UK-Abs:uksc-2010-0236:retrieval-0001', 'UK-Abs:uksc-2010-0236:retrieval-0037', 'UK-Abs:uksc-2010-0236:retrieval-0003', 'UK-Abs:uksc-2010-0236:retrieval-0054', 'UK-Abs:uksc-2010-0236:retrieval-0004']"
LQA-034,"Case background: The Madhya Pradesh Municipalities Act, 1961 by section 127 (1) (i) empowered a municipal council to impose, in the whole or any part of the municipality, ""a tax payable by the owners of houses... How did the court connect the governing legal rule to the facts in reaching its conclusion?",hard,judicial_reasoning,True,answer_with_supported_citations,test_in_abs,IN-Abs,India,4480,60e720aa1e36a42340d0064a2d5cd551b7df965f74b7f7ea54287fa438befab4,IN-Abs:4480:reference,28cb09f37ff2b03c839fb90378fa3039fa5d9a9a807834581250fe390ddec98a,,"The Madhya Pradesh Municipalities Act, 1961 by section 127 (1) (i) empowered a municipal council to impose, in the whole or any part of the municipality, ""a tax payable by the owners of houses, buildings or lands situated within the limits of Municipality with reference to annual letting value of the house, building or land called property tax"".
The corresponding provision in the Madhya Pradesh Municipal Corporation Act, 1956 was section 132(1)(a), and it provided that ""the Corporation shall impose a tax payable by the owners of buildings or lands situated within the city with reference to the gross annual letting value of the building or land called the property tax"".
The procedure for imposition of taxes was spelt out in section 129 of the Municipalities Act and section 133 of the Municipal Corporation Act.
Section 127A was inserted in the Municipalities Act for imposition of property tax and provided by sub clause (1) that as and from the financial year 1976 77 there shall be charged, levied and paid for each financial year a tax on the lands or buildings or both situated in a municipality at specified rates.
Sub clause (2) exempted properties owned by or vesting in the Union Government, State Government or the Council from the levy.
Similar 2 provisions were inserted in sections 135 and 136 of the Municipal Corporation Act.
Respondent No. 1 was constituted the Special Area Development Authority under section 65 of the Madhya Pradesh Nagar Tatha Gram Nivesh Adhiniyam (23 of 1973).
Clauses (c) and (d) of section 69 of the Act conferred upon the Development Authority powers for the purpose of municipal administration and for the purpose of taxation.
These clauses were inserted by Ordinance 26 of 1975 which came into force on February 27, 1976.
The Ordinance was replaced by the Madhya Pradesh Nagar Tatha Gram Nivesh (Sanshodhan) Adhiniyam 1976 (6 of 1976).
On June 24, 1976 respondent 1 entered into an agreement with the appellant company under which the company agreed to contribute a sum of rupees 3 lakhs annually to the ""seed capital"" of the Authority in consideration of the Authority agreeing not to exercise its power of taxation or of levying any other charges on the assets and activities of the company.
The agreement was to remain in force for a period of ten years beginning from the calendar year 1976 and the annual payments due from 1977 were to be made in January every year.
The appellant company paid the contribution for the year 1976.
In the same year the company was called upon by the Sales Tax authorities to pay ""the tax on the entry of goods"" which was introduced by the Madhya Pradesh Sthaniya Kshetra Me Mal Ke Pravesh Par Kar Adhyadesh 1976 in substitution of octroi tax.
While the company was pursuing that matter with the State Government, contending that it was not liable to pay the entry tax by reason of the agreement, on January 4, 1977 respondent 1 made a further demand of Rs. 3 lakhs on the company for contribution for the year 1977.
That amount not having been paid as provided in the agreement, respondent 1 terminated the agreement by its letter dated February 4, 1977.
By a notice issued under section 65 of the Madhya Pradesh Nagar Tatha Gram Nivesh Adhiniyam 'Act of 1973 ' on February 21, 1977 and by another notice issued under section 164(3) of the Madhya Pradesh Municipalities Act 1961 on April 15, 1977, the Chief Executive Officer of respondent 1 called upon the company to pay a sum of about Rs. 13 lakhs by way of property tax for the year 1976 77.
On July 16, 1977 the company was called upon to pay a further sum of about Rs. 13 lakhs as property tax for the year 1977 78.
The company disputed its liability to pay on the ground that no tax was leviable on its property since the company was owned wholly by the Government of India and that respondent 1 was estopped from levying the property tax by reason of the agreement of 1976.
Having failed to pursuade respondent 1 to accept its point of view, and also having failed in the High Court the appellant company came to this Court in appeal.
In the appeals to this Court it was contended: (1) that respondent 1 can exercise only such powers to levy property tax as the Municipal Corporation or the Municipal Council had under the Madhya Pradesh Municipal Corporation Act, 1956 or the Madhya Pradesh Municipalities Act, 1961 as these Acts stood on February 27, 1976, when clause (d) was inserted in section 69 of the Act of 1973.
Section 127A and section 135 which create and levy the charge of property 3 tax having been inserted in the Municipalities Act and the Municipal Corporation Act respectively with effect from April 1, 1976 i.e. subsequent to the insertion of clause (d) in section 69 of the Act of 1973, Respondent 1 was incompetent to exercise the powers of the Municipality or the Municipal Corporation under section 127A of the Municipal Corporation Act or section 136 of the Municipal Corporation Act; (2) that respondent 1 cannot impose the property tax without following the procedure prescribed by section 129 of the Municipalities Act and section 133 of the Municipal Corporation Act; (3) that Article 285(1) of the Constitution envisages that the property of the Union shall save in so far as Parliament may by law otherwise provide be exempt from all taxes imposed by a State or by any authority within a State.
Section 127A(2) of the Madhya Pradesh Municipalities Act and section 136 of the Madhya Pradesh Municipal Corporation Act also provide that the property tax shall not be leviable, on ""buildings and lands owned by or vesting in the Union Government"".
The appellant companies being wholly owned by the Government of India, the lands and buildings owned by the companies cannot be subjected to property tax; (4) that the lands having been taken on lease for a period of 30 years by the appellant companies, it is the State Government and not the appellant companies who can be called upon to pay the tax; and (5) that Parliament enacted the Coal Mines Nationalisation Act, 1973 for acquisition of coal mines and utilisation of coal resources to subserve the common good.
The lands and buildings on which respondent 1 had imposed the property tax are used for the purposes of and are covered by coal mines.
The taxing power of the State legislature comes in conflict with the power and function of the Union to regulate and develop the mines as envisaged by the Nationalisation Act, and is an impediment since it substantially increased the cost of the developmental activities.
Dismissing the appeals, ^ HELD: (i) Section 69(d) of the Act of 1973 must be read to mean that respondent 1 shall have all the powers of taxation which a Municipal Corporation or a Municipal Council has at the time when respondent 1 seeks to exercise those powers.
[14 A] (ii) The Act of 1973 does not provide for any independent power of taxation or any machinery of its own for exercising the power of taxation.
It rests content by referring to the provisions contained in the two Municipal Acts.
The three Acts are supplemental, from which it must follow that amendments made to the earlier Acts after the enactment of section 69(d) shall have to be read into that section.
Without recourse to such a construction the power of taxation conferred by that section will become ineffectual.
[14 B C] (iii) A reading of the reference to the two earlier Municipal Acts as a reference to those Acts as they stand at the time when the power of taxation is sought to be exercised by respondent 1 will not cause repugnancy between the two earlier Acts on one hand and the Act of 1973 on the other, nor will it cause any confusion in the practical application of the earlier Acts, because the Act of 1973 does not contain any independent provision or machinery for exercising the power of taxation.
[14 D] 4 (iv) If an earlier legislation is incorporated into a later legislation, the provisions of earlier law which are incorporated into the later law become a part and parcel of the later law.
Therefore, amendments made in the earlier law after the date of incorporation cannot by their own force, be read into the later law.
That is because the legislature, cannot be assumed to intend to bind itself to all future amendments or modifications which may be made in the earlier law.
[12 D E] (v) Where a statute is incorporated by reference into a second statute, the repeal of the first statute by a third does not affect the second.
Likewise, where certain provisions from an existing Act have been incorporated into a subsequent Act, no addition to the former Act, which is not expressly made applicable to the subsequent Act, can be deemed to be incorporated in it.
[12G 13A] (vi) The broad principle that where a subsequent Act incorporates provisions of a previous Act then the borrowed provisions become an integral and independent part of the subsequent Act and are totally unaffected by any repeal or amendment in the previous Act, is subject to four exceptions, one of which is that the principle will not apply to cases ""where the subsequent Act and the previous Act are supplemental to each other"".
[13 D] Secretary of State for India in Council vs Hindustan Co operative Insurance Society, Limited, 58 Indian Appeals, 259, Clarke vs Bradlaugh, 69; Collector of Customs, Madras vs Nathella Samathu Chetty & Anr., ; and State of Madhya Pradesh vs M.V. Narasimhan, ; , referred to.
In the instant case, subsequent amendments made to the Municipal Corporation Act and the Municipalities Act will also apply to the power of taxation provided for in section 69(d) of the Act of 1973.
The Act of 1973 did not by section 69(d), incorporate in its true signification any particular provision of the two earlier Acts.
It provided that, for the purpose of taxation, the Special Area Development Authority shall have the powers which a Municipal Corporation or a Municipal Council has under the Madhya Pradesh Municipal Corporation Act, 1956 or the Madhya Pradesh Municipalities Act, 1961.
The case, therefore, is not one of incorporation but of mere reference to the powers conferred by the earlier Acts.
[13 E F] 2(i) Section 127A of the Municipalities Act and section 135 of the Municipal Corporation Act create by their own force, the liability to be brought to property tax and the right to levy that tax.
Nothing further is required to be done by the Municipality or the Municipal Corporation in order to impose the property tax.
The procedure preliminary to the imposition of other taxes which is prescribed by sections 129 and 133 of the two Acts, can have no application to the imposition of the property tax.
[14 F 15 A] (ii) The property tax is imposed by respondent 1 under section 127A of the Municipalities Act and section 135 of the Municipal Corporation Act.
It is not imposed under section 127 of the former Act or section 132 of the latter Act.
It is, therefore, not necessary to follow the procedure prescribed by sections 129 and 133 of the respective Acts.
[15 B C] 5 3.
Even though the entire share capital of the appellant companies has been subscribed by the Government of India, it cannot be predicated that the companies themselves are owned by the Government of India.
The companies, which are incorporated under the Companies Act, have a corporate personality of their own, distinct from that of the Government of India.
The lands and buildings, are vested in and owned by the companies; the Government of India only owns the share capital.
[16 A B] Rustom Cavasjee Cooper vs Union of India, ; , 555, Heavy Engineering Mazdoor Union vs The State of Bihar, , Andhra Pradesh State Road Transport Corporation vs The Income tax Officer & Anr. ; & Tamlin vs Hansaford referred to. 4.
The Explanation to section 147 of the Municipalities Act says that the property tax has to be paid by the owner of the land or building and that a tenant of land or building or both, who holds the same under a lease for an agreed period, shall be deemed to be the owner thereof.
Section 141(1) of the Municipal Corporation Act provides that the property tax shall be paid primarily by the owner.
By sub section (2) of section 141, the property tax levied on the owner can also be recovered from the occupier of the land or the building.[18D E] 5(i) The power conferred by the State Legislature on Special Area Development Authorities to impose the property tax on lands and buildings is not in conflict with the power conferred by the Coal Mines Nationalisation Act on the Union Government to regulate and develop coal mines so as to ensure rational and scientific utilisation of coal resources.
[21 G] (ii) The paramount purpose behind the declaration contained in section 2 of the is not in any manner defeated by the legitimate exercise of taxing power under section 69(d) of the Act of 1973.
[21 H 22A] H.R.S. Murthy vs Collector of Chitoor and Another, ; , State of Haryana & Anr.
vs Chanan Mal ; and The Ishwari Khetan Sugar Mills (P) Ltd. vs The State of Uttar Pradesh & Ors. ; referred to.
Baijnath Kedia vs State of Bihar & Ors.
[1970] 2 S.C.R. 100, distinguished.","['IN-Abs:4480:retrieval-0005', 'IN-Abs:4480:retrieval-0003', 'IN-Abs:4480:retrieval-0012', 'IN-Abs:4480:retrieval-0018', 'IN-Abs:4480:retrieval-0015', 'IN-Abs:4480:retrieval-0006']"
LQA-035,"Case background: on or about 23rd of august,1963 the military estate officer,secunderabad of.andhra pradesh requested for the requisition of the property named as ""sail gulshan"" with a vast extent of land and palaces with roads and surrounded by a compound wail measuring 19 acres and 10 guntas situated in the... What were the parties' competing arguments, and why did the court accept one position over the other?",hard,arguments_and_reasoning,True,answer_with_supported_citations,test_in_ext_expert,IN-Ext,India,1987_M_123,4d25f52ac028188db168ddc11b70ed699de4a173595400b21c674355cf286d2e,IN-Ext:1987_M_123:A1,0e50b46e934844c4c1082a0d04d86a4830a214ae96405f882d72764cb2ace993,,"FACTS
sail nawaz jung,the then ruler of mukkalla state,south yeman in arabia settled some of the properties with which the appeal is concerned by a registered tamleeknama in favour of his son sultan awaz and his grandson galib bin awaz.
in 1954,there was wakfnama by the said sail nawaz jung.
on or about 23rd of august,1963 the military estate officer,secunderabad of.andhra pradesh requested for the requisition of the property named as ""sail gulshan"" with a vast extent of land and palaces with roads and surrounded by a compound wail measuring 19 acres and 10 guntas situated in the heart of hyderabad city near sarojini devi hospital.
the property in question was taken possession of on or about 12th of september,1963.
the appeal concerned with the claim for compensation for the said acquisition by one abdul khader who was a flower picker.
he had claimed rights as a tenant during the requisition.
his claim for compensation for requisition was settled by sharing the rent in or about 1969.
the appellant is one of the owners of the property in question deriving their title and right from the said sail nawaz jung.
on or about 3rd february,1970 the collector issued notice for acquisition of the property u/s.7(1) of the requisitioning and acquisition of immovable property act,1952 being act 30 of 1952 (hereinafter called the central act).
the gazette notification for the acquisition was issued on 12th march,1970.
the controversy in this case relates to the question whether abdul khader was 'a protected tenant' under the andhra pradesh (telangana area) tenancy and agricultural lands act,1950.

ARGUMENT
under the said andhra pradesh act it was mandatory under s.99 read with s.102 of the said act in conjunction with the definition of s.2(r) of the act for the revenue authorities to decide whether abdul khader was a protected tenant or not.
abdul khader was a protected tenant had not to be settled by the collector or the tribunal,the arbitrator and the high court were in error in going to that question.

ISSUE
whether the high court was right in upholding the award of the arbitrator so far as it has held in favour of abdul khader and his rights to get 60% of the compensation.

ANALYSIS
no document was filed to show that abdul khader was declared by the revenue courts as a protected tenant.
there being no such finding by the revenue officer,on the other hand there being a finding mat abdul khader was not a protected tenant by the revenue authorities it was not open to the arbitrator to decide the question of protected tenancy.
in determining the amount of compensation payable to abdul khader under the central act,his interests in the property had to be determined.
reference may be made to the decision in the case of archi appalareddi and another v.special tahsildar,land acquisition,visakhapatnam municipality and mother,where the court observed in the context of the land acquisition act that a tenant was a 'person interested' as defined in clause (b) of s.3 of the land acquisition act.
he has a right to object to the acquisition and/or the quantum of compensation.
the land acquisition officer or the court,as the case may be,had to ascertain the value of a claimant's right in the property acquired and compensate him in that behalf.
by the scheme of the central act compensation was payable to persons who had interest in the land acquired.
who are the persons who have interest in the land had to be decided in accordance with the law and the evidence.
determination by the revenue authorities and non-determination is not conclusive or decisive.
it is clear that s.102 of the andhra pradesh act mentions that after acquisition the act was not to apply in respect of certain land.
therefore,it was submitted by the respondents that s.99 of the andhra pradesh act.which made the determination by the tahsildar to be final and debarred other courts from going into the question did not apply in case of compensation payable.
in the background of the totality of circumstances as manifest in the different orders it appeared to the arbitrator and the court that the entry which was made in favour of abdul khader as the protected tenant was of doubtful validity.
we may mention that in the two orders of this court dated 30th of january,1975 and 19th of august,1985 referred to herein before,this court had left it open to the high court and to the arbitrator to decide whether he is a protected tenant or not.

STATUTE
s.2(r) of the andhra pradesh act states that the expression 'protected' means a person who is deemed to be a protected tenant under the provisions of the said act.
chapter iv of the andhra pradesh act deals with protected tenants and s.34 of the said act provides who is to be considered as a protected tenant and uses the expression that a person shall,subject to the provisions of sub-ss.(2) and (3),be deemed to be a protected tenant in respect of the land if he has fulfilled the conditions mentioned in clauses (a) and (b) of sub-s.(1) of s.34 of the said act.
sub-s.(2) of s.34 of the said act also deals with ""to be deemed to be a protected tenant in respect of any land"",for certain purposes.
s.35 of the said act deals with decision on claims and stipulates by sub-s.(1) of s.35 of the said act that if any question arises whether any person,and if so what person,is deemed under s.34 to be a protected tenant in respect of any land,the landholder,or any person claiming to be so deemed,may,within one year from the commencement of the act apply in the prescribed form to the tahsildar for the decision of the question and the tahsildar shall after enquiring into the claim or claims in the manner prescribed,declare what person is entitled to be deemed to be protected tenant or as the case may be,that no person is so entitled.
sub-s.(2) of s.35 stipulates that a declaration by the tahsildar that the person is deemed to be a protected tenant or,in the event of an appeal from the tahsildar's decision such declaration by the collector on first appeal or by the board of revenue on second appeal,shall be conclusive that such person is a protected tenant and his rights as such shall be recorded in the record of right of where there is no record of rights in such village record as may be prescribed.
s.36 of the said act deals with the recovery of possession by protected tenant.
s.37 deals with persons not entitled under s.34 to be deemed in certain circumstances as protected tenants.
s.38 of the said act deals with right of protected tenant to purchase land.
s.39 deals with right of protected tenants to exchange lands.
s.40 of the said act makes rights of protected tenant heritable.
sub-s.(2) of s.40 of the said act indicates who are the heirs who would be entitled to hold the tenancy on the death of the protected tenant and on what terms.
sub-s.(3) of s.40 of the said act provides that if a protected tenant dies without leaving any heirs all his rights shall be so extinguished.
the explanation to sub-s.(3) of s.40 of the said act provides who should be 'deemed to be the heirs' of a protected tenant.
subs.(4) of s.40 stipulates that the interest of a protected tenant in the land held by him as a protected tenant shall form sixty per cent.
section 99-bar of jurisdiction:-(1) save as provided in this act no civil court shall have jurisdiction to settle,decide or deal with any question which is by or under this act required to be settled,decided or dealt with by the tahsildar,tribunal or collector or by the board of revenue or government. (2) no order of the tahsildar,tribunal or collector or of the board of revenue or government made under this act,shall be questioned in any civil or criminal court.""
s.102 of the said act stipulates that the act shall not apply to certain lands and areas and provides inter alia as follows: 102.nothing in this act shall apply-- to lands leased,granted,alienated or acquired in favour of or by the central government or the state government,a local authority or a cooperative society.
s.3 of the said act gave power to requisition immovable property.
s.4 of the said act empowers taking possession of requisitioned property.
s.5 deals with rights over requisitioned property.
s.6 deals with the power of release from the requisitioning.
s.7 authorises the central government where it is of the opinion that it is necessary to do so to acquire requisitioned property.
s.8 deals with 'principles and method of determining compensation either for requisitioning or acquisition of the property and,inter alia,provides for appointment of an arbitrator in certain contingencies in case there was no agreement for determining compensation.
s.9 deals with the payment of compensation and provides that the amount of compensation payable under an award shall,subject to any rules made under that act,be paid by a competent authority to the person or persons entitled thereto in such manner and within such time as may be specified in the award.","['IN-Ext:1987_M_123:retrieval-0000', 'IN-Ext:1987_M_123:retrieval-0001', 'IN-Ext:1987_M_123:retrieval-0036', 'IN-Ext:1987_M_123:retrieval-0034', 'IN-Ext:1987_M_123:retrieval-0005', 'IN-Ext:1987_M_123:retrieval-0044']"
LQA-036,"Case background: On 7 November 2008 the appeal court (Lord Osborne, Lady Paton and Lord Philip) refused his appeal against conviction, leaving his appeal against sentence to be heard on a date to be fixed. Identify the controlling issues, explain the court's reasoning, and state the final outcome.",hard,multi_issue_synthesis,True,answer_with_supported_citations,test_uk_abs,UK-Abs,United Kingdom,uksc-2009-0129,56a149467e1bbe922d460f1329d1e3ed90205cb60585579dcf72d336e99cd7d2,UK-Abs:uksc-2009-0129:reference,2b9f1d389298558a3bfb74abba077e52d6108bd3c366cbf9701fe151a14a2eda,,"On 9 September 2004 the appellant, Steve Allison, was convicted after trial in the High Court at Glasgow of four contraventions of section 4(3)(b) of the Misuse of Drugs Act 1971.
In effect, he was found guilty of being concerned in the supplying of cocaine and three other controlled drugs.
The trial judge sentenced him to 8 years imprisonment.
The appellant appealed against both his conviction and sentence.
On 7 November 2008 the appeal court (Lord Osborne, Lady Paton and Lord Philip) refused his appeal against conviction, leaving his appeal against sentence to be heard on a date to be fixed.
One of his grounds of appeal, which was first advanced in an additional Note of Appeal, related to the record of a police interview of a John Stronach.
Mr Stronach had died before the trial and the Crown introduced the interview into evidence in accordance with the procedure in section 259(5) of the Criminal Procedure (Scotland) Act 1995.
Neither before nor during the trial did the Crown disclose to the defence that Mr Stronach had a number of previous convictions and that there were outstanding charges against him.
One of the outstanding cases was under the Misuse of Drugs Act and related to events covered by the trial and it was therefore known to the appellants legal advisers.
The Crown disclosed the previous convictions and the other outstanding charges only while the appellants appeal was pending before the appeal court.
This prompted the appellant to argue that the Crowns failure to disclose to the defence the existence of all the previous convictions and outstanding charges was incompatible with his article 6 Convention rights.
As a result, the defence had been unable to prepare and conduct their defence properly and appellant did not receive a fair trial.
When dismissing the appellants appeal, the appeal court accepted that the failure by the Crown to disclose Mr Stronachs previous convictions had been incompatible with the appellants article 6(1) rights.
Having considered the circumstances of the case, however, the appeal court was not persuaded that the Crowns failure had resulted in an unfair trial and hence a miscarriage of justice.
The appeal court drew a distinction between Mr Stronachs previous convictions and the outstanding charges against him.
Because of the presumption of innocence, the appeal court did not consider that the existence of outstanding charges could be of importance in connection with the preparation of a defence or with any challenge that might be mounted to the credibility of a witness.
The Supreme Court unanimously dismisses the appeal, with Lord Rodger delivering the leading judgment of the Court.
The Court disagrees with the appeal courts view in relation to outstanding charges.
It is, of course, trite that an individual charged with crime is presumed to be innocent until proven guilty.
But that is not to say that he has to be treated in all respects as if he were an innocent person against whom no charge has been brought (para 9).
The Privy Councils decision in Holland v HM Advocate 2005 1 SC (PC) 3, that the Crown should disclose outstanding charges of Crown witnesses of which they are aware, simply reflects the common sense position that just as in everyday life judges or jurors who have to assess the credibility of a witness may properly take into account not only the fact that the witness has been convicted of various offences, but also the fact that he has been charged with others.
This approach merely reflects what appears to have been recognised as the proper practice in Scottish courts for more than 170 years (para 10).
In the present case, the Crown does not deny that the outstanding charges against Mr Stronach might have weakened the Crown case by casting doubt on his character or credibility.
Indeed the Crown accepts that, in accordance with Holland and HM Advocate v Murtagh 2009 SLT 1060, the failure to disclose the outstanding charges to the defence was incompatible with the appellants article 6(1) rights (para 14).
The only live issue in the appeal, therefore, is the actual significance, in the whole circumstances of the case, of the Crowns failure to disclose the outstanding charges.
Having considered the circumstances of the case against the appellant, the Court is not persuaded that, if defence counsel had been able to deploy Mr Stronachs outstanding charges as well as his previous convictions, this would have made any material difference (para 22).
The Court is satisfied that there is no real possibility that the jury would have come to a different verdict on the charges against the appellant if they had been made aware, not only of Mr Stonachs previous convictions, but of the outstanding charges against him as well.
There has therefore been no miscarriage of justice (para 23).","['UK-Abs:uksc-2009-0129:retrieval-0000', 'UK-Abs:uksc-2009-0129:retrieval-0001', 'UK-Abs:uksc-2009-0129:retrieval-0011', 'UK-Abs:uksc-2009-0129:retrieval-0014', 'UK-Abs:uksc-2009-0129:retrieval-0010', 'UK-Abs:uksc-2009-0129:retrieval-0003']"
LQA-037,Case background: The Department denied the relief on the short ground that the sales effected by the appellants were not sales in the course of export outside India within the meaning of section 5(1) of the . What material facts created the dispute considered by the court?,easy,facts,True,answer_with_supported_citations,test_in_abs,IN-Abs,India,6622,6d24d0ff14bd2bc423e8f90668195931cbce0d76eb5037f333219707edd5094b,IN-Abs:6622:reference,047df96b33c39a405904e678c81c839837fd19a071d5734a9f503273f9ee7999,,"Each of the appellants/petitioners is a registered dealer in the State of Haryana.
He purchased certain raw materials in the State without paying purchase tax thereon, in view of the provision contained in section 24 of the Haryana Sales Tax Act, 1973.
He manufactured certain goods in the State with the aid of the said raw materials.
He then sold the manufactured goods to dealers who, in turn, export ed those goods out of India.
On these facts the assessee claimed that he was not liable to pay the purchase tax on the raw materials, imposed under section 9(1) of the Sales Tax Act.
The Department denied the relief on the short ground that the sales effected by the appellants were not sales in the course of export outside India within the meaning of section 5(1) of the .
Ac cording to the Department, they were only ""penultimate"" sales, which may be deemed to be 'export sales ' because of the fiction created under section 5(3) of the C.S. Act 1956, but that was not enough to escape from the clutches of the charge in section 9(1).
Accordingly, the claim of the asses see was rejected by the taxing authorities.
The High Court also rejected the assessee 's petition.
Before this Court, it was contended on behalf of the assessees that the effect of section 5(3) of the C.S.T. Act was to expand the scope of section 5(1) and include within the concept of sales in the course of export outside India also the 'penultimate ' sales; that a reference to, and the meaning of, section 5(1) could not be understood without a reference to section 5(3); and that as a result of section 5(3), such penultimate sales became export sales falling beyond the purview and competence of State legislature.
It was further submitted that purchases of 344 raw material used in the manufacture of goods inside the State attracted the tax under section 9(1) unless those manufactured goods were dealt with in one of three ways; (1) disposed of by way of sale inside the State; (2) despatched to a place outside the State but by way of a sale in the course of inter State trade or commerce; or (3) despatched to a place outside the State but by way of sale in the course of export outside the territory of India.
In the alternative, it was contended that as the asses see had sold goods to other parties in India, those sales must be either local sales or inter state sales; and that in any view of the matter, it would be a sale covered by the exceptions in section 9(1), and the assessee 's purchases of raw material would not attract tax under section 9(1).
On the other hand, on behalf of the State it was, inter alia contended that there were no facts on record to sub stantiate the claim on behalf of the assessee that the sales in question fulfilled the conditions set out in section 5(3) of the C.S.T. Act.
It was submitted that the assessees would be entitled to an exemption from the impugned purchase tax only if their sales were export Sales within the meaning of section 5(1) of the C.S.T. Act, which they admittedly were not.
Alternatively, it was submitted that section 9(1)(b) had been declared unconstitutional by this Court in the Goodyear case ; and the assessee could seek no implied exemption from its language.
Therefore, if section 9 was left out, the language of section 6 ( as amended) which brought to charge all purchases and sales in the State would be attracted and so the impugned taxation of purchases would be in order.
Allowing the appeals and the petitions, this Court, HELD: (1) The language of section 9(1)(a)(ii) later section 9(1) (b) using the words ""within the meaning of sub section (1) of section 5 of the "" have to be given full meaning; in other words, the exemption under section 9(1) has to be restricted only to export sales failing within the scope of section 5(1).
[360F G] Mohammed Sirajuddin vs State, [1975] Supp. 1 SCR 169, re ferred to.
(2) The language of the two provisions simultaneously introduced in section 24(1)(a) and (b) makes interesting reading.
The proviso to 345 clause (a) refers only to ""sale by him in the course of export outside the territory of India within the meaning of section 5 of the "" whereas the proviso to clause (b) refers to ""sale by him in the course of export outside the territory of India within the meaning of sub section (3) of section 5 of the "".
Thus, the statute, within the same provision, has made a distinction between a sale in the course of export within the meaning of section 5 and such a sale within the meaning of section 5(3).
[361C D] (3) The High Court was right in concluding that the assessee was not entitled to the exemption under section 9 because the sales made by him were not sales in the course of export outside the territory of India within the meaning of section 5(1) of the .
[362A] (4) What was declared unconstitutional by this Court when it declared section 9(1)(b) of the Act unconstitutional in Goodyear case was only the levy of a tax where raw mate rials were purchased and used inside the State for the manufacture of finished goods which were then simply and without any sale despatched rather, consigned outside the State.
There is, however, nothing unconstitutional about the two other consequences that flow on the language of the clause: one express and the other implied; one in favour of the Revenue and the other in favour of the assessee, viz. (1) that there will be a tax on the purchase of the raw materials if the manufactured goods are disposed of in the State itself otherwise than by way of sale; and (2) that there will be no tax on the purchase of the raw materials if the manufactured goods are despatched from the State conse quent on a (i) local sale; (ii) inter State sale; or (iii) a sale in the course of export.
These two aspects of section 9(1)(b) survive even after the judgment of this Court in the Goodyear case.
[363G H; 364A C] Goodyear, case ; , explained.
(5) Section 9(1) is both a charging and exempting sec tion.
Even after the decision in Goodyear case the charge under a part of clause (b) still survives and so also the exemption provided in the latter part of clause (b).
[364E; C] (6) Since the sales effected by the assessee fail within one of the three exempted categories set out in section 9(1)(b), there can be no levy of purchase tax under section 9(1) of the Sales Tax Act.
[363C] (7) The purchase of raw materials by the assessees are not 346 chargeable to tax either under section 9(1)or section 6 or section 24(3).
[366G]","['IN-Abs:6622:retrieval-0001', 'IN-Abs:6622:retrieval-0037', 'IN-Abs:6622:retrieval-0046', 'IN-Abs:6622:retrieval-0039', 'IN-Abs:6622:retrieval-0052', 'IN-Abs:6622:retrieval-0041']"
LQA-038,"Case background: the petitioners had employed the respondent nos.1 to 4 as their advertising agents through the petitioners' sister concern ""m/s modern advertising agency"" and ""uta advertising agency"" and were dealing with the respondent no.1 mainly through the petitioners managing director,g.k.pendharkar. How did the dispute progress through the authorities or lower courts?",easy,procedural_history,True,answer_with_supported_citations,test_in_ext_expert,IN-Ext,India,2001_A_234,4e131d698d18349e7c8dbc9efdeb0d1315aa25b9534f4a0671f98e9d16a14765,IN-Ext:2001_A_234:A1,c7afa2d20313aa97c70d653c533dbea4c9c64057337dd28599a0218775a904d3,,"FACTS
the petitioners carried on business as manufacturers of ayurvedic pharmaceuticals products,which were sold under the brand name of ""vicco"" and have acquired substantial reputation in the market.
the 1st respondent are an advertising agency and have been the advertising agents in respect of the products manufactured by the petitioners as aforesaid for number of years.
the 2nd respondent is a director and/or partner of the 1st respondent and has mainly dealt with the petitioners on behalf of the 1st respondent.
respondents nos.3 & 4 ae proprietary concerns of respondent no.2.
the 5th respondent is the union of india and has been joined as the authority concerning television in india in the name and style of doordarshan,which is a television media.
the petitioners had employed the respondent nos.1 to 4 as their advertising agents through the petitioners' sister concern ""m/s modern advertising agency"" and ""uta advertising agency"" and were dealing with the respondent no.1 mainly through the petitioners managing director,g.k.pendharkar.
in 1984,doordarshan in order to popularize sponsored serial,undertook the production of a serial by the name ""humlog"".
the petitioners agreed to pay the entire costs of the said production to the said advertising agency and requested it to look into the matter,employed various persons on behalf of the petitioners and prepare a suitable serial for them.
pursuant to the said arrangement,the respondent nos.1 to 4 as the agents of the petitioners prepared at the costs and expenses of the petitioners,a serial entitled ""yeh jo hai zindagi"".
the petitioners claimed that as a result of the employment of the respondent nos.1 to 4 and the finances paid by them the petitioners are the owners of the said serial ""yeh jo hai zindagi"" and the title thereof.
""yeh jo hai zindagi"" had gained popularity and had become one of the most exclusive and popular serial.
the petitioners claimed that the exclusive right to use the title thereof belonged to them and the 2nd episode of ""yeh jo hai zindagi"" was telecast without the name of the petitioners being mentioned as sponsors nor was their advertisement shown.
this was due to the negligence of the respondent nos.1 to 4.
but the respondents recovered the cost of production from the petitioners.
further the said respondents had been recovering the cost of production well in advance of the serial episodes being actually produced.
the petitioners claimed that they were the real producers and owners of the said serial ""yeh jo hai zindagi"" and the petitioners to the knowledge of the respondents have entered into an agreement assigning the video rights in the said serial to one m/s esquire distributing and servicing pvt.ltd.
1st and 2nd respondents confirmed that the petitioners have all t.v.and video rights of the sponsored programme in hindi ""yeh jo hai zindagi"" and vest with the petitioners.
though original agreement was to have 27 episodes but having regard to the popularity of the programme the petitioners decided to increase the said serial to 52 episodes and the petitioners informed respondent nos.1 and 2 that in the title of the 27th and 28th episodes it has been stated that it is presented by ""oberoi films"".
some time in may 1985,the 1st respondent proposed to the petitioners that some other products should be tied up with the serial ""yeh jo hai zindagi"".
however,the petitioners were not interested in the same as they wanted the serial to project their products only exclusively and did not agree to any other products being tied up with the said serial.
the respondents alleged that they were losing rs.50,000/-to rs.75,000/-per episode and indicated that they wanted to get a new sponsor.
the petitioners informed the 1st and 2nd respondents that it was not possible to increase the costs of production for the episodes and that in the circumstances,the production of the serial may stop.
it was also pointed out that the name ""yeh jo hai zindagi"" is associated with the ""vicco laboratories"" and that if they wanted to obtain another sponsor they could produce a new serial under a different name.
the petitioners apprehended that the respondent nos.1 to 3 intended to produce further episodes under the title ""yeh jo hai zindagi"" making use of the same format as the earlier serial for and on behalf of the third party.the petitioners reserved their right to sue for damages in terms of order ii,rule 2 cpc.

ARGUMENT
the copyright in the said serial would rest exclusively in the respondents and not in the petitioners.
thus the respondents' name was shown in the title of the said serial as the producer thereof right from the beginning of the said serial but the petitioners did not protest against the same.
even assuming but without admitting that even if the petitioners are the owners of the copyright in respect of the said serial as on the date of the suit they ceased to be such owners in view of the fact that these rights vested in them before the institution of the suit and they have acquiesced in the exercise of the said right by these respondents by their conduct as referred to earlier.
it was also contended that the 2nd respondent is an artist and a film maker and has been in the field of film making for the past 20 years.
the petitioners by their letter turned down the respondents' demand and informed the respondents that they had no objection if the respondents went ahead with the production of the said serial and merely requested the respondents that the title of the said serial ""yeh jo hai zindagi"" may not be used by the respondents.
in the meanwhile,the respondents contended that m/s brook bond ltd.who wanted to link up their commercial with 13 episodes and agreed to pay and paid the ruling market price.
on these grounds,the respondents contended that the suit of the petitioners is misconceived,malicious and baseless and is liable to be dismissed.

ISSUE
in this special leave petition u/art.136 of the constitution,the contentions raised before the high court are reiterated particularly as to the effect of s.17 of the copyright act and whether the correspondence on record would not indicate that they were entitled to ownership and copyright in respect of the tv programme 'yeh jo hai zindagi.

ANALYSIS
there was no copy right attached to any idea,but copy right is attached to the work and what is important is that not only the idea of producing the suit serial on tv came to the mind of respondent no.2 but he had already started working on it in advance and forwarded it to doordarshan for its approval.
the respondents were not the agents of the petitioners for the purpose of producing the said serial.
the aggregate amount of rs.76.50 lakhs which was paid to the respondents for 60 episodes is not the amount for cost of production but the fixed price for sponsoring the said serial in order to link up their advertisement with the serial and avail substantial benefit of concessional rate under the scheme envisaged by doordarshan.
the petitioners had agreed to sponsor only 26 episodes whereas the respondents had agreed to produce 52 episodes and had given a firm commitment to that effect to doordarshan.
that the titles of each episode indicated that respondent no.2 is the producer of the said serial and the petitioners are only the sponsors.
however,the titles continued to show mr.s.s.oberoi as the producer of the serial and the petitioners did not withhold payments.
the production work had been started by the respondents at the behest of the petitioners.
doordarshan recognizes the respondents as producers of the said serial and recognize the petitioners as sponsors only.
there was no transfer of rights in favour of the petitioners by the respondents in the aforesaid letters and no consideration whatsoever was paid to the respondents for issuing the said letters which have no legal consequences.
the respondents were not liable to render accounts to the petitioners who paid them a fixed sum for sponsoring the programme.
if the expenses were less,the petitioners did not ask for a refund and the profit or loss was entirely of the respondents.
it is clear that the bills that have been raised were only to accommodate the petitioners from the circumstances narrated above.
it is probable that the respondents had obliged the petitioners by issuing these bills because the bills cannot be read in isolation but with reference to surrounding circumstances.
where s.17 of the copyright act is concerned,it is clear that the petitioners were not able to establish that the respondent nos.1 to 4 produced the said serial (1) as the agents of the petitioners; (2) in the course of their employment with the petitioners; (3) for valuable consideration paid by the petitioners to them; and (iv) at the instance of the petitioners.
when these factors had not been established and the suit is itself not dependent on the interpretation of s.17 of the copyright act,pleadings and issues raised did not attract the same.
on appreciation of evidence,the court has come to the conclusion that the respondents did not make the said serial for valuable consideration at the instance of the petitioners and in view of the findings of fact,the claim of copyright or ownership in respect of the serial u/s.17(b) and (c) would not arise at all.","['IN-Ext:2001_A_234:retrieval-0000', 'IN-Ext:2001_A_234:retrieval-0001', 'IN-Ext:2001_A_234:retrieval-0004', 'IN-Ext:2001_A_234:retrieval-0002', 'IN-Ext:2001_A_234:retrieval-0006', 'IN-Ext:2001_A_234:retrieval-0030']"
LQA-039,"Case background: Secondly, moving from a legal structure under which the duties of statutory bodies to cooperate were linked to the performance of their individual functions, to one which ensures that they work collaboratively and share information in order to support wellbeing. How did the court ultimately dispose of the appeal or claim?",easy,outcome,True,answer_with_supported_citations,test_uk_abs,UK-Abs,United Kingdom,uksc-2015-0216,5d453e55a12700094c3ebdf17b2b6126d8544e98ad062c43fa171221f370bd8f,UK-Abs:uksc-2015-0216:reference,135a0b13158bd092640ca08551abca8549dcf45e11892d1b2b294a4c101fb83b,,"The Children and Young People (Scotland) Act 2014 (the 2014 Act) makes provision for a named person service (the NPS) in relation to children and young people (C&YP) in Scotland.
The NPS establishes the new professional role of the named person, and envisages that all C&YP in Scotland will be assigned a named person.
The NPS aims to achieve two policy aims: first, a shift away from intervention by public authorities after a risk to welfare has been identified, to an emphasis on early intervention to promote wellbeing.
Secondly, moving from a legal structure under which the duties of statutory bodies to cooperate were linked to the performance of their individual functions, to one which ensures that they work collaboratively and share information in order to support wellbeing.
The 2014 Act is supplemented by revised statutory guidance (the Guidance), which is still in draft.
Part 4 of the 2014 Act (Part 4) provides that named persons will exercise certain functions in relation to C&YP.
These include: (a) advising, informing or supporting them or their parents; (b) helping them or their parents access a service or support; and (c) discussing or raising a matter about them with a service provider (e.g. health boards and local authorities) or relevant authority (e.g. the NHS and Scottish Police Authority).
The authority responsible for the provision of the NPS (the NPS Provider) changes depending on the age and circumstances of the child or young person.
Part 4 also sets out powers and duties relating to information sharing, including (in s.23) conditions for when information must be shared following a change in NPS Provider, and (in s.26) conditions for when information must be shared between service providers or relevant authorities, and the NPS Provider.
Section 26(8) includes an additional power of disclosure where the NPS Provider holds information and it considers that providing it to a service provider or relevant authority is necessary or expedient (s.26(9)) for the purpose of the exercise of any of the named person functions.
The powers and duties of disclosure under ss.23 and 26 cannot, however, be exercised where the information would be provided in breach of a prohibition or restriction under an enactment.
The appellants are four registered charities with an interest in family matters, and three individual parents.
They challenged Part 4 by way of judicial review on the basis that it is outside the legislative competence of the Scottish Parliament under the Scotland Act 1998 (the Scotland Act) because: (a) it relates to matters which are reserved under the Scotland Act to the UK Parliament (the Reserved Matters Challenge); (b) it is incompatible with rights under the European Convention on Human Rights (the ECHR Challenge); and/or (c) it is incompatible with EU law (the EU Law Challenge).
The appellants challenges were dismissed in both the Outer House and the Inner House of the Court of Session.
They now appeal to the Supreme Court.
The Supreme Court unanimously allows the appeal on the basis of the ECHR Challenge and the EU Law Challenge (to the extent it mirrors the ECHR Challenge).
The Court invites written submissions
as to the terms of its order under s.102 of the Scotland Act in order to give the Scottish Parliament and Scottish Ministers an opportunity to address the matters raised in the judgment.
In the meantime, since the defective provisions of Part 4 of the 2014 Act are not within the legislative competence of the Scottish Parliament, they cannot be brought into force.
Lady Hale, Lord Reed and Lord Hodge (with whom Lord Wilson and Lord Hughes agree) give the joint leading judgment.
The Reserved Matters Challenge Part 4 is challenged on the ground that the data sharing provisions relate to the reserved matter of the Data Protection Act 1998 (the DPA) and Council Directive 95/46/EC (the Directive).
Whether a provision relates to a reserved matter under the Scotland Act is determined by reference to its purpose [27 33].
The subject matter of the Directive (and therefore the DPA, which implemented the Directive in the UK) is the standards of protection which must be afforded to data and the methods by which those standards are secured [34 39].
The DPA imposes obligations on data controllers in relation to data processing, and creates rights for data subjects and a system for the regulation of data controllers.
Section 35 of the DPA allows scope for derogation from certain of its requirements by legislation, which may include devolved legislation [44].
The bodies described in Part 4 as service providers and relevant authorities are currently subject to legal duties in relation to the disclosure of information as data controllers under the DPA [45 47].
The result of these duties is that information about C&YP can currently be disclosed, without their consent, if the disclosure is necessary in order to protect their vital interests, or if the disclosure is necessary for the exercise of a statutory function.
These thresholds are higher than those under Part 4 which (respectively) refer to disclosure being likely to benefit wellbeing, and being likely to be relevant to the exercise of statutory functions.
Data controllers are also obliged to comply with other data protection principles under the DPA [48].
Further protections are included in relation to sensitive data (e.g. health and sexual life) under Schedule 3 to the DPA [49 50].
The effect of Part 4 on the requirements of the DPA is extremely complex and was not fully discussed at the hearing.
Sections 23 and 26 of Part 4 do not permit disclosure of information in breach of a prohibition or restriction on its disclosure arising by virtue of an enactment.
At first sight, that means that disclosure under Part 4 is subject to compliance with the requirements of the DPA, since the DPA is an enactment.
However, under sections 27 and 35 of the DPA, personal data are exempt from some of the requirements of the DPA where the disclosure is required by or under any enactment.
An Act of the Scottish Parliament is an enactment for this purpose.
The result is a logical puzzle [51 54].
It is, however, clear that the powers and duties of disclosure under Part 4 cannot be taken at face value; in several respects, they are significantly curtailed by the DPA and the Directive [55 58].
However, although Part 4 contains powers and duties the objective of which is to ensure that information is shared, that objective is not distinct from the overall purpose of promoting the wellbeing of C&YP [64].
Part 4 also does not detract from the regime established by the DPA and the Directive [65].
Part 4 does not therefore relate to the subject matter of the DPA and the Directive for the purposes of the Scotland Act, and the Reserved Matters Challenge cannot succeed [66].
The ECHR Challenge The appellants claim that the NPS breaches Article 8 ECHR rights.
This is both (a) on the broad basis that compulsory appointment of a named person without parental consent amounts to a breach of the parents Article 8 rights, and (b) on the narrow basis that the information sharing provisions under Part 4 amount to breaches of parents and C&YPs Article 8 rights [67 68].
The Community Law Advice Network, as intervener, also challenged the information sharing provisions on the basis that they impose too low a threshold for the disclosure of confidential information and amount to an infringement of the Article 8 rights of C&YP.
This meant that there was more focus on Article 8 in the appeal before this Court than there had been before the Court of Session below [69].
In the context of the 2014 Act, the interests protected by Article 8 include both family life [71 74] and privacy [75 77], and the operation of the information sharing provisions of Part 4 will result in interferences with those interests [78].
In accordance with the law In order for that interference to be in accordance with the law (for the purposes of Article 8(2)), the measures must not only have some basis in domestic law but also be accessible to the person(s) concerned and foreseeable as to their effects.
This means rules must be formulated with sufficient precision to give legal protection against arbitrariness [79 81].
In assessing the legality of Part 4, regard must be had to the Guidance [82].
As is clear from the Courts findings on the Reserved Matters Challenge, there are difficulties in accessing the relevant rules for information sharing.
An information holder would need to read together and cross refer between Part 4, the DPA and the Directive in order to work out the priority of their provisions.
Of even greater concern is the lack of safeguards which would enable the proportionality of any interference with Article 8 to be adequately examined [83 84].
For example, information, including confidential information concerning a child or young persons state of health (e.g. as to contraception, pregnancy or sexually transmitted disease), could be disclosed to a wide range of authorities without either the child or young person or their parents being aware of the interference with their Article 8 rights, and in circumstances in which there was no objectively compelling reason for the failure to inform them.
Accordingly, as currently drafted, the information sharing sections of Part 4 and the Guidance do not satisfy the requirement of being in accordance with the law [85].
Proportionality In assessing whether the operation of Part 4 would give rise to interferences with Article 8 which are disproportionate having regard to the legitimate aim pursued, it is necessary to distinguish between the 2014 Act and its operation in individual cases [86 88].
Focusing on the proportionality of the legislation itself, Part 4 undoubtedly pursues legitimate policy aims and is clearly rationally connected to those aims [91 92].
Allowing the legislature the appropriate margin of discretion, Part 4 is also a reasonable measure for the legislature to impose in order to achieve those legitimate aims.
It is for this reason that the appellants broad challenge cannot succeed.
If a named person could be appointed only with parental consent, the scope for early intervention would be diminished [93].
However, the operation of Part 4 may well give rise to disproportionate interferences in particular cases: First, there is a risk that parents will be given the impression that they must accept advice in relation to the services offered by a named person in the exercise of the named person functions, and that their failure to cooperate would be taken as evidence of risk of harm.
Care should therefore be taken to emphasise the voluntary nature of the advice, information, support and help offered by the named person [94 95].
Secondly, the information holder will have to address difficult questions of proportionality in relation to the disclosure of confidential information with the help of only the Guidance, which is limited, and the Part 4 criteria, which set too low a threshold for overriding duties of confidentiality [96 100].
There is therefore a need for clear guidance to information holders as to how to assess proportionality when considering whether information should be shared [101].
The EU Law Challenge In relation to the EU Law Challenge, there is no incompatibility additional to that identified in relation to the ECHR Challenge [102 105].","['UK-Abs:uksc-2015-0216:retrieval-0001', 'UK-Abs:uksc-2015-0216:retrieval-0003', 'UK-Abs:uksc-2015-0216:retrieval-0005', 'UK-Abs:uksc-2015-0216:retrieval-0000', 'UK-Abs:uksc-2015-0216:retrieval-0055', 'UK-Abs:uksc-2015-0216:retrieval-0004']"
LQA-040,"Case background: Appellant was detained under section 3(1)(a)(i) of the Preventive Detention Act, Act IV of 1950 on the grounds that with the financial help given by the Portuguese authorities he was carrying on espionage on their behalf with the help of underground workers and that he was also collecting... Which question of law determined the resolution of the dispute?",medium,legal_issue,True,answer_with_supported_citations,test_in_abs,IN-Abs,India,415,778d5c50e3a0e73b7e595f3711bdae79def2e73e19463e4c8b92edfc1075b6bf,IN-Abs:415:reference,35d2da3914eb9ea09840f274dc7b071466d919bac1a2e8eaecd768f3692fe888,,"Appellant was detained under section 3(1)(a)(i) of the Preventive Detention Act, Act IV of 1950 on the grounds that with the financial help given by the Portuguese authorities he was carrying on espionage on their behalf with the help of underground workers and that he was also collecting intelligence about the security arrangements on the border area and was making such intelligence available to the Portuguese authorities.
Appellant made no application to the Government for further particulars.
Held, that in these circumstances and having regard to the fact that what is alleged is espionage activity, the grounds could not be considered to be vague.
In answer to the objection in the writ application before the High Court that the grounds were not specific and that no particular of the alleged activities of the appellant were given the Under Secretary to the Government in his affidavit claimed privilege under article 22(6) of the Constitution.
Held, that the right of the detenue to be furnished particulars is subject to the limitation under article 22(6).
Hence even if the grounds are vague due to the reason that facts cannot be disclosed in the public interest, the order of detention cannot be challenged on the ground of such vagueness.
The necessity of communicating the decision to claim privilege under article 22(6) would arise only when the detenue asks for parti 383 culars.
In the absence of any such request by the detenue, the noncommunication of the decision cannot be hold to have hampered his constitutional right to make his representation.
Mala fides must be made out against the detaining authority and not against the police.
The contention of mala fides is untenable in the present case having regard to the nature of the grounds and to the nature of the activities imputed to the appellant.","['IN-Abs:415:retrieval-0007', 'IN-Abs:415:retrieval-0010', 'IN-Abs:415:retrieval-0008', 'IN-Abs:415:retrieval-0005', 'IN-Abs:415:retrieval-0002', 'IN-Abs:415:retrieval-0015']"
LQA-041,"Case background: as the aeco did not have the necessary capital to undertake the work, raju floated in 1933 a public limited company called visakhapatnam electric supply corporation ltd., and another in 1936 called the anakapalli electric supply corporation ltd. Which statutory or constitutional provisions governed the dispute, and how were they interpreted?",medium,statutory_interpretation,True,answer_with_supported_citations,test_in_ext_expert,IN-Ext,India,1963_S_59,500b861382648634c74d1e808804710df96c13ad8c47a01224efaec29ff29871,IN-Ext:1963_S_59:A1,9a67efe6ea32882db02d80cfb7312faa19082dcfeac90ac0489f5311536f0de8,,"FACTS
in 1929 the andhra engineering co.(aeco) which was originally a partnership firm formed by one d.l.n. raju was converted into a private limited, company with its headquarters at visakhapatnam.
it obtained licences from the government under the electricity act for supply of electrical energy to visakhapatnam, anakapalli and some other places.
as the aeco did not have the necessary capital to undertake the work, raju floated in 1933 a public limited company called visakhapatnam electric supply corporation ltd., and another in 1936 called the anakapalli electric supply corporation ltd.
the aeco transferred its licences for the supply of electrical energy to the consumers of visakhapatnam to vesco and similarly transferred to aeco the licence to supply electrical energy to consumers at anakapalli.
the aeco was appointed managing agent for each of these corporations under separate agreements. sometime later other industrial concerns, the andhra cements ltd., vijayawada and the east coast ceremics, rajahmurthy were started apparently by raju himself- and the aeco was appointed the managing agent of each of these concerns.
the original managing agency agreement in favour of aeco with respect to vesco was for a period of 15 years
the vesco had its own board of directors while the aeco had also its own separate board of directors.
the vesco had no managing director but at each meeting of its board of directors one of the directors used to be elected chairman.
the same practice was followed at the meeting of the general body of the shareholders.
the aeco on the other hand always had a managing director, first of whom was d.l.n. raju.
he died in the year 1939 and was succeeded by r.k.n.g. raju, an advocate of rajahmundry.
this person, however, did not shift to visakhapatnam on his becoming the managing director but continued to stay most of the time at rajahmundry.
the aeco as managing agents of vesco had appointed in 1939 one d.v. appala raju, a trusted employee, as its representative and as the secretary of vesco.
in 1944 this person resigned from his appointments and started his own business in radio and electrical goods in the name of d. brothers.
he was succeeded by t. visweswara rao, an employee of the aeco.
eventually their choice fell on g. v. subba raju, resident of manchili, who held a large number of shares in the aeco and who was, besides, related to r.k.n.g. raju by marriage.
he was assured that by consenting to become the managing director be would not be required to discharge onerous duties and that the respondent no. i would look to all the affairs of vesco.
he agreed and was elected managing director of aeco in the middle of 1948. upon this understanding he accepted the position offered to him.
the vesco used to receive large amounts of money from high tension power consumers such as the railways, k. g. hospital, the port administration, the andhra university etc., by cheques.
but domestic consumers usually paid their bills in cash to the bill collectors who used to hand over their collections to the respondent no. 2.
the amount totalled up at the end of the day was posted in vesco's cash handover book as ""'by safe"" indicating that this amount was kept in the safe, though in fact it was not.
on the basis of the entries in the handover book the final accounts were written up.
the respondent no. i opened four personal accounts in different banks, including the imperial bank of india .
when the respondent no. i had to issue a personal cheque on any of these banks he used to ask the second respondent to send an equivalent amount to the bank concerned for being credited to his account.
these amounts also used to be noted in the private note book and entered.
another thing which the respondent no. i initiated was opening a heading in the ledger called ""advance purchase of materials.""
amounts which had been misappropriated used to be posted therein though in fact no orders were placed for any material.
it may be mentioned that subba raju used to visit visakhapatnam twice a month and check up the account books.
at that time it used to be represented to him that the amounts which were shown to be in the safe and not found therein had been sent to the bank for being deposited.
apparently subba raju was fully satisfied with this and other explanations and, therefore, he appointed one c. s. raju, who was the manager of andhra cements to supervise over the affairs of vesco.
apparently because of this a new method of misappropriation was adopted by the respondents by starting in the vesco account books, an account called ""suspense account"".
a lakh of rupees passed through that account.
amounts which were misappropriated used to find their way in this account.
a new cash book was also said to have been prepared by the conspirators with the object of covering up the misappropriations which had been made.
besides that, c. s. raju's management of andhra cements had landed it into a loss of rs. 30, 000/-`.
because of all these things he had c. s. raju replaced towards the end of 1951 by one subbaramayya, a retired finance officer from the madras electricity board both as a director of andhra cements and as a supervisor over the accounts of vesco.
he, however, was unable to obtain any information.
in january, 1952 he therefore brought one s. g. krishna aiyar who had vast experience in the maintenance of accounts of electrical undertaking's having been chief accountant of the south madras electric supply corporation, to undertake an investigation and then to act as financial adviser.
krishna aiyar after his appointment made close enquiry and submitted an interim report.
that report showed that during the period 1948-49 rs. 33, 271-10-0 shown as paid to the andhra power system were in fact not paid.
the interim report showed that there was a shortage of about rs. 90, 000/- for this period.
in april, 1952 the collector attached vesco properties for realising this amount.
on april 30, 1952 the respondent no. 1, by selling some of his property, himself paid rs. 50, 000/- to the andhra power system towards the sum due to it from vesco and had promised to pay the balance shortly thereafter.
he was given time for doing so but he failed to pay it.
the directors of vesco thereafter authorised k. s. dutt, one of the directors to lodge a complaint with the police which he accordingly lodged on may 19, 1952.
on the next day the police placed an armed guard around the office of the respondent no. i and seized a number of papers.
as a result of investigation they found that there was a total misappropriation of rs. 3, 40, 000/-.
on september 13, 1954 ramana offered to make a full confession to the additional district magistrate (independent) who was empowered to grant pardon under s. 337 of the code of criminal procedure.
he, however, directed ramana to make his confession before a submagistrate.
the latter accordingly made a confession on november 15, 1954 and on november 17, 1954 the additional district magistrate granted him pardon and that is how he came to be examined as a witness in this case.
the additional sessions judge convicted both the respondents, the respondent no. i in respect of each head of the offences with which he was charged and the respondent no. 2 in respect only of the offences of conspiracy and misappropriation.
in the first place according to the high court, joint trial of two or more persons in respect of different offences committed by each of them is illegal and that here as they were charged with having committed offences under s. 120-b, s. 409, s. 477-a and s. 476/467, i.p.c. they could not be tried jointly.

ARGUMENT
the points which he urged are briefly these:
(1) that there was a misjoinder of charges and persons in that the various provisions of s. 239 were clubbed together and an omnibus charge of conspiracy was framed which on its face was one likely to embarrass the respondents and make their task of defending themselves difficult.
(2) the procedure adopted in the investigation and committal stages was irregular.
(3) irrelevant evidence was introduced and some evidence was introduced in a manner not authorised by the evidence act.
(4) that the court abused its powers under s.342, cr. p.c. while conducting the examination of the respondents.
(5) the evidence of the approver was inadmissible because the pardon granted to him was illegal, that, in any case, it is unreliable, was so found even by the sessions judge and must, therefore, be rejected.
if the evidence of the approver is left out the remaining evidence would be inadequate to sustain the prosecution case.
as many as 2, 000 documents were ""dumped"" by the prosecution in this case out of which 1600 documents were not sought to be proved by it.
further, 64 documents were missing from the records when they came to the high court and that this has caused serious prejudice to the respondent.

ISSUE
whether there was a misjoinder of parties and of persons.

ANALYSIS
s. 120 b provides that whoever is a party to a criminal conspiracy to commit an offence punishable with death, imprisonment for life or rigorous imprisonment for a term of two years or upwards shall be punishable in the same manner as if he has abetted such offence unless there was an express provision in the code for the punishment of such conspiracy.
the first charge is in respect of the conspiracy alleged to have been entered into by the two respondents, k. v. ramana, the approver, and others ""known and unknown"" to commit criminal breach of trust of the funds of vesco and, in order to screen its detection, to falsify the accounts of vesco and to use forged documents as genuine.
on the face of it this is a valid charge.
but certain objections have been taken to it with which the court will deal at the appropriate place.
the second charge is for an offence of criminal breach of trust punishable under s. 409 and the accusation therein is that the two respondents along with ramana, misappropriated 69 items aggregating to a little over rs. 3, 20, 000/-.
it is clear from the charge that some of the amounts were misappropriated between april, 1947 and march, 1950, some between april, 1947 and march, 1949, some between april, 1947 and march, 1951 and quite a large number between september, 1947 and march, 1950 and a still large number between april, 1951 and march, 1952.
it is thus apparent that offences committed within a space of 12 months were tried along with offences committed beyond that period.
unless, therefore, the provisions of s. 239 are applicable it would follow that there was a misjoinder of charges.
the third charge is that the two respondents, along with the approver ramana made false entries on seven different dates in the account books between september 19, 1947 and march 18, 1952 and thus committed an offence under s. 477-a, i.p.c.
the fourth charge is that the two respondents, along with the approver ramana forged six documents on different dates between march 28, 1949 and november 12, 1951 and thus committed an offence under s. 471 read with s. 467, i.p.c.
there the learned judges have held that these clauses are mutually exclusive and they cannot be simultaneously applied and to construe them as supplementing each other would be enlarging the scope of the exceptions.
each clause is an exception to the general rule enacted in s. 233, cr. p.c.
if such a combination is permissible, all persons accused of offences described in cls. (a) to (g) can be tried together in one case which certainly involves a bewildering multiplicity of charges and which would obviously set at naught the salutary principle contained in s. 233.
s 236 is a special provision available in case of doubt and is neither subject to the limitations prescribed by s. 233 nor those of the other preceding provisions.
now, if the respondent no. 1 were alone tried upon the second, third and the fourth charges the provisions of s. 235(1) could have been pressed in aid if the allegations were that the offences were so connected together as to form one and the same transaction and the validity of the trial would not have been open to any attack.
similarly if the second respondent were alone tried on the second charge his trial would not have been open to any objection if the allegation were that the offences were so connected together as to form the same transaction.
here, however, the court a case where the prosecution alleges that there was additionally a conspiracy to which apart from the two respondents the approver and some other persons were parties and where in both the respondents were tried together.
a conspiracy must be regarded as one transaction and, therefore, a single individual charged with it could be tried with the aid of s. 235(1) for all the acts committed by him in furtherance or in pursuance of the conspiracy without the limitations imposed by s.234(1).
the only provision in the code which permits the joint trial of more than one person is s. 239 and what the court to see is whether under that provision the two respondents could have been jointly tried for the offences with which they were charged.
on the other hand at the end of cl. (f) there is a conjunction 'and'.
now, since s. 234(1) cannot be properly read overriding s. 235(1) there is no valid reason for construing it as overriding the provisions of s. 239 either.
s, 239 must be read at least subject to ss. 234(1) and 235(1) on the ground that if there are certain restrictions with respect to the trial of a single accused there is no reason why those restrictions will disappear if an accused person is tried along with several other persons.
thus where several persons are accused of more offences than one of the same kind committed by them jointly within a period of 12 months, the number of offences for which they could be tried cannot exceed three.
in this connection he relied upon the words ""within the meaning of s. 224"" occurring in cl. (c) of s. 239.
these words clearly show that cl. (c) of s. 239 is subject to the provisions of s. 234.
in the court’s opinion the words ""within the meaning of s. 234"" indicate that what was meant by the words offence of the same kind"" ""'persons accused of more offences than one of the same kind not exceeding three in number""or may have used the words"" person accused of more than one offence of the same kind to the extent permissible under s. 234.
therefore, even if the expression ""'same transaction"" alone had been used in s. 235(1) it would have meant a transaction consisting either of a single act or of a series of connected acts.
the expression ""same transaction"" occurring in cls. (a), (c) and (d) of s. 239 as well as that occurring in s. 235(1) ought to be given the same meaning according to the normal rule of construction of statutes.
looking at the matter in that way, it is pointless to inquire further whether the provisions of s. 239 are subject to those of s. 236(1).
the provisions of sub-s. (2) and (3) of s. 235 are enabling provisions and quite plainly can have no overriding effect.
but it would be open to the court to resort to those provisions even in the case of a joint trial of several persons permissible under s. 239.s. 236 is also an enabling provision to be availed of in case of doubt and it is meaningless to say that s. 239 is subject to s. 236.
bearing in mind the fact that the provisions in the ""former part"" of chapter xix are applicable to charges made with the aid of s. 239 only ""so far as may be"" it would not be right to construe s. 239 as being subject to the provisions of ss. 233 to 236.
the court could not, however, give the expression such a restricted meaning.
for, even in the absence of those words, the earlier provisions could not have been ignored.
for, it is a rule of construction that all the provisions of a statute are to be read together and given effect to and that it is, therefore, the duty of the court to construe a statute harmoniously.
thus, while it is clear that the sections preceding s. 239 have no overriding effect on that section, , the courts are not to ignore them but apply such of them as can be applied without detracting from the provisions of s.239.
indeed, the very expression 'so far as may be' emphasises the fact that while the earlier provisions have to be borne in mind by the court while applying s. 239 it is not those provisions but the latter which is to have an overriding effect.
criminal conspiracy as defined in s. 120-a and consists of an agreement to do an illegal act or an agreement to do an act which is not illegal by illegal means.
criminal conspiracy was, however, not an unknown thing before the amendment of the indian penal code in 1913.
but what the amendment did was to make that conspiracy itself punishable. the idea was to prevent the commission of crimes by, so to , speak, nipping them in the bud.
but it does not follow that where crimes have been committed the liability to punishment already incurred under s. 120-b by having entered into a criminal conspiracy is thereby wiped away.
no doubt, as already stated, where offences for committing which a conspiracy was entered into have actually been committed it may not, in the particular circumstances of a case, be desirable to charge the offender both with the conspiracy and the offences committed in pursuance of that conspiracy.
but that would be a matter ultimately within the discretion of the court before which the trial takes place.
in so far as the fourth point is concerned, that would have a bearing not on the form of the charge but on the credibility of the evidence bearing on the point of conspiracy.
the prosecution be established by reference to s. 34 of the indian evidence act which reads thus as what it does is to make entries in books of account regularly kept in the course of business relevant in all proceedings in a court of law.
these entries are, however, not by themselves sufficient to charge any person with liability.
therefore, when a sues b for a sum of money it is open to him to put his account books' in evidence provided they are regularly kept in the course of business and show by reference to them that the amount claimed by him is debited against b.
the entry though made by a in his own account books, and though it is in his own favour is a piece of evidence which the court may take into consideration for the purpose of determining whether the amount referred to therein was in fact paid by a to b.
the entry by itself is of no help to a in his claim against b but it can be considered by the court along with the evidence of a for drawing the conclusion that the amount was paid by a to b.
to this limited extent entries -in the account books are relevant and can be proved. s. 34 does not go beyond that.
it says nothing about non-existence of entries in account books.
the court, therefore, agree with the high court that the account books of the various concerns to whom payments are said to have been made by the respondents are not by themselves evidence of the fact that no payments were received by them.
the decision in queen empress v. grees chunder banerjee ((1884) i. l. r. 10 cal 1024.), upon which reliance is placed by the high court in support of its view is also to that effect. similarly in ram prashad singh v. lakhpati koer ((1902) i. l. r. 30 cal 231, 247).
lord robertson during the course of the hearing has observed that no inference can be drawn from the absence of any entry relating to any particular matter which observation supports the view taken in queen empress v. girish chander banerjee ( (1884) i.l.r. 10 c.l 1024. ).
there is s. ii of the evidence act which provides that facts not otherwise relevant are relevant if they are inconsistent with any fact in issue or relevant fact.
some of the facts in issue in this case are whether payments of certain sums of money were made to crompton engineering co., and other firms or authorities.
absence of entries in their account books would be inconsistent with the receipt of the accounts and would thus be a relevant fact which can be proved under s. 11.
the fact that no payments were received by those firms has been deposed to by persons connected with those firms and whose duty it was to receive and acknowledge amounts received by the firms or who were in charge of the accounts of these firms.
for the purpose of showing that no amounts were received by the firms, their account books would thus be as relevant as the vesco account books for the purpose of showing the contrary.
there is s. 5 of the evidence act which reads thus as it is the case of the prosecution that the alleged payments were never made by vesco to the various firms.
the offence under s. 467 read with s. 471 is punishable with imprisonment for life or imprisonment of either description for a period of 10 years but it is exclusively triable by a court of session .
as regards the offence under s. 477-a, it is one of those sections which are specifically enumerated in s. 337 (1) and the argument advanced before the court and which the court rejected would not even be available with regard to the pardon in respect of that offence.
it is true that the respondent no. i alone was convicted by the additional sessions judge of this offence and the offence under s. 467 read with s. 471 but the validity of a pardon is to be determined with reference to the offence alleged against the approver alone and not with reference to the offence or offences for which his associates were ultimately convicted.
the decision in sarwan singh v. the state of punjab ([1957] b. c. r. 953.), on which reliance has been placed by the high court has been explained by this court in the case of maj. e. g. barsay v. the state of bombay .
this court has pointed out in the latter decision that while it must be shown that the approver is a witness of truth, the evidence adduced in a case cannot be considered in compartments and that even for judging the credibility of, the approver the evidence led to corroborate him in material particulars would be relevant for consideration.
the high court should bear this in mind for deciding whether the evidence of the approver should be acted upon or not.
then again it would not be sufficient for the high court to deal with the evidence in a general way.
it would be necessary for it to consider for itself the evidence adduced by the prosecution on the specific charges and then to conclude whether those charges have been established or not.
the prosecution would be well, advised if, instead of placing the evidence on each and every one of those large number of charges against the respondents, it chooses to select a few charges under each head other than the head of conspiracy and concentrates on establishing those charges, this would save public time and also serve the purpose of the prosecution.
the court set aside the acquittal of the respondents and remit the appeal to the high court for decision on merits in the light of our observations.

STATUTE
ss. 221 to 232 of ipc are comprised under the first sub-head and ss. 233 to 240 in the second.
ss. 221 to 223 deal with the framing and content of charge. s. 224 deals with the interpretation of the language of the charge and s. 225 with the effect of errors in the charge.
ss. 226 to 231 deal with the power of the court with regard to framing and altering charges and the procedure to be adopted at the trial where a charge is found to be defective or there is no charge or where a new charge is to be framed.
s. 232 deals with the power of the appellate court or the high court when it discovers that there is material error in the charge.
s. 233 provides that for every distinct offence of which any person is accused there shall be a. separate charge.
but it also provides that this will be subject to the exceptions contained in ss. 234, 235, 236 and 239.
the first three provisions relate to the framing of charges against a single accused person.
s. 234 (1) deals with the trial of a person for offences of the same kind not exceeding three committed within the space of 12 months from the first to the last of such offences and s. 231 (2) what is meant by the expression 'offences of' the same kind'.
this provision lifts partially the ban on the trial of a person for more than one offence at the same trial.
s. 235(1), however, goes a step further and permits the trial of a person for more offences than one if they are so connected together as to form the same transaction.
thus under this provision if the connection between the various offences is established the limitations placed by s. 234(1) both as regards the number and the period during which the offences are alleged to have been committed will not apply.
sub-s. (2) of s. 235 deals with a case where an offence falls within two definitions and sub-s.(3) deals with a case in which a number of acts are alleged against an accused person, different combinations of which may constitute different offences.
s. 236 which provides that if a single act or series of acts is of such a nature that it is doubtful which of several offences the facts which can be proved will constitute, the accused may be charged with having committed all or any of such offences and further provides that any number of such charges may be tried together.
it also permits that charges could be framed against an accused person in the alternative if the court thinks fit.
s. 239 cls. (a) and (b)- cl. (a) says that persons accused of the same offence committed in the course of the same transaction may be charged and tried together.
this first thing to be noticed is that s. 239 does not read as if its various clauses can be applied only alternatively.
cl. (b) says that persons accused of an offence and persons accused of abetment, or, of an attempt to commit such offence may also be charged and tried together.
the opening words of the section show that it is an enabling provision and, therefore, the court has a discretion to avail itself cumulatively of two or more clauses.
the concluding portion of s. 239 shows that the provisions contained in the former part of chapter xix shall, as far as may be, apply to the charges framed with the aid of s. 239.
does this mean that the provisions of s. 233, 234, 235, and 236 must also be complied with?
obviously, s. 233 does not override the provisions of s. 239. s. 234 cannot also be regarded as an overriding provision because reading it that way will lead to the clear result that whereas several accused persons can be charged at the same trial with any number of different offences committed by them in the course of the same transaction they cannot be tried also for -offences of the same kind exceeding three in number and committed beyond a space of 12 months from the first to the last.
it could not have been the intention of the legislature to create such a situation.
again, as already stated, s. 234(1) does not override the provisions of s. 235(1) which permits trial of a person for more offences than one committed during any period provided they are so connected together as to form one transaction.
unless the court read s. 234(1) as not enacting a fetter on s. 235(1), it may not be possible to give full effect to the latter.
it is under these provisions that the account books of the firms must be held to be relevant.
what value to attach to them is another matter and would be for the court of fact to consider.","['IN-Ext:1963_S_59:retrieval-0004', 'IN-Ext:1963_S_59:retrieval-0002', 'IN-Ext:1963_S_59:retrieval-0008', 'IN-Ext:1963_S_59:retrieval-0005', 'IN-Ext:1963_S_59:retrieval-0007', 'IN-Ext:1963_S_59:retrieval-0023']"
LQA-042,Case background: It is over subscribed and has adopted as its oversubscription policy an approach of giving precedence in admission to those children recognised as Jewish by the Office of the Chief Rabbi of the United Hebrew Congregation of the Commonwealth (the OCR). How did prior authority or an established legal principle influence the decision?,medium,precedent_application,True,answer_with_supported_citations,test_uk_abs,UK-Abs,United Kingdom,uksc-2009-0105,6afd091757b858edf1c906493246d8d29086b4ce16f53e4b7a71ba7b5620561a,UK-Abs:uksc-2009-0105:reference,57927ec902a9cbd4186c24f6ef70dfcb26df0818327bfff847d31b9c6b2102db,,"E challenged JFSs (formerly the Jews Free School) refusal to admit his son, M, to the school.
JFS is designated as a Jewish faith school.
It is over subscribed and has adopted as its oversubscription policy an approach of giving precedence in admission to those children recognised as Jewish by the Office of the Chief Rabbi of the United Hebrew Congregation of the Commonwealth (the OCR).
The OCR only recognises a person as Jewish if: (i) that person is descended in the matrilineal line from a woman whom the OCR would recognise as Jewish; or (ii) he or she has undertaken a qualifying course of Orthodox conversion.
E and M are both practising Masorti Jews.
E is recognised as Jewish by the OCR but Ms mother is of Italian and Catholic origin and converted to Judaism under the auspices of a non Orthodox synagogue.
Her conversion is not recognised by the OCR.
Ms application for admission to JFS was therefore rejected as he did not satisfy the OCR requirement of matrilineal descent.
E challenged the admissions policy of JFS as directly discriminating against M on grounds of his ethnic origins contrary to section 1(1)(a) of the Race Relations Act 1976 (the 1976 Act).
Alternatively, E claimed that the policy was indirectly discriminatory.
The High Court rejected both principal claims.
The Court of Appeal unanimously reversed the High Court, holding that JFS directly discriminated against M on the ground of his ethnic origins.
JFS appealed to the Supreme Court.
The United Synagogue also appealed a costs order made against it by the Court of Appeal.
The Supreme Court has dismissed the appeal by The Governing Body of JFS.
On the direct discrimination issue, the decision was by a majority of five (Lord Phillips, Lady Hale, Lord Mance, Lord Kerr and Lord Clarke) to four (Lord Hope, Lord Rodger, Lord Walker and Lord Brown).
The Majority held that JFS had directly discriminated against M on grounds of his ethnic origins.
Lords Hope and Walker in the minority would have dismissed the appeal on the ground that JFS had indirectly discriminated against M as it had failed to demonstrate that its policy was proportionate.
Lords Rodger and Brown would have allowed JFSs appeal in its entirety.
The Supreme Court unanimously allowed in part the United Synagogues appeal on costs.
The Majority Judgments The judgments of the Court should not be read as criticising the admissions policy of JFS on moral grounds or suggesting that any party to the case could be considered racist in the commonly understood, pejorative, sense.
The simple legal question to be determined by the Court was whether in being denied admission to JFS, M was disadvantaged on grounds of his ethnic origins (or his lack thereof) (paras [9], [54], [124] and [156]).
Direct Discrimination General Principles In determining whether there is direct discrimination on grounds of ethnic origins for the purposes of the 1976 Act, the court must determine, as a question of fact, whether the victims ethnic origins are the factual criterion that determined the decision made by the discriminator (paras [13], [16], [20] and [62]).
If so, the motive for the discrimination and/or the reason why the discriminator considered the victims ethnic origins significant is irrelevant (paras [20], [22], [62] and [142]).
Where the factual criteria upon which discriminatory treatment is based are unclear, unconscious or subject to dispute the court will consider the mental processes of the discriminator in order to infer as a question of fact from the available evidence whether there is discrimination on a prohibited ground (paras [21], [64], [115] and [133]).
It is only necessary to consider the mental processes of the discriminator where the factual criteria underpinning the discrimination are unclear (para [114]).
To treat an individual less favourably on the ground that he lacks certain prescribed ethnic origins constitutes direct discrimination.
There is no logical distinction between such a case and less favourable treatment predicated upon the fact that an individual does possess certain ethnic origins (paras [9] and [68]).
Direct discrimination does not require that the discriminator intends to behave in a discriminatory manner or that he realises that he is doing so (para [57]).
There is no need for any consideration of mental processes in this case as the factual criterion that determined the refusal to admit M to JFS is clear: the fact that he is not descended in the matrilineal line from a woman recognised by the OCR as Jewish.
The subjective state of mind of JFS, the OCR and/or the Chief Rabbi is therefore irrelevant (paras [23], [26], [65], [78], [127], [132], [136], [141] and [147] [148]).
The crucial question to be determined is whether this requirement is properly characterised as referring to Ms ethnic origins (paras [27], [55] and [65]).
Application in This Case The test applied by JFS focuses upon the ethnicity of the women from whom M is descended.
Whether such women were themselves born as Jews or converted in a manner recognised by the OCR, the only basis upon which M would be deemed to satisfy the test for admission to JFS would be that he was descended in the matrilineal line from a woman recognised by the OCR as Jewish (para [41] per Lord Phillips).
It must also be noted that while it is possible for women to convert to Judaism in a manner recognised by the OCR and thus confer Orthodox Jewish status upon their offspring, the requirement of undergoing such conversion itself constitutes a significant and onerous burden that is not applicable to those born with the requisite ethnic origins this further illustrates the essentially ethnic nature of the OCRs test (para [42] per Lord Phillips).
The test of matrilineal descent adopted by JFS and the OCR is one of ethnic origins.
To discriminate against a person on this basis is contrary to the 1976 Act (para [46] per Lord Phillips).
The reason that M was denied admission to JFS was because of his mothers ethnic origins, which were not halachically Jewish.
She was not descended in the matrilineal line from the original Jewish people.
There can be no doubt that the Jewish people are an ethnic group within the meaning of the 1976 Act.
While JFS and the OCR would have overlooked this fact
if Ms mother had herself undergone an approved course of Orthodox conversion, this could not alter the fundamental nature of the test being applied.
If Ms mother herself was of the requisite ethnic origins in her matrilineal line no conversion requirement would be imposed.
It could not be said that M was adversely treated because of his religious beliefs.
JFS and the OCR were indifferent to these and focussed solely upon whether M satisfied the test of matrilineal descent (paras [66] and [67] per Lady Hale).
Direct discrimination on grounds of ethnic origins under the 1976 Act does not only encompass adverse treatment based upon membership of an ethnic group defined in the terms elucidated by the House of Lords in Mandla v Dowell Lee [1983] 2 AC 548.
The 1976 Act also prohibits discrimination by reference to ethnic origins in a narrower sense, where reference is made to a persons lineage or descent (paras [80] [84] per Lord Mance).
The test applied by JFS and the OCR focuses on genealogical descent from a particular people, enlarged from time to time by the assimilation of converts.
Such a test is one that is based upon ethnic origins (para [86] per Lord Mance).
This conclusion is buttressed by the underlying policy of the 1976 Act, which is that people must be treated as individuals and not be assumed to be like other members of a group: treating an individual less favourably because of his ancestry ignores his unique characteristics and attributes and fails to respect his autonomy and individuality.
The UN Convention on the Rights of the Child requires that in cases involving children the best interests of the child are the primary consideration (para [90] per Lord Mance).
The reason for the refusal to admit M to JFS was his lack of the requisite ethnic origins: the absence of a matrilineal connection to Orthodox Judaism (para [112] per Lord Kerr).
Ms ethnic origins encompass, amongst other things, his paternal Jewish lineage and his descent from an Italian Roman Catholic mother.
In denying M admission on the basis that he lacks a matrilineal Orthodox Jewish antecedent, JFS discriminated against him on grounds of his ethnic origins (paras [121] [122] per Lord Kerr).
It might be said that the policy adopted by JFS and the OCR was based on both ethnic grounds and grounds of religion, in that the reason for the application of a test based upon ethnic origins was the conviction that such a criterion was dictated by Jewish religious law.
The fact that the rule adopted was of a religious character cannot obscure or alter the fact that the content of the rule itself applies a test of ethnicity (paras [129] [131] per Lord Clarke).
The fact that a decision to discriminate on racial grounds is based upon a devout, venerable and sincerely held religious belief or conviction cannot inoculate or excuse such conduct from liability under the 1976 Act (paras [35], [92], [113] and [119] [120]).
Further Comments It is not clear that the practice based test adopted by JFS following the Court of Appeals judgment will result in JFS being required to admit children who are not regarded by Jewish by one or more of the established Jewish movements (para [50] per Lord Phillips).
It may be arguable that an explicit exemption should be provided from the provisions of the 1976 Act in order to allow Jewish faith schools to grant priority in admissions on the basis of matrilineal descent; if so, formulating such an exemption is unquestionably a matter for Parliament (paras [69] [70] per Lady Hale).
Indirect Discrimination As the case is one of impermissible direct discrimination it is unnecessary to address the claim of indirect discrimination (para [51] per Lord Phillips).
Direct and indirect discrimination are mutually exclusive; both concepts cannot apply to a single case concurrently.
As this case is one of direct discrimination it could not be one of indirect discrimination (para [57] per Lady Hale).
Ex hypothesi, if the case was not direct discrimination, then the policy was indirectly discriminatory (para [103]).
The policy pursued the legitimate aim of effectuating the obligation imposed by Jewish religious law to educate those regarded by the OCR as Jewish (paras [95] [96]).
However, JFS had not, and on the basis of the evidence before the court could not, demonstrate that the measures it adopted, given the gravity of their adverse effect upon
individuals such as M, were a proportionate means of pursuing this aim (paras [100] [103], [123] and [154]).
The Minority Judgments Direct Discrimination In identifying the ground on which JFS refused to admit M to the school the Court should adopt a subjective approach which takes account of the motive and intention of JFS, the OCR and the Chief Rabbi (para [195] [197] per Lord Hope).
In the instant case JFS, the OCR and the Chief Rabbi were subjectively concerned solely with Ms religious status, as determined by Jewish religious law.
There is no cause to doubt the Chief Rabbis frankness or good faith on this matter (para [201] per Lord Hope).
The availability of conversion demonstrates that the test applied is inherently of a religious rather than racial character (para [203] per Lord Hope).
It is inapt to describe the religious dimension of the test being applied by JFS as a mere motive (paras [201] per Lord Hope; [227] per Lord Rodger).
The appropriate comparator for M in this case is a child whose mother had converted under Orthodox Jewish auspices.
The ground of difference in treatment between M and such a child would be that the latters mother had completed an approved course of Orthodox conversion (paras [229] [230] per Lord Rodger).
Indirect Discrimination Lords Hope and Walker Clearly, children who were not of Jewish ethnic origin in the matrilineal line were placed at a disadvantage by JFSs admission policy relative to those who did possess the requisite ethnic origins (para [205]).
JFSs policy pursued the legitimate aim of educating those regarded as Jewish by the OCR within an educational environment espousing and practising the tenets of Orthodox Judaism (para [209]).
The 1976 Act placed the onus on JFS to demonstrate that in formulating its policy it had carefully considered the adverse effect of its policy on M and other children in his position and balanced this against what was required to give effect to the legitimate aim which it sought to further (para [210]).
There is no evidence that JFS considered whether less discriminatory means might be adopted which would not undermine its religious ethos: the failure to consider alternate, potentially less discriminatory, admission policies means that JFS is not entitled to a finding that the means which it has employed are proportionate (paras [212] and [214]).
Lords Rodger and Brown The objective pursued by JFSs admission policy educating those children recognised by the OCR as Jewish was irreconcilable with any approach that would give precedence to children not recognised as Jewish by the OCR in preference to children who were so recognised.
JFSs policy was therefore a rational way of giving effect to the legitimate aim pursued and could not be said to be disproportionate. (para [233] per Lord Rodger; para [256] per Lord Brown).
The United Synagogue Costs Appeal The United Synagogue must pay 20 per cent. of Es costs from the Court of Appeal but not those incurred in the High Court.
The 20 per cent. of Es costs in the High Court previously allocated to the United Synagogue must be borne by JFS in addition to the 50 per cent. that it has already been ordered to pay (para [217]).","['UK-Abs:uksc-2009-0105:retrieval-0216', 'UK-Abs:uksc-2009-0105:retrieval-0140', 'UK-Abs:uksc-2009-0105:retrieval-0199', 'UK-Abs:uksc-2009-0105:retrieval-0003', 'UK-Abs:uksc-2009-0105:retrieval-0074', 'UK-Abs:uksc-2009-0105:retrieval-0096']"
LQA-043,Case background: It was urged that since section 114 of the Evidence Act did not lay down definitely the presumption to be drawn in a given set of circumstances it was necessary always to start with the lesser presumption and draw the higher presumption only when there was some other... What chain of judicial reasoning led from the material facts to the final decision?,hard,judicial_reasoning,True,answer_with_supported_citations,test_in_abs,IN-Abs,India,2796,80c60888698602a5ab88db37624e9c594cd4e863671ff516ea613014f1f08ce7,IN-Abs:2796:reference,abb646ac75d46a021802931dcb43cb52909a86109b9422e889407552a5c869cc,,"Two carts loaded with cloth returning alongwith others from a weekly village market were looted by 20 or more persons.
The houses of 20 persons including the 14 appellants were searched and the looted cloth was recovered from their Possession.
They were tried and held guilty Linder section 395 of the Indian Penal Code.
The High Court dismissed their appeals.
In appeal by special leave to this Court their only contention was that in the absence of other evidence connecting them with the dacoity, the presumption to be drawn from the possession of stolen clothes ought to have been one under section 411 of he Indian Penal Code or at the most under section 412 of the Indian Penal Code and not of complicity in the crime of dacoity.
It was urged that since section 114 of the Evidence Act did not lay down definitely the presumption to be drawn in a given set of circumstances it was necessary always to start with the lesser presumption and draw the higher presumption only when there was some other evidence to.
show the complicity of the persons in the crime itself.
HELD : If there is other evidence to connect an accused with the crime itself, however small, the finding of the stolen property with him is a piece of evidence which connects him further with the crime.
There is then no question of presumption.
The evidence strengthens the other evidence already against him.
It is only when the accused cannot be conis stronger than if there is a large gap of time.
Disposal of the fruits of crime that the presumption may be drawn.
In what circumstances the one presumption or the other may be drawn will differ from case to case [722 D] When the discovery of the fruits of crime is made immediately after the commission of the crime the presumption of complicity in the crime nected with the crime except by reason of possession of the fruits of crime requires the finding of a person ready to receive them and the 'shortness of time, the nature of the property which is disposed of, that is to say, its quality and character determine whether the person who had the goods in his possession received them from another or was himself the thief or dacoit, [722 F] In the present case the offence was committed at night by as many as 'IO persons or more.
Shortly after the offence the houses of 20 persons were searched and large quantities of the stolen goods were found in their houses.
It was impossible that these 20 persons were merely 'receivers of stolen property from some other 20 persons who were the decoits.
It was legitimate therefore to raise the presumption in this case that the persons with whom the goods were found were the dacoits themselves.
[723 A B]","['IN-Abs:2796:retrieval-0000', 'IN-Abs:2796:retrieval-0001', 'IN-Abs:2796:retrieval-0004', 'IN-Abs:2796:retrieval-0005', 'IN-Abs:2796:retrieval-0002', 'IN-Abs:2796:retrieval-0003']"
LQA-044,"Case background: she and her daughter-in-law sheela devi were sleeping in her house,around 11.30 pm,the appellant jumped over the front wall of her house and broke the bulbs and ran away... How did the court evaluate the principal arguments advanced by each side?",hard,arguments_and_reasoning,True,answer_with_supported_citations,test_in_ext_expert,IN-Ext,India,2010_S_431,537683fb7e76c2575884570c02e7ff17c001295225b860d91a6ad3023e59c7f7,IN-Ext:2010_S_431:A1,cdadf3e020a809b4d474773151d2a1a6080e376032636c5ad57356ec14d2c858,,"FACTS
an fir was registered on 23.3.1996 on the statement of one prakashi devi. she stated that on the night of 22/23.3.1996,while. she and her daughter-in-law sheela devi were sleeping in her house,around 11.30 pm,the appellant jumped over the front wall of her house and broke the bulbs and ran away; that around 00.30 am the appellant again came into her house and touched her daughter-in-law sheela devi who woke up and raised an alarm; and that the appellant immediately ran away.
the police investigated into the said complaint and submitted a report u/s.173 of the code of criminal procedure .
the judicial magistrate,first class,karnal charged him under section 452 ipc and section 354 ipc.
when the said charged was read over and explained to the appellant,he pleaded not guilty to the said charge and claimed trial.
prakashi devi was examined as pw-1.
that order is challenged by the accused.

ISSUE
when the charge is that the accused assaulted 'x' and outraged her modesty,but the evidence is that he assaulted 'y' to outrage her modesty,can the accused be punished,for having assaulting and outraging the modesty of 'y',even though he was not charged with any offence with reference to 'y',on the ground that the error or omission in the charge did not prejudice the accused or result in failure of justice.

ANALYSIS
the following principles relating to sections 212,215 and 464 of the ipc ,relevant to this case,become evident from the said enunciations:
(i. the object of framing a charge is to enable an accused to have a clear idea of what he is being tried for and of the essential facts that he has to meet.
the charge must also contain the particulars of date,time,place and person against whom the offence was committed,as are reasonably sufficient to give the accused notice of the matter with which he is charged.
ii. the accused is entitled to know with certainty and accuracy,the exact nature of the charge against him,and unless he has such knowledge,his defence will be prejudiced.
where an accused is charged with having committed offence against one person but on the evidence led,he is convicted for committing offence against another person,without a charge being framed in respect of it,the accused will be prejudiced,resulting in a failure of justice.
but there will be no prejudice or failure of justice where there was an error in the charge and the accused was aware of the error.
such knowledge can be inferred from the defence,that is,if the defence of the accused showed that he was defending himself against the real and actual charge and not the erroneous charge.
iii. in judging a question of prejudice,as of guilt,the courts must act with a broad vision and look to the substance and not to the technicalities,and their main concern should be to see whether the accused had a fair trial,whether he knew what he was being tried for,whether the main facts sought to be established against him were explained to him fairly and clearly,and whether he was given a full and fair chance to defend himself.
the charge was that appellant committed trespass into the house of prakashi devi for assaulting prakashi devi,and assaulted the said prakashi devi and outraged her modesty.
the accused concentrated his cross-examination with reference to the said charge and elicited answers showing that he did not assault or outrage the modesty of prakashi devi.
he did not try to challenge the evidence let in to show that he had tried to outrage the modesty of sheela devi,as he was not charged with such an offence.
the evidence of pw-1 and pw-2 was that the appellant did not touch or tease or abuse prakashi devi.
their evidence was that he touched/caught the hand of sheela devi and when she raised an alarm he ran away.
when the charge was that the accused attempted to commit trespass into the house of prakashi devi with intent to outrage the modesty of prakashi devi,the conclusion of the appellate court and the high court that there was no failure of justice if he is punished for the offence of having assaulted sheela devi and outraging her modesty,is opposed to principles of fair play and natural justice embodied in sections 211,212,215 and 464 of the code.
when the accused is charged with having entered the house of prakashi devi and assaulted the said prakashi devi with intent to outrage her modesty and when the accused defended himself in regard to the said charge and concentrated on proving that the said charges were not true,he cannot be convicted for having assaulted and outraging the modesty of someone else,namely sheela devi.
the accused did not have any opportunity to meet or defend himself against the charge that he assaulted sheela devi and outraged her modesty.
nor did he proceed with his defence on the understanding that he was being charged with having committed the offence with reference to sheela devi.
one of the fundamental principles of justice is that an accused should know what is the charge against him so that he can build his defence in regard to that charge.
an accused cannot be punished for committing an offence against 'y' when he is charged with having committed the offence against 'x' and the entire defence of the accused was with reference to charge of having committed offence against 'x.
in view of the specific charge,the accused concentrated on showing that the charge was false.
he did not attempt to meet the case made out in the trial that the offence was against sheela devi.
the accused was thus clearly misled by the error in the charge which caused prejudiced to the accused thereby occasioning failure of justice.
therefore, there should be a new trial after charging him with the offence of outraging the modesty of sheela devi.

STATUTE
s.211 of the ipc relates to the contents of the charge.
it inter alia provides that every charge under the code shall state the offence with which the accused is charged.
s.212 of the ipc provides that the charge shall contain the particulars as to the time and place of the alleged offence,and the person (if any) against whom,or the thing (if any) in respect of which,it was committed,as are reasonably sufficient to give the accused notice of the matter with which he is charged.
s.215 of the ipc however clarifies that no error in stating either the offence or the particulars required to be stated in the charge,and no omission to state the offence or those particulars,shall be regarded at any stage of the case as material,unless the accused was in fact misled by such error or omission,and it has occasioned a failure of justice.
s.464 of the ipc relates to effect of omission to frame,or absence of,or error in,charge.","['IN-Ext:2010_S_431:retrieval-0000', 'IN-Ext:2010_S_431:retrieval-0001', 'IN-Ext:2010_S_431:retrieval-0002', 'IN-Ext:2010_S_431:retrieval-0040', 'IN-Ext:2010_S_431:retrieval-0042', 'IN-Ext:2010_S_431:retrieval-0051']"
LQA-045,"Case background: Mr Amjid Khan was behind the kiosk desk, employed by the Respondent to see that petrol pumps and the kiosk were kept in good order and to serve customers. How did the facts, governing law and judicial reasoning combine to determine the result?",hard,multi_issue_synthesis,True,answer_with_supported_citations,test_uk_abs,UK-Abs,United Kingdom,uksc-2014-0087,6ec8e652da6d2a0b78bdefaa8ff48d4556f98eedd1850aa76276d21074ed3dac,UK-Abs:uksc-2014-0087:reference,d9882fb0113a8e1abf3a8052e991644dc369e0e9ac8345c485ddd0e5ded67488,,"On 15 March 2008 the Claimant entered the Respondents premises in Small Heath, Birmingham which include a petrol station and a kiosk where customers pay for their purchases.
Having parked his car he entered the kiosk to ask whether he could print some documents from a USB stick.
Mr Amjid Khan was behind the kiosk desk, employed by the Respondent to see that petrol pumps and the kiosk were kept in good order and to serve customers.
Mr Khan refused the Claimants request in a rude manner, at which the Claimant protested.
Mr Khan responded in foul, racist and threatening language and ordered the Claimant to leave.
The Claimant returned to his car followed by Mr Khan.
Before the Claimant could drive off, Mr Khan opened the passenger door, told the Claimant in threatening words never to return and punched him on the left temple.
The Claimant got out and walked round to close the passenger door when Mr Khan subjected him to a serious attack.
The Claimant had not done anything which could be considered aggressive or abusive.
The Claimant brought proceedings against the Respondent on the basis that it was vicariously liable for the actions of its employee Mr Khan.
The trial judge dismissed the claim because he considered that there was an insufficiently close connection between what Mr Khan was employed to do and his tortious conduct in attacking the Claimant for the Respondent to be liable.
The Court of Appeal upheld the judges decision.
The Claimant appealed, challenging whether the close connection test was the appropriate standard to apply and also arguing that his claim should have succeeded in any event.
The Supreme Court unanimously allows the Claimants appeal and holds the Respondent vicariously liable for the actions of its employee, Mr Khan, in attacking the Claimant.
Lord Toulson gives the lead judgment.
The close connection test has been followed at the highest level [42] and there is nothing wrong with it as such [46].
In the present case, the court has to consider two matters.
First, the court must ask what function or field of activities has been entrusted by the employer to the employee (i.e. what was the nature of his job).
This is to be viewed broadly [44].
Second, the court must decide whether there was a sufficient connection between the position in which he was employed and his wrongful conduct to make it right for the employer to be held liable [45].
Applying that test here, it was Mr Khans job to attend to customers and respond to their inquiries.
His conduct in responding to the Claimants request with abuse was inexcusable, but interacting with customers was within the field of activities assigned to him by his employer.
What happened thereafter was an unbroken sequence of events.
The connection between the field of activities assigned to Mr Khan and his employment did not cease at the moment when he came out from behind the counter and followed the Claimant onto the forecourt.
There are two reasons to draw this conclusion.
First, it is not correct to regard Mr Khan as having metaphorically taken off his uniform the moment he stepped out from behind the counter he was following up on what he said to the Claimant.
Secondly, when Mr Khan followed the Claimant to his car and told him not to come back to the petrol station, that was not something personal between them, but an order to keep away from his employers premises.
In giving the order he was purporting to act about his employers business [47].
Mr Khans motive in the attack is irrelevant.
It does not matter whether he was motivated by personal racism rather than a desire to benefit his employers business [48].
Lord Dyson agrees with the reasons given by Lord Toulson [57] and emphasises that the close connection test is the correct test to apply [53].","['UK-Abs:uksc-2014-0087:retrieval-0001', 'UK-Abs:uksc-2014-0087:retrieval-0002', 'UK-Abs:uksc-2014-0087:retrieval-0034', 'UK-Abs:uksc-2014-0087:retrieval-0003', 'UK-Abs:uksc-2014-0087:retrieval-0033', 'UK-Abs:uksc-2014-0087:retrieval-0004']"
LQA-046,Case background: The Bench Secretaries made a representation to the Government that they be put at par with the Section Officers if not on a higher scale. Which factual circumstances were important to resolving the case?,easy,facts,True,answer_with_supported_citations,test_in_abs,IN-Abs,India,5861,81f449079376520254225e07a4a08c169f8b55dad36f378449ccb7bfe2c15de4,IN-Abs:5861:reference,36f13b5baf0f43e48f6ef56badc498a852ab9cb225af54b9c425e8317217e45a,,"Prior to 1955, the Bench Secretaries in the Allahabad High Court were on a higher pay scale than that of the Section Officers.
In 1965, the State Government appointed a Pay Rationalisation Committee to consider the duties and responsibilities of different categories of posts and recommend changes.
The Committee recommended for the Bench Secretaries a pay scale lower than that of the Section Officers.
The Bench Secretaries made a representation to the Government that they be put at par with the Section Officers if not on a higher scale.
The Government appointed Pay Commission (l971 72).
The Pay Commission did not accept the claim of the Bench Secretaries.
The Bench Secretaries again moved the Government reiterating their demand, whereupon an ""Anomalies Committee"" was constituted.
The Committee rejected the claim of the Bench Secretaries for placing them at par with the Section Officers, but suggested that ten posts of Bench Secretaries be upgraded.
The Government accepted the recommendation and issued orders upgrading ten posts of Bench Secretaries to be called Bench Secretaries grade I, giving the nomenclature of Bench Secretaries grade Il to the rest of Secretaries.
The Bench Secretaries grade II moved the High Court under Article 226 of the Constitution, challenging the bifurcation of their cadre into grade I & grade 11.
The High Court quashed the notification which created Bench Secretaries grade 1.
The State of l, '.P., aggrieved by the decision of the High Court, appealed to this Court.
PG NO 288 PG NO 289 Two questions arose for consideration (i) whether the Bench Secretaries were entitled to pay scales admissible to Section officers, and (11) whether the creation of two grades with different pay scales in the cadre of Bench Secretaries doing the same or similar work was violative of the ""equal pay for equal work"".
Allowing the appeal, the Court, HELD:(I) It requires of duties and responsibilities of the respective posts.
Functions of two posts may appear to be the same or similar, but there may be a difference in the performance.
Quantity of work may be the same but quality may be different.
The equation of posts of equation of pay must be determined by expert bodies, like pay commissions.
If there is any determination by a Commission or Committee, the Court should normally accept it and not tinker with it unless it is shown to be made with extraneous consideration.
[298G H;299A B] The Bench Secretaries were paid more emoluments than the section Officers, but it was not known on what basis and how they were treated superior to Section Officers.
The Successive Pay Commission and the Pay Rationalisation Committee found no support to their superior claim.
The Court could not go against that opinion.
The Bench Secretaries could as of right the pay scale admissible to the Section Officers.
[299C D] (2) The second question formulated affected the civil services in general.
All the Bench Secretaries concerned were indisputably having the same duties.
They had been bifurcated into two grades with different pay scales grade I with higher pay scale and grade II which was said to offend the constitutional principle of ""equal pay for equal work"".
[299E G] Article 39(d) of the Constitution, which proclaims ""equal pay for equal work"" and other like provisions in the Directive Principles, are rooted in Social Justice, intended to bring about a socio economic trans formation in society.
In matters of employment, it must be ensured that there is no exploitation of the poor and ignorant.
It is the duty of the State to see that the under privileged or weaker section get their dues.
Against this background the principle of ""equal pay for equal work"" has to be construed.
This principle has no mechanical application in every ca8e of similar work.
It has to be read into Article 14 of the Constitution, which permits reasonable classification founded on different basis.
[303C E] PG NO 290 The classification can be based on some qualities or characteristics of persons grouped together and not in others left out.
Those qualities or characteristics must have a reasonable relation to the object to be achieved.
In service matters, merit or experience could be the proper basis for classification to promote efficiency.
It cannot be denied that the quality of work performed by persons of longer experience is Superior to the work of new comers.
Higher pay scale to avoid stagnation or resultant frustration for lack of promotional evenues is common in career service.
Entitlement to higher pay scales depends upon seniority cum merit or merit cum seniority.
The differentiation so made in the same cadre will not amount to discrimination.
Classification based on experience is a reasonable classification having a rational nexus with the object thereof.
To hold otherwise, would be detrimental to the interest of the Service itself.
[303F H; 304A B] The Bench Secretaries might do the same work, but their quality of work might differ.
The Rule framed by the Chief Justice of the High Court make a proper classification for the purpose of entitlement to higher pay scale.
The High Court overlooked the criterion provided under the Rules.
Merit governs the grant of higher pay scale.
Classification made under the Rules could not be said to be violative of the right to have equal pay for equal work.
[305A C] Randhir Singh vs Union of India & Ors.
, ; ;Ram Chandra vs Union of lndia; , ; P. Savita vs Union of India, [1985] Suppl.
(1) SCR 101; Dhirendra Chamoli & Anr.
vs State of U.P., ; Surinder Singh vs Engineer in Chief, CPWD, ; R.D. Gupta & Ors.
vs Lt. Governor of Delhi, ; ; Bhagwan Das & Ors.
vs State of Haryana, [1987] 4 SCC 634; National Museum Non Gazetted Employees Association & Anr.
vs Union of India, (WP No. 1230 of 1987 disposed of by the Supreme Court on 10.2.1988); Jaipal & Ors.
vs State of Haryana, (WP No. 455 and connected petitions of 1987 disposed of by the Supreme Court on 2.6.1988); Y.K. Mehta vs Union of India, (W P No. 1239 of 1979 and connected petitions disposed of bay supreme Court on 26.8.1988); Keshavananda Bharati vs State of Kerala, [1973] 4 SCC 225 at para 712; All India Customs and Central Excise Stenographers (Recognised) and Others vs Union of India & Ors., [1988] (2) Judgments Today SC p. 519, referred to.","['IN-Abs:5861:retrieval-0000', 'IN-Abs:5861:retrieval-0006', 'IN-Abs:5861:retrieval-0012', 'IN-Abs:5861:retrieval-0014', 'IN-Abs:5861:retrieval-0009', 'IN-Abs:5861:retrieval-0004']"
LQA-047,"Case background: he is the managing director of a company,registered and incorporated under the provisions of the companies act,known as m/s sundesh springs private limited. What was the relevant procedural history before the final appeal?",easy,procedural_history,True,answer_with_supported_citations,test_in_ext_expert,IN-Ext,India,2006_A_36,57dcfcc6d9486e45333c00b3a61624ab3c49b12319993ba105d35341ea46e1e0,IN-Ext:2006_A_36:A1,ecb8ed46a6e7ab5f8cdaef3dd4e46806ae518c3102e4945b4cfcaf6d26b5e011,,"FACTS
appellant was detained u/s.3 of the conservation of foreign exchange and prevention of smuggling activities. act,1974. for short ""cofeposa.
he is the managing director of a company,registered and incorporated under the provisions of the companies act,known as m/s. sundesh springs private limited.
it was an exporter and held a valid licence therefor. the company was to export products of alloy steel.
upon exporting of alloy steel,it was entitled to credits under the duty entitlement pass book (depb. scheme introduced by the government of india with an object of encouraging exports.
he allegedly misdeclared both the value and description of goods upon procuring fake and false bills through one prabhjot singh.
the said prabhjot singh was said to have been operating three firms,viz. m/s. s.p.industrial corporation,m/s. aaysons (india) and m/s. p.j.sales corporation,ludhiana.
it was allegedly found that non-alloy steel,bars,rods,etc.of value ranging from rs.15/-to rs.17/-per kg.were exported in the guise of alloy steel forgings,bars,rods,etc.by declaring their value thereof from rs.110/-to rs.150/-per kg.and the export proceeds over and above the actual price were being routed through hawala channel.
the officers of the directorate of revenue intelligence (dri) searched the factory as well as the residential premises of appellant and that of prabhjot singh.
various incriminating documents were recovered.
appellant and the said prabhjot singh made statements u/s.108 of the customs act.
prabhjot singh allegedly admitted to have supplied fake bills to units owned and controlled by appellant on commission basis without actual supply of the goods.
it was also found that appellant had declared goods exported as ""alloy steel"" whereas after the tests conducted by central revenue control laboratory,they were found to be ""other than alloy steel"",i.e.,non-alloy.

ARGUMENT
the principal ground urged on behalf of appellant in questioning the legality or validity of the order of detention was unexplained delay in passing the order of detention which did not find favour with the high court.
the learned additional solicitor general,who appeared on behalf of respondent has drawn our attention to a long list of dates showing that searches were conducted and statements of a large number of persons had to be recorded.
the final order of detention was preceded not only on the basis of raids conducted in various premises,recording of statements of a large number of witnesses,carrying on intensive inquiries both within india and outside india,obtaining test reports from three different laboratories but also the fact that despite notices appellant and his associates did not cooperate with the investigating authorities.
they initiated various civil proceedings from time to time,obtained various interim orders and,thus,delay in passing the order of detention cannot be said to have not been explained.
learned counsel would contend that keeping in view the nature and magnitude of an offence under cofeposa,a distinction must be made between an order of detention passed under cofeposa vis-a-vis other acts as per the law laid down by this court in rajendrakumar natvarlal shah v. state of gujarat and others [(1988) 3 scc 153 1988 indlaw sc 71] and in that view of the matter the high court must be held to have arrived at a correct decision.

ISSUE
the question of unexplained delay.

ANALYSIS
the authorities of the dri by a letter dated 28.02.2005 requested the bank to defreeze the bank accounts of appellant.
the said documents,in our opinion,were material.
it was,therefore,difficult to appreciate why order of detention could not be passed on the basis of the materials gathered by them.
it is no doubt true that if the delay is sufficiently explained,the same would not be a ground for quashing an order of detention under cofeposa,but as in this case a major part of delay remains unexplained.
delay,as is well known,at both stages has to be explained.
the court is required to consider the question having regard to the overall picture.
the authorities of dri themselves categorically stated that the activities of appellant after 11.10.2003 were not in question and in fact all the bank accounts were defreezed.
although learned additional solicitor general may be correct in his submissions that ordinarily we should not exercise our discretionary jurisdiction u/art.136 of the constitution of india by allowing appellant to raise new grounds but,in the court’s opinion,they have to do so as an order of detention may have to be considered from a different angle.
it may be true that the period of detention is over.
it may further be true that appellant had remained in detention for the entire period but it is one thing to say that the writ of habeas corpus in this circumstances cannot issue but it is another thing to say that an order of detention is required to be quashed so as to enable the detainee to avoid his civil liabilities under safema as also protect his own reputation.
in a case of this nature,we do not think,in view of the admitted facts,that we would not permit appellant to raise the said questions.
the statements of appellant and the said prabhjot singh were recorded therein in extenso.
recording of such statement must have been made from the xeroxed copies of such documents which were available with the detaining authority.
the self-inculpatory statements of appellant as also prabhjot singh purported to have been made in terms of s.108 of the customs act were required to be considered before the order of detention could be passed.
the same was not done.
the original of such documents might not been available with the detaining authority but admittedly the xeroxed copies were.
it has not been denied or disputed that even the xeroxed copies of the said documents had not been supplied to the detenue.
it may be true that appellant in his representation dated 14.06.2005 requested for showing him the original documents referred to or mentioned in the grounds of detention but then at least the xeroxed copies thereof should have been made available to him.
it is a trite law that all documents which are not material are not necessary to be supplied.
what is necessary to be supplied is the relevant and the material documents,but,thus,all relevant documents must be supplied so as to enable the detenue to make an effective representation which is his fundamental right u/art.22(5) of the constitution of india.
right to make an effective representation is also a statutory right.[see sunila jain v. 2006) 3 scc 321 2006 indlaw sc 65.
in this case,the statements of appellant and prabhjot singh, ,were material.
they could not have been withheld.
if original of the said documents were not available,xeroxed copies thereof could have been made available to him.
the detaining authority moreover while relying on the said documents in one part of the order of detention could not have stated in another part that he was not relying thereupon.
the very fact that he had referred to the said statements in ex tenso is itself a pointer to the fact that he had relied upon the said documents.
even in the earlier part of the impugned order of detention,i.e.detaining authority appears to have drawn his own conclusions.

STATUTE
this appeal,however,has been pressed as a proceeding under the smugglers and foreign exchange manipulators (forfeiture of property) act,1976 (for short ""safema""),has been initiated against appellant.","['IN-Ext:2006_A_36:retrieval-0000', 'IN-Ext:2006_A_36:retrieval-0001', 'IN-Ext:2006_A_36:retrieval-0002', 'IN-Ext:2006_A_36:retrieval-0038', 'IN-Ext:2006_A_36:retrieval-0037', 'IN-Ext:2006_A_36:retrieval-0005']"
LQA-048,"Case background: The Managers who received VAT from the ITCs paid it to the Commissioners, believing they were entitled to deduct from the VAT chargeable on their supplies to the ITCs (output tax) the tax which they had themselves paid on supplies received for the purposes of their businesses (input... What was the final holding and practical outcome for the parties?",easy,outcome,True,answer_with_supported_citations,test_uk_abs,UK-Abs,United Kingdom,uksc-2015-0057,70eac04b1eb98082e5ff353de80e9f21984cf088de225af094d6e379aef603a2,UK-Abs:uksc-2015-0057:reference,ac72d92772b6ca55be5e000342184171b96dfaf7538e93620dde5865950cd792,,"This appeal and cross appeal arise out of claims made by certain investment trust companies (the ITCs) for refunds of VAT which they had paid on the supply of investment management services from investment managers (the Managers).
The VAT transpired not to be due, because the supplies in question were exempt from VAT under EU law.
The Managers who received VAT from the ITCs paid it to the Commissioners, believing they were entitled to deduct from the VAT chargeable on their supplies to the ITCs (output tax) the tax which they had themselves paid on supplies received for the purposes of their businesses (input tax).
Out of a notional 100 received from the ITCs, the Managers might have therefore accounted to the Commissioners for only 75 after deducting 25 in respect of input tax.
When it transpired that the supplies were VAT exempt, the Managers made claims to the Commissioners for refunds under s.80 of the VAT Act 1994, and passed on the refunded VAT and interest to the ITCs.
However, under the statute, the Managers were only entitled to a refund of the VAT they had actually paid the Commissioners (i.e. the notional 75).
In addition, they could not claim refunds in relation to accounting periods excluded by the three year statutory limitation period under s.80 (the dead periods).
The ITCs did not receive the full amount of VAT they had been mistakenly charged and brought proceedings against the Commissioners seeking remedies in unjust enrichment and EU law in respect of the notional 25 and the dead periods.
The judge found that the Commissioners had been enriched by the full amount of VAT the ITCs paid to the Managers (i.e the notional 100), but that the ITCs cause of action at common law was excluded by the statutory scheme, which protected the Commissioners from liability other than as provided in s.80.
EU law required that exclusion to be disapplied so as to permit a claim, but still subject to the limitation period in s.80.
The claim in relation to the dead periods was therefore dismissed, but payment of the notional 25 outside those periods was ordered.
Both sides appealed, and the Court of Appeal allowed both appeals.
The statutory scheme did not exclude a common law claim, but it was wrong to treat the Commissioners as having been enriched to the extent of the notional 100, where they had only received 75.
There was no claim in EU law for the remaining amounts retained by the Managers.
Judgment was given for the notional 75 claim in relation to the dead periods, and the claim for the notional 25 (for all periods) was dismissed.
The Supreme Court unanimously allows the Commissioners appeal and dismisses the ITCs cross appeal.
Lord Reed gives the judgment, with which the rest of the Court agrees.
The principal issues to be decided were (i) whether the ITCs in principle could make out a claim in unjust enrichment against the Commissioners, (ii) whether such a claim was excluded by the statutory scheme under s.80 and (iii) whether the lack of any such claim was incompatible with EU law.
The extent of the Commissioners enrichment was limited to the notional 75 which they received from the Managers.
It did not include the notional 25 which the Managers retained as an input tax credit, because that was not an amount which the Commissioners owed to the Managers: it was only deductible from output tax that was properly due [25 31].
As to whether the Commissioners enrichment was at the expense of the ITCs, there has been uncertainty surrounding the approach to be adopted.
It would be unwise to attempt a definitive statement of the circumstances in which the at the expense of requirement would be satisfied, but as a general rule it will be satisfied where there is a direct transfer of value from the claimant to the defendant, and in situations equivalent to direct transfers, for example where an agent is interposed, or where a series of coordinated transactions can be treated as a single transaction.
A further situation where the requirement is satisfied is where the claimant discharges a debt owed by the defendant to a third party.
The possibility of genuine exceptions to a direct provision rule should not be ruled out, but beyond direct transfers of value, or equivalent situations, it is generally difficult to maintain that the defendant has been enriched at the claimants expense.
For there to be a transfer of value, the claimant must incur a loss through the provision of the benefit: incidental benefits alone cannot constitute a transfer of value [32 66].
In the present case there is no direct transfer of value, or equivalent situation.
The ITCs payment to the Managers became part of the Managers general assets, and was not impressed with a special purpose trust, while the Managers VAT liability to the Commissioners arose independently of whether the ITCs actually paid VAT.
The two transactions are separate and cannot be collapsed into a single transfer of value from the ITCs to the Commissioners [67 74].
Even if the ITCs had in principle been able to make out a claim in unjust enrichment, such a claim would have been excluded by s.80.
The statute creates an exhaustive code of remedies not just for suppliers who have accounted to the Commissioners, but for the ultimate consumers as well.
This is because it set out arrangements for the supplier to reimburse the consumer, subject to a limitation period, removing the need for the consumer to have a direct remedy against the Commissioners.
Parliament cannot have intended this scheme for reimbursement of consumers to exist concurrently with non statutory liabilities that would be inconsistent with the rationale of the statutory scheme [75 88].
The application of the statutory scheme in the present case is compatible with EU law.
The European Court of Justice has accepted that in principle, a system under which only the supplier is entitled to seek reimbursement of VAT from the tax authorities, and the consumer can seek restitution from the supplier, meets the requirements of EU law.
In cases where the reimbursement of the consumer by the supplier would be impossible or excessively difficult, the principle of effectiveness would require that the consumer be able to bring a claim directly against the tax authorities.
That was not the case here, and it would not be appropriate to consider what the position would be in a hypothetical case where a supplier was insolvent [89 94].","['UK-Abs:uksc-2015-0057:retrieval-0005', 'UK-Abs:uksc-2015-0057:retrieval-0004', 'UK-Abs:uksc-2015-0057:retrieval-0015', 'UK-Abs:uksc-2015-0057:retrieval-0000', 'UK-Abs:uksc-2015-0057:retrieval-0017', 'UK-Abs:uksc-2015-0057:retrieval-0013']"
LQA-049,"Case background: In the instant case, the appointment of the respondent was indisputably in the nature of contract and under tile order of appointment he was entitled to continue in office in the post in question till 30th of August... What was the principal legal controversy before the court?",medium,legal_issue,True,answer_with_supported_citations,test_in_abs,IN-Abs,India,6270,8ec8709a99b348391a0545e22304fb4ccc41ab352d1f3d724106312443071045,IN-Abs:6270:reference,7fec2277b978f94420c29103927a7c5fda3e6931d4360cc747c3ae65ec5d4e82,,"Pursuant to a scheme enacted for the benefit of ex military officials the appellant State appointed the re spondent on 20.8.1979 as Secretary Zila Sainik Board on contract basis for a specified period which was further extended upto 30.8.1985.
On 29.3.1985 the services of the respondent were terminated.
The respondent filed a writ petition before the High Court challenging the termination order.
By an order dated 24.3.1988 the High Court set aside the termination order holding that the respondent was entitled to salary upto the period he was entitled to remain in service i.e. upto 30.8.1985.
The respondent preferred a Review Petition before the High Court contending that pursuant to the interim order dated 10.7.1986 passed by the High Court he was entitled to be reinstated in service even though there was no order of extension of service.
By an order dated 26.7.1988, the High Court allowed the Review Petition directing the appellant State to reinstate the respondent in service.
Hence this appeal by the State.
Allowing the appeal and setting aside the order passed on Review, this Court, HELD: 1.
In the instant case, the appointment of the respondent was indisputably in the nature of contract and under tile order of appointment he was entitled to continue in office in the post in question till 30th of August, 1985 and not beyond that date unless there was a further exten sion.
Since no order of extension had been sanctioned by 240 the Governor beyond 30th August, 1985 the respondent was entitled to the salary and allowances due to him till 30th of August, 1985 if tile order of termination of service was found to be an invalid one.
[242B; 244C] 1.1 The High Court was right in disposing of the Writ Petition on 24.3.1988 declaring that the respondent was entitled to salary upto the period he was entitled to remain in service, i.e. 30th August, 1985.
But it was not right in making an order on Review on 26.7.1988 relying upon the interim order dated 10.7.1986 which ' in the circumstances could not have the effect of controlling the jurisdiction of the High Court to dispose of the Writ Petition on merits as it did on 24.3.1988.
[245A B] 2.
The interim order passed by the High Court did not and could not amount to a direction that the respondent was entitled to be reinstated in service irrespective of the merits of the case and the extent of his right.
The order passed on review is wholly unsustainable.
[245C]","['IN-Abs:6270:retrieval-0000', 'IN-Abs:6270:retrieval-0001', 'IN-Abs:6270:retrieval-0007', 'IN-Abs:6270:retrieval-0003', 'IN-Abs:6270:retrieval-0002', 'IN-Abs:6270:retrieval-0006']"
LQA-050,"Case background: the government of gujarat in exercise of its power conferred upon it u/s65 of the gujarat town planning and urban development act,1976act made a scheme in respect of the town of umra,surat on 1.06.1999. How did the court interpret or apply rule 21 and rules 21(3) to resolve the dispute?",medium,statutory_interpretation,True,answer_with_supported_citations,test_in_ext_expert,IN-Ext,India,2008_S_1411,5b65c330d4d18b739c8c94f11531d58057d2ee330296ae7bb171f71732d2ad06,IN-Ext:2008_S_1411:A1,f1fc89016b92939eda33d04fa9da318a9436d922ad7ad8c641794975d8685c9d,,"FACTS
the government of gujarat in exercise of its power conferred upon it u/s.65 of the gujarat town planning and urban development act,1976act made a scheme in respect of the town of umra,surat on 1.06.1999.
plot nos.17/7 and 17/8 were owned by respondent no.4 herein.
appellant was a tenant under the said respondent in respect of plot no.17/8 admeasuring 1067 sq.m.
he used to run a business of marble and stone therein. a road widening project was proposed in terms of the said scheme.
notices therefor were issued both to the appellant as also the respondent no. appellant objected thereto.
he,however,did not pursue his case in regard to the proposal for widening of the road.
for the said public purpose,viz.,widening of the road,867 sq.m.of land was taken over leaving only 200 sq.m.of land.
with a view to give effect to the provisions of the act and the rules framed thereunder,proceedings were initiated for allotment of the said land in terms of the act.20% of the land was taken over without payment of any compensation.
the validity and/ or legality of the said notice was questioned by the appellant by filing a writ petition in the high court of gujarat inter alia contending that the purported final allotment of plot no.165 in favour of the respondent no.3 and allotment of final plot no.157 in favour of the respondent no.4 were made without issuing any notice as envisaged u/ss.52 and 53 of the act.

ARGUMENT
mr.u.u.lalit,learned senior counsel appearing on behalf of the appellant,in support of this appeal,inter alia would submit: ""(i. the provisions of ss.52 and 81 being imperative in character,no acquisition of land is permissible without service of any notice upon the persons interested which would include a tenant in occupation and carrying on business thereon.
ii. a tenant having regard to the provisions of the transfer of property act or otherwise having an interest in the property cannot be deprived therefrom without following the procedure established by law and without initiation of any proceedings for acquisition of land.
iii. the tenant's interest being distinct and separate could not have been held to be merged with the interest of the landlord,either for the purpose of allotment of a final plot or otherwise in favour of the landlord.
iv. appellant having a right over the remaining 200 sq.m.of the land of original plot no.17/8 should be allowed to continue thereupon and final allotment made in favour of the respondent no.3 to that extent should be cancelled.

ISSUE
interpretation and/ or application of the provisions of the gujarat town planning and urban development act,1976 and the rules framed thereunder known as the gujarat town planning and urban development rules,1979. for short ""the rules"") is in question in this appeal which arises out of a judgment by a division bench of the high court of gujarat .

ANALYSIS
the act was enacted to consolidate and amend the law relating to the making and execution of development plans and town planning schemes in the state of gujarat.
it is not necessary for us to delve deep into the statutory scheme.
rule 21 of the bombay rules makes it obligatory on the part of the officer to give notice of the date on which he will commence his duties and shall state therein the time,within which the owner of any property or rights which is injuriously affected by the making of the town planning scheme shall be advertised in one or more newspapers published in the regional language and circulating within the jurisdiction of the local authority and shall be posted in prominent places at or near the area comprised in the scheme and at the office of the town planning officer.
a town planning scheme,therefore,envisages calling for objection from the persons concerned for three purposes: ""(i) in regard to draft scheme; (ii) lodging of any claim for payment of compensation; (iii) participation in the matter of allotment of final plots.
rule 21 of the bombay rules provides for notice under sub-rule (3) thereof and a reasonable opportunity of hearing under sub-rule (5) thereof. sub-rule (3) of rule 21 of the bombay rules provides for issuance of a special notice upon the person interested in any plot or in any particular plot comprised in the scheme.
take notice of the decision of this court in mansukhlal jadavji. darji1991 indlaw sc 975 (supra) wherein this court opined that sub-rule (3) of rule 21 of the bombay rules was mandatory in nature,subject,of course,to the condition that on the crucial date,viz.,when the town planning scheme is notified in the official gazette,he,whether an owner or tenant or sub-tenant,must be in possession of the property.
in jaswantsingh mathurasingh1991 indlaw sc 972 (supra),it was reiterated that a tenant or a sub-tenant is a person interested and is entitled to notice.
in that context,it was held: ""the question is whether the tenant or a sub-tenant is a person interested and is entitled to notice. it is obvious that u/s.105 of transfer of property act,a lease creates right or an interest in enjoyment of the demised property and a tenant or a sub-tenant is entitled to remain in possession of the demised property until the lease is duly terminated and eviction takes place in accordance with law. therefore,a tenant or a sub-tenant in possession of a tenement in the town planning scheme is a person interested within the meaning of rules 21(3) and (4) of the rules. but he must be in possession of the property on the crucial date i.e.when. the town planning scheme is notified in the official gazette. every owner or tenant or a sub-tenant,in possession on that date alone shall be entitled to a notice and opportunity.
it is also not in dispute that the appellant filed an objection in regard to the draft scheme but did not eventually pursue the same.
it had also not been contended that the said rule is ultra vires s.52 of the act.
a person interested in continuing to keep possession over a property and/ or a part of the amount of compensation must lay his claim before the appropriate authority at the appropriate stage.
if in absence of any such claim filed by the appellant,the authorities have proceeded to finalise allotment of final plot in favour of the respondent nos.3 and 4 herein,it is too late in the day to contend that the entire scheme should be re-opened.
a person may waive a right either expressly or by necessary implication.
he may in a given case disentitle himself from obtaining an equitable relief particularly when he allows a thing to come to an irreversible situation.
different statutes provide for different manner of service of notice.
the bangalore development authority act,1976 provides that every person whose name appears in the assessment list or land revenue records shall be served with notice.[see sureshchandra c.mehta v. state of karnataka and others 1994 supp (2) scc 511 1993 indlaw sc 538.
in west bengal housing board etc.v. brijendra prasad gupta and others,etc.[air 1997 sc 2745],it was opined that the authority is not required to make a roaming enquiry as to who is the person entitled to notice.
there exists a distinction in the action of the planning authority as regards vesting of a property in it and one so as to enable it to create a third party interest vis-'-vis for the purpose of re-allotment thereof.
when a statute makes an elaborate provision as regards the formalities required to be undergone at every stage by the local authority,the state government and other authorities concerned in preparing and making the final town planning scheme,the same should be considered to be exhaustively.[maneklal chhotalal. ors.v. m.g.makwana &; ors.[(1967) 3 scr 65 1967 indlaw sc 138.
it is not a case where the state by its acts of omissions and commissions was unjustly enriching itself.
it was a dispute between two private parties as regards the right to obtain final allotment; the principles underlying the same are not in dispute.
what is in dispute is the distribution of quantum thereof between two competing claimants,viz.,landlord and tenant.
the legal principle emerging from these decisions is also stated in craies on statute law (6th edn.) at page 369 as follows: ""as a general rule,the conditions imposed by statutes which authorise legal proceedings are treated as being indispensable to giving the court jurisdiction. but if it appears that the statutory conditions were inserted by the legislature simply for the security or benefit of the parties to the action themselves,and that no public interests are involved,such conditions will not be considered as indispensable,and either party may waive them without affecting the jurisdiction of the court. emphasis supplied. “
applying the above principles to the present case,it must be held that the benefit of notice provided under the act and rules being for the benefit of the appellant in which no public interests are involved,he has waived the same.
in this view of the matter,it may safely be stated that the appellant,through his conduct,has waived his right to an equitable remedy in the instant case.
such conduct precludes and operates as estoppel against him with respect to asserting a right over a portion of the acquired land in a situation where the scheme in question has attained finality following as a result of the appellant's inaction.
lalit submits that his client is ready and willing to pay some reasonable amount to the respondent no.3 in whose favour plot no.165 has been finally allotted.
issuance of any such direction, ,is legally impermissible.

STATUTE
suffice it to say that chapter iv of the gujarat town planning and urban development act,1976 deals with control of development and use of land included in the development plans.
rule 21 of the bombay rules provides for the procedure to be followed by the town planning officer.
rule 21(3) of the bombay rules has been amended in tune with rule 26 of the rules. amended rules are in pari materia with rule 26 of the rules.
s.67 of the act provides that all lands required by the appropriate authority shall,unless it is otherwise determined in such scheme,vest absolutely in the appropriate authority free from all encumbrances with effect from the date on which the preliminary scheme comes into force.","['IN-Ext:2008_S_1411:retrieval-0000', 'IN-Ext:2008_S_1411:retrieval-0001', 'IN-Ext:2008_S_1411:retrieval-0007', 'IN-Ext:2008_S_1411:retrieval-0051', 'IN-Ext:2008_S_1411:retrieval-0010', 'IN-Ext:2008_S_1411:retrieval-0008']"
LQA-051,"Case background: This case relates to the liquidation of Letham Grange Development Company Limited (LGDC) and the question whether its sale of a hotel and adjoining golf courses (the subjects) was a gratuitous alienation, ie. What controlling precedent or doctrine guided the court's analysis?",medium,precedent_application,True,answer_with_supported_citations,test_uk_abs,UK-Abs,United Kingdom,uksc-2013-0083,8100359881c22fef1761eb46465929493fbe8e55db1a78b6f8f928afb033196c,UK-Abs:uksc-2013-0083:reference,ac1a9b0e2fb78470795c4d52b4ab6e740a041244f357dcce38709846162bac97,,"This case relates to the liquidation of Letham Grange Development Company Limited (LGDC) and the question whether its sale of a hotel and adjoining golf courses (the subjects) was a gratuitous alienation, ie. a property transaction conducted for significantly less than market value.
Section 242 of the Insolvency Act 1986 provides that an alienation made by a company within two years of its winding up is challengeable by the liquidator.
On such a challenge being brought, the court shall grant decree of reduction setting the alienation aside, unless, in particular, the alienation was made for adequate consideration.
The section contains a proviso preserving any right or interest acquired in good faith and for value from or through the transferee in the alienation. [3] The subjects were bought by LGDC in November 1994 for just over 2m.
In February 2001, it sold them to the second appellant, NSL.
The consideration recorded in the disposition was 248,100.
LGDC went into liquidation in December 2002.
The value of the subjects at the time was estimated at about 1.8m.
In January 2003, NSL granted a standard security (a charge) over the subjects in favour of Foxworth Investments Limited.
Later that year, the liquidator of LGDC, Mr Henderson, began proceedings against NSL seeking the reduction of the 2001 disposition on the grounds that the sale was a gratuitous alienation, an unfair preference or a fraudulent preference.
He obtained a decree by default in 2009 when NSL failed to be represented at the proof (trial) [2].
The liquidator then brought these proceedings, seeking reduction of Foxworths standard security.
He argues that Foxworth cannot bring itself within the section 242 proviso since it knew at the time when it obtained the standard security that LGDC was in liquidation and that the sale by LGDC to NSL was open to challenge under section 242.
The relevant decisions of all three companies were made by their common director and directing mind, Mr Liu [3].
The appellants claim that, in addition to the sale price recorded in the disposition, NSL had also assumed debts of 1.85m owed by LGDC to Mr Liu and his family, so that the sale was not a gratuitous alienation.
This, they say, brought Foxworth within the scope of the proviso, having obtained the standard security in good faith and for value [4].
The Lord Ordinary, Lord Glennie, rejected the liquidators case that the sale was a gratuitous alienation.
The liquidator sought to establish that the documentation relating to the assumption of the LGDC debts had not been prepared on the dates it bore, but had been produced subsequently to support a false case that the assumption formed part of the consideration for the sale of the subjects [22].
But Lord Glennie accepted Mr Lius evidence on the point [23].
Lord Glennies decision was reversed on appeal by an Extra Division of the Inner House of the Court of Session, which found that the judge had erred in law.
In the absence of a finding that the assumption of any debts by NSL had occurred at the time of the sale and had therefore formed part of the consideration, he had not been entitled to hold that there had been adequate consideration or (given Mr Lius knowledge of the circumstances) that Foxworth had obtained the standard security in good faith [6].
The Extra Division also considered that Lord Glennie had failed to give satisfactory reasons for the factual conclusions he had reached on the evidence, particularly on whether there had, at the time of the sale, been an assumption by NSL of LGDCs debts to Mr Liu.
The Extra Division concluded that the sale had been a gratuitous alienation and that Foxworth had not obtained its rights under the standard security in good faith or for value [7].
The court unanimously allows the appeal by Foxworth and NSL.
Lord Reed delivers the main judgment, with which the other Justices agree.
Lord Reed sets out the principles governing review of a trial courts findings of fact [58 69].
The Extra Division was correct to identify that an appellate court can interfere where satisfied that the trial judge has gone plainly wrong, but it erred in concluding that this criterion was met in the present case [62].
Plainly does not refer to the degree of confidence felt by the appellate court that it would not have reached the same conclusion as the trial judge.
What matters is whether the decision under appeal is one that no reasonable judge could have reached [62]; that the decision cannot reasonably be explained or justified [66 68].
Lord Glennie did not err in law; he clearly understood the critical issue under section 242(4)(b) to be whether the alienation was made for adequate consideration [22].
He was aware that an obligation on the part of NSL could only constitute part of the consideration for the sale if it was undertaken as the counterpart of the obligations undertaken by LGDC [25].
His opinion had understandably focused on the question on which the parties had joined issue, namely whether not when any obligation was taken to assume the LGDC debts [26].
Lord Glennie was entitled to accept Mr Lius evidence on this point [27].
Lord Reed rejects the criticisms made of Lord Glennies treatment of the evidence [29 57].
The fact that Lord Glennie was less impressed by the liquidators case than the Extra Division reflected a careful and nuanced assessment of the evidence, and an understanding of the commercial realities [29].
He had taken into account the various criticisms of Mr Lius evidence before concluding that his evidence was credible and reliable.
The weight given to the material evidence was pre eminently a matter for the Lord Ordinary, subject only to the requirement that his findings be such as might reasonably be made [57].
Before the Supreme Court, the parties accepted that no prejudice would be occasioned by remitting the question of expenses in the Outer House to the Lord Ordinary [72].
They are invited to make submissions as to the appropriate form of order [73].","['UK-Abs:uksc-2013-0083:retrieval-0002', 'UK-Abs:uksc-2013-0083:retrieval-0004', 'UK-Abs:uksc-2013-0083:retrieval-0019', 'UK-Abs:uksc-2013-0083:retrieval-0001', 'UK-Abs:uksc-2013-0083:retrieval-0003', 'UK-Abs:uksc-2013-0083:retrieval-0023']"
LQA-052,"Case background: on the question whether Arc Carbons, known as 'Cinama Arc Carbons ' manufactured by the appellant fall under the entry and their sales were, there fore, rightly subjected to sales tax. Why did the court reach its conclusion under the applicable legal principles?",hard,judicial_reasoning,True,answer_with_supported_citations,test_in_abs,IN-Abs,India,3436,90187564fcd402e7d5f78b154c6820ab830a1b3c3484bbe5684e4af0126ae55b,IN-Abs:3436:reference,a5397a5490d5f3bf35b4616142760c2c07346d38d993287ee5c55ea519660469,,"Entry 4 of the I Schedule of the Andhra Pradesh General Sales Tax Act, 1957, reads: Cinematographic equipment including. parts and accessories required for use therewith.
on the question whether Arc Carbons, known as 'Cinama Arc Carbons ' manufactured by the appellant fall under the entry and their sales were, there fore, rightly subjected to sales tax.
^ HELD: The meaning of an entry can only be satisfactorily determined in the light of the language of the entry itself considered in the context in which it occurs.
and cases relating to totally different entries will have only a very remote bearing.
Entry 4 occurs in a Schedule of taxable goods.
When it was intended to confine an entry to particular gadgets and 'parts thereof ' the entry said so.
Entry 4, however, includes 'parts ' as well as 'accessories '.
The term 'accessories ' is used to describe goods which may have been manufactured for use as an aid or addition to particular machines, though, they may serve as aids to other kinds of instruments also.
But, this entry and other entries use the expression 'required for use therewith '.
The description of the goods in these entries indicates that the expression has been employed for equipment or accessories connected with the main purpose.
Therefore, it is its general of predominant use that determines the category in which an article will fall.
[563D F, G; 564B C] In the present case, the main use of Arc Carbons was proved to be that of production of powerful light used in projectors in Cinemas.
The fact that they can also be used for other purposes such as for search lights etc., will not detract from their classification under Entry 4.
The classification is determined by their ordinary or common known purpose or user which is evident from he fact thy are known as 'cinema Arc Carbons ' in the market.
[564 F H]","['IN-Abs:3436:retrieval-0000', 'IN-Abs:3436:retrieval-0004', 'IN-Abs:3436:retrieval-0001', 'IN-Abs:3436:retrieval-0002', 'IN-Abs:3436:retrieval-0003', 'IN-Abs:3436:retrieval-0007']"
LQA-053,"Case background: on 19th march 1991, kishori lal, pw4 informed bd (pw2), the unfortunate father of s, that dead body of a girl was lying near mohalla basera on the outskirts of village kotputli. Which competing submissions mattered, and how did the court resolve them?",hard,arguments_and_reasoning,True,answer_with_supported_citations,test_in_ext_expert,IN-Ext,India,2001_S_1131,6094af32db0f037eeefdf7e97cdf36892c643640c26a698baec4b3b2feb0cb9c,IN-Ext:2001_S_1131:A1,98590e1f83341506c4c8f0e211c8900f5aa1094c551f5a33f00fb495e29a83c1,,"FACTS
the accused-appellant has been held guily of of-fences punishable under section 302 and section 376(2)(f) of indian penal code.
while the learned additional sessions judge made a reference to the high court for confirmation of death sentence under section 366 cr. p.c., the appellant preferred an appeal putting in issue his conviction and sentence
kumari s, a young child aged about 5 years, was last seen at about 4 p.m. on 18th march, 1991 and thereafter she did not return home. at about 7 a.m. on 19th march 1991, kishori lal, pw4 informed bd (pw2), the unfortunate father of s, that dead body of a girl was lying near mohalla basera on the outskirts of village kotputli.
the dead body was sent for post-mortem examination which was performed at 9.30 a.m., on the same day, by a medical board of three doctors.
it was found that the victim was brutally ravished and thereafter killed.
according to the medical opinion the probable cause of death of s was shock produced due to vaginal trauma and rupture of post- fornix along with asphyxia due to ligature around the neck.
the forensic science laboratory confirmed presence of group-b blood on the clothes of deceased.
the clothes of the accussed recovered were sent to forensic science laboratory. according to report human semen was detected on underwear and human blood of group 'b' was detected on the underwear.

ARGUMENT
the learned counsel for the accused-appellant has placed reliance on shankarlal gyarasilal dixit v. state of maharashtra, air (1981. sc 765 1980 indlaw sc 47.
therein a charge under sections 376 and 302 ipc was sought to be substantiated on circumstanctial evidence.
one of the circumstan-tial evidence relied on was that a human blood stain of 'b' group was found on the accused's pant which blood group was also of the deceased.
another circumstantial evidence relied on was that a stain of semen was found on the under-pant of the accused.
the court held that the presence of blood-stain of 'b' group measuring 0.5 cm. in diameter on the appellant's pant and of a dried stain of semen on his under-pant, were circumstances for too feeble to establish that the appellant raped or murdered the victim. b' group is not uncommon group of blood and no effort was made to exclude the possibility that the blood of the accused belonged to the same group.
as regards the dried stain of semen on the appellant's under-pant, the court observed that the accused was a grown-up man of 30 years and no compelling inference could arise that the stain was caused during the course of the sexual assault committed by him on the victim girl.
in the present case the age of the accused was about 21 years at the time of the incident.
on his arrest he was subjected to medical examination and found to be a potent and capable person.
presence of semen stain on underwear, assuming that the underwear belonged to the accused though there is no evidence adduced in this regard, is not by itself an incriminating piece of evidence connecting the accused with the crime in question.
so also the discov-ery of 'b' group blood-stain on the underwear cannot be treated as an incrimi-nating piece of evidence against the accused connecting him with the crime because there is no evidence that the underwear belonged to the accused and further the possiblity of the underwear being stained with the blood of the person to whom it belonged, or the accused if he was wearing it has not been ruled out

ISSUE
we would proceed to examine each of the pieces of incriminating circumstantial evidence so as to find out if each one of the circumstantial evidence is proved individually and whether collectively it forges such a chain of incriminating circumstances as would fasten the guilt on the accused beyond by shadow of reasonable doubt.

ANALYSIS
there is nothing in child witness’s statement to suggest that what she is narrating in the court is the story of a day soon before the date and time of the incident or the date on which dead body of s was found. to constitute evidence of last seen together, the evidence must definitely permit an inference being drawn that the victim and the accused were seen together at a point of time in close proximity with the time and date of the commission of crime.
any person even if innocent and not connected in any way with a gruesome crime which had recently occurred and was talk of the town, if called by police and interrogated as a suspect, would be scared and be apprehensive of the likelihood of his being implicated in the crime.
the high court has gone completely amiss in holding that a plea of alibi was taken by the accused and that was found to be false.
the accused has not stated during his statement under section 313 cr. p.c. and nowhere suggested during cross-examination of prosecution witnesses that at the time of the incident he was at a place wherefrom he could not have reached the place of the offence on the date and at the time of its commission.
the plea of alibi postulates the physical impossibility of the presence of the accused at the scene of offence by reason of his presence at another place. see law lexicon, p. ramnath iyer, second edition, p.87.
denial by an accused of an assertion made by his employer that the accused was on leave of absence from duty on the date of offence does not, by any stretch of reasoning or logic, amount to pleading alibi.
the accused-appellant has not taken a plea of alibi and therefore the question of finding it false, and then drawing an inference adverse to him, does not arise at all.
v) absconding of the accused was the accused absconding at all.
grave injustice has been done to the accused by holding it as a fact that the accused was absconding after the date of the incident and then treating the so-called absconding as a piece of incrimi-nating circumstantial evidence against the accused.
none of the pieces of evidence relied on as incriminating, by the trial court and the high court, can be treated as incriminating pieces of circumstantial evidence against the accused.
though the offence is gruesome and revolts the human conscience but an accused can be convicted only on legal evidence and if only a chain of circumstantial evidence has been so forged as to rule out the possibility of any other reasonable hypothesis excepting the guilt of the accused.
in shankarlal gyarasilal dixit's case 1980 indlaw sc 47 (supra), this court cautioned - ""human nature is too willing, when faced with brutal crimes, to spin stories out of strong suspicions.
the court has held time and again that between may be true and must be true there is a long distance to travel which must be covered by clear, cogent and unimpeachable evidence by the prosecu-tion before an accused is condemned a convict.
the trial court and the high court have proceeded on an assumption of availability of five pieces forging links in the chain of circumstantial evi-dence out of which we have found, as stated hereinabove, four of the alleged circumstances not to be pieces of incriminating circumstantial evidence at all.
the factum of a cognizable crime having been committed is known but neither the identity of the accused is disclosed nor is there any indication available of the witnesses who would be able to furnish useful and relevant evidence.
such offences put to test the wits of an investigating officer.
the ends, which the administration of cirminal justice serves, are not achieved merely by catching hold of the culprit.
the accusation has to be proved to hilt in a court of law.
the evidence of investigating officer given in the court should have a rhythm explaining step by step how the investigation proceeded leading to detection of the offender and collection of evidence against him.
this is necessary to exclude the likelihood of any innocent having been picked up and branded as culprit and then the gravity of the offence arousing human sympathy persuading the mind to be carried away by doubtful or dubious circumstances treating them as of 'beyond doubt' evidentiary value.","['IN-Ext:2001_S_1131:retrieval-0000', 'IN-Ext:2001_S_1131:retrieval-0001', 'IN-Ext:2001_S_1131:retrieval-0004', 'IN-Ext:2001_S_1131:retrieval-0031', 'IN-Ext:2001_S_1131:retrieval-0002', 'IN-Ext:2001_S_1131:retrieval-0052']"
LQA-054,"Case background: This appeal concerns a repayment of overpaid value added tax (VAT) of approximately 125m (the VAT Repayment) received by the appellant, Shop Direct Group (SDG), a company in the Littlewoods corporate group (the Group). What complete path from factual background through legal analysis led to the final order?",hard,multi_issue_synthesis,True,answer_with_supported_citations,test_uk_abs,UK-Abs,United Kingdom,uksc-2014-0110,844a5bf074042a3d6656190a9f541098e77f4e6da751d415d0aa76a61a5c698c,UK-Abs:uksc-2014-0110:reference,bda31ab0fa246a06343f00137fe6f596d89a9ccd8ffb5b5b39f0a28e1c383816,,"This appeal concerns a repayment of overpaid value added tax (VAT) of approximately 125m (the VAT Repayment) received by the appellant, Shop Direct Group (SDG), a company in the Littlewoods corporate group (the Group).
Over a number of years, companies within the Group made substantial overpayments of VAT to HMRC.
These VAT overpayments were made on an incorrect understanding of law: the VAT was wrongly calculated when goods were sold to agents of the supplier with a discount for commission.
The relevant supplies were made between 1978 and 1996 by companies within the Group, including SDG.
VAT was paid to HMRC in relation to these supplies by the representative member of the Group under section 43 of Value Added Tax Act 1994 (VATA 1994).
By 2007, following a series of reorganisations within the Group, each of the companies which had made relevant supplies had permanently discontinued its trade.
In June 2003, the representative member of the Group made a claim for repayment of VAT from HMRC under section 80 of VATA 1994.
This claim included the various payments which led to the VAT Repayment.
In September 2007, HMRC made the VAT Repayment pursuant to arrangements which resulted in the VAT Repayment being received by SDG as beneficial owner at the time of receipt.
The issue before the Supreme Court is whether the VAT Repayment is liable to corporation tax under the Income and Corporation Taxes Act 1988 (ICTA, later rewritten in the Corporation Tax Act 2009).
Sections 103 and 106 of ICTA imposed a charge to corporation tax on post cessation receipts from a trade, profession or vocation.
These provisions and their statutory predecessors were enacted to prevent tax avoidance by businesses choosing when to discontinue a business in order to escape tax on post cessation receipts [1, 3 9].
In the proceedings below, the First tier Tribunal, Upper Tribunal and Court of Appeal all held that SDG was liable to corporation tax on the receipt of the VAT Repayment.
The Supreme Court unanimously dismisses SDGs appeal.
Lord Hodge (with whom Lord Neuberger, Lord Reed, Lord Carnwath and Lord Hughes agree) gives the judgment of the court.
Against the background of the other relevant provisions of ICTA [18], the court concludes that section 103 does not contain an implicit restriction so that the charge to tax on post cessation receipts falls
only on the former trader whose trade was the source of the income [19].
There are three reasons in support of this conclusion: First, there is nothing in the wording of section 103(1) or (2) which necessitates such implication.
The charge to tax is clear: where a trade has been permanently discontinued, corporation tax shall be charged on sums arising from the carrying on of the tradeduring any period before the discontinuance.
Section 103(1) required only that the sums are received after the discontinuance; it specified the source of the sums falling within the charge but imposed no further restriction [20].
Secondly, section 103 was designed to catch the fruit of the trade.
Its aim was to make sure that sums which a person received, which arose from a discontinued trade and which were not otherwise taxed, were brought into a charge to tax.
No sound policy reason has been suggested for confining the charge to the former trader and his personal representatives [21].
Thirdly, the neighbouring provisions of section 103 drew a distinction between the person chargeable to tax and the person who had previously carried on the trade.
This suggests that the former was not confined to the latter [22 23].
The court rejects SDGs submission that the sum it received equivalent to the VAT Repayment did not have a former trade as its source, but was the result of an intra group arrangement which was either a transfer for no consideration of that sum, or a transfer for no consideration of the rights to the VAT Repayment.
Under section 103 of ICTA, the focus was on the original source of the receipt; the arrangements within the Group as to the specific company that was to receive the VAT Repayment did not alter that original source [24].
Section 106 of ICTA also supports a wider interpretation of the scope of the section 103 charge to corporation tax: section 106(1) quantifies the section 103 charge at the amount of the consideration or the market value of the rights to such sums when the former trader transfers its rights to those future receipts for value and the subsection imposes the charge on the former trader [25]; and section 106(2) disapplies section 103 and substitutes another Case of Schedule D only if the transferee company is carrying on the continuing business when it receives the fruits of the trade which is deemed to have been discontinued [26].
Applying this analysis of sections 103 and 106 of ICTA to the facts of this case, the court concludes that the Groups affairs were organised such that the VAT Repayment was received by SDG as beneficial owner, receiving sums arising from the carrying on of the trade of the companies making relevant supplies during periods before the discontinuance and the sums were not otherwise chargeable to tax.
The VAT Repayment accordingly is subject to a charge to corporation tax in the hands of SDG [28 31].","['UK-Abs:uksc-2014-0110:retrieval-0009', 'UK-Abs:uksc-2014-0110:retrieval-0000', 'UK-Abs:uksc-2014-0110:retrieval-0010', 'UK-Abs:uksc-2014-0110:retrieval-0014', 'UK-Abs:uksc-2014-0110:retrieval-0012', 'UK-Abs:uksc-2014-0110:retrieval-0015']"
LQA-055,"Case background: On October 31, 1952, the Assistant Custodian cancelled the allotment of 14 allottees in village Karodian, and also cancelled the allotment of the Appellants in Raikot but allotted lands to them in village Karodian, and allotted the lands of Raikot to other persons. Which facts were legally material to the court's determination?",easy,facts,True,answer_with_supported_citations,test_in_abs,IN-Abs,India,1181,a52eaf19e0dd9e4661e811cfe5a9a85ec4dd3077e6083759525b406c791f7db2,IN-Abs:1181:reference,ac102bdf71ee582b829324012f7e7f673f38723e610e0b5a2665192490cf9fdd,,"The appellants who are displaced persons from West Pakistan, were granted quasi permanent allotment of some lands in village Raikot in 1949.
On October 31, 1952, the Assistant Custodian cancelled the allotment of 14 allottees in village Karodian, and also cancelled the allotment of the Appellants in Raikot but allotted lands to them in village Karodian, and allotted the lands of Raikot to other persons.
The 14 allottees of village Karodian as well as the appellants applied for review of the orders of cancellation of their allotment.
The application of the 14 allottees was dismissed.
They preferred a revision to the Custodian General who cancelled the appellant 's allotment (1) Cal.
926. 329 in Karodian and restored the allotment of the 14 allottees on December 17, 1954 Thereupon,, on January 6, 1955, the appellants moved the Custodian General for calling up their review application and for revising the order of October 31, 1952, cancelling their allotment in Raikot.
The Custodian General refused to revise the order on the ground that his power to revise had been taken away by the .
The appellants contended that the, Custodian General had the power to revise the order.
Held, that after the enactment of the, , the Custodian General ceased to have the power to cancel allotments.
By, the issuing of a notification under, section 12(1) of this Act, the Fight, title or interest of the evacuee in the property specified in the notification was extinguished and the property vested absolutely in the Central.
Government.
The right of the Custodian manage the property under the , came to an end and the management vested in a new set of officers.
Even though no managing officer was appointed or a managing corporation, constituted under the new Act to manage the property no one else could 'exercise the power of cancellation of allotment.
Bal Mukund vs The State of Punjab, I.L.R. 1957 Punj.
712, approved.","['IN-Abs:1181:retrieval-0000', 'IN-Abs:1181:retrieval-0001', 'IN-Abs:1181:retrieval-0002', 'IN-Abs:1181:retrieval-0003', 'IN-Abs:1181:retrieval-0012', 'IN-Abs:1181:retrieval-0005']"
LQA-056,"Case background: order came into force, the distinction between essential and non-essential bulk drugs was abolished and a maximum price had to be fixed for barlagan ketone also like other bulk drugs. What procedural steps and earlier rulings brought the matter before the deciding court?",easy,procedural_history,True,answer_with_supported_citations,test_in_ext_expert,IN-Ext,India,1987_C_108,64b33618dceadf5f1365afd5d59c1f2835f9092178c1e696ba05c54b194ba33d,IN-Ext:1987_C_108:A1,7606273fb002a2e37a2b2f26e3227dc67559b7cc70f71457604d776e9abfaab3,,"FACTS
the price which the manufacturer of barlagan kotone, reported to the central government in 1971 was rs.24,735.68 per kg.
after the 1979 drugs (prices control. order came into force, the distinction between essential and non-essential bulk drugs was abolished and a maximum price had to be fixed for barlagan ketone also like other bulk drugs.
the manufacturer applied for fixation of price at rs.8,500 per kg.
armed with authority under the drugs (prices control. order, 1979 the central government issued notifications fixing the maximum prices at which various indigenously manufactured bulk drugs may be sold by the manufacturers.
these notifications were questioned on several grounds by the manufacturers and they have been quashed by the delhi high court on the ground of failure to observe the principles of natural justice.

ARGUMENT
shri g. ramaswamy, learned additional solicitor general on behalf of the union of india, submitted that the fixation of maximum price under paragraph 3 of the drugs (prices control. order was a legislative activity and, therefore, not subject to any principle of natural justice.
he urged that relevant information was required to be furnished and was indeed furnished by all the manufacturers in the prescribed form as required by paragraph 3(4) of the drugs (prices control) order.
he urged that the government had always been ready and wilting to give a proper hearing to the parties and in fact gave them a heating in connection with their review applications.
the learned counsel argued that there were several patent errors which came to light during the course of the hearing in the high court.
one of the submissions of shri diwan was that in calculating ""net-worth"" the cost of new works in progress and the amount invested outside the business were excluded from 'free reserves' and that such exclusion could not be justified on any known principle of accountancy.
another submission of the learned counsel relating to the norms for conversion costs, packing charges and process loss of raw materials and packing materials required to the notified for the purpose of calculating retail prices of formulations.
a general submission of the learned counsel was that the price of formulations should not have been prescribed until the review application filed by the manufacturer in regard to the patent bulk drugs was disposed of.
he submitted that the price of a formulation was dependant on the price of the bulk drug and it was, therefore, not right to fix the price of formulation when the price of bulk drug was in question in the review application and there was a prospect of the price of the bulk drug being increased.

ISSUE
the problem is that of high prices, bearing, it is said, little relation to the cost of production to the manufacturers.

ANALYSIS
'price-fixation is neither the function nor the forte of the court.
the second observation made is, legislative action, plenary or subordinate, is not subject to rules of natural justice.
in the case of parliamentary legislation, the proposition is self-evident.
in the case of subordinate 'legislation, it may happen that parliament may itself provide for a notice and for a hearing-there are several instances of the legislature requiring the subordinate legislating authority to give public notice and a public hearing before say, for example, levying a municipal rate--,in which case the substantial non-observance of the statutorily prescribed mode of observing natural justice may have the effect of invalidating the subordinate legislation.
any attempt to draw a distinct line between legislative and administrative functions, it has been said, is 'difficult in theory and impossible in practice.
a price fixation measure does not concern itself with the interests of an individual manufacturer or producer.
it is generally in relation to a particular commodity or class of commodities or transactions.
it is a direction of a general character, not directed against a particular situation.
it is intended to operate in the future. it is conceived in the interests of the general consumer public.
the right of the citizen to obtain essential articles at fair prices and the duty of the state to so provide them are transformed into the power of the state to fix prices and the obligation of the producer to charge n6 more than the price fixed. viewed from whatever angle, the angle of general application the prospectivity of its effect, the public interest served, and the rights and obligations flowing therefrom, there can be no question that price fixation is ordinarily a legislative activity.
pricefixation may occasionally assume an administrative or quasi-judicial character when it relates to acquisition or requisition of goods or property from individuals and it becomes necessary to fix the price separately in relation to such individuals.
in shree meenakshi mills ltd. v. union of india, [1974. 1 scc 468 1973 indlaw sc 291 a notification fixing the ex-factory price of certain counts of cotton yarn was questioned on the ground that the price had been arbitrarily fixed.
if the prices of yarn or cloth were fixed in such a way to enable the manufacturer or producer recover his cost of production and secure a reasonable margin of profit, no aspect of infringement of any fundamental right could be said to arise.
it was to be remembered that the mere fact that some of those were engaged in the industry, trade or commerce alleged'that they were incurring loss would not render the law stipulating the price unreasonable.
in laxmi khandsari v. state of uttar pradesh, [1981] 2 scc 600 1981 indlaw sc 558 it was held that the sugar cane control order, 1966 was a legislative measure and therefore, rules of natural justice were not attracted.
in rameshchandra kachardas porwal v. state of maharashtra, [1981] 2 scc 722 1981 indlaw sc 423 it was observed that legislative activity did not invite natural justice and that making of a declaration that a certain place shall be a principal market yard for a market area under the relevant agricultural produce markets acts was an act legislative in character.
the observation of magarry, j. in bates v. lord hailsha, of st. marylebone [1972. 1 wlr 1973 that the rules of natural justice do not run in the sphere of legislation, primary or delegated, was cited with approval and two well known text books writers paul kackson and wades h.w.r. were also quoted.
it is further prescribed that different prices may be determined, from time to time, for different areas or for different factories or for different kinds of sugar.
it is to be noticed here that the payment to be made under s. 3(3c) is not necessarily the same as the controlled price which may be fixed under s. 3(2)(c) of the act.
a committee on drugs and pharmaceutical industry, popularly known as the hathi committee was appointed by the government of india to enquire into the various facets, of the drug industry in india.
one of the terms of reference was 'to examine the measures taken so far to reduce prices of drugs for the consumer, and to recommend such further measures as may be necessary to rationalise the prices of basic drugs and formulations.
the hathi committee noticed that 'in a country like india where general poverty and the wide disparities in levels of income between different sections existed' it was particularly important to emphasise 'the social utility of the industry and the urgent need for extending as rapidly as possible certain minimum facilities in terms of preventive and curative medicines to the large mass of people both urban and rural.
the distinction between an essential bulk drug included in the schedule and a bulk drug not so included in the schedule, which was made in 1970 drugs (prices control. order was abandoned in the 1979 order.
bulk drugs were, however, broadly divided into indigenously manufactured bulk drugs, imported bulk drugs and hulk drugs which were both manufactured indigenously as also imported.
nothing in the scheme of the drugs (prices control. order induces us to hold that price fixation under the drugs (prices control. order is not a legislative activity, but a quasi-judicial activity which would attract the observance of the principles of natural justice.
nor is there anything in the scheme or the provisions of the drugs (prices control) order which otherwise contemplates the observance of any principle of natural justice or kindred rule, the non-observance of which would give rise to a cause of action to a suitor.
what the order does contemplate however is 'such enquiry' by the government 'as it thinks fit.
the primary object of the enquiry is to secure the bulk drug at a fair price for the benefit of the ultimate consumer an object designed to fulfil the mandate of art. 39(b) of the constitution
it is primarily from the consumer public's point of view that the government is expected to make its enquiry.
the need of the consumer public is to be ascertained and making the drug available to them at a fair price is what it is all about.
the enquiry is to be made from that angle and directed towards that end.
so, information may be gathered from whatever source considered desirable by the government.
the price fixed by the government may be questioned on the ground that the considerations stipulated by the order as relevant were not taken into account.
it may also be questioned on any ground on which a subordinate legislation may be questioned, such as, being contrary to constitutional or other statutory provisions.
it may be questioned on the ground of a denial of the right guaranteed by art. 14 if it is arbitrary, that is, if either the guidelines prescribed for the determination are arbitrary or if, even though the guidelines are not arbitrary, the guidelines are worked in an arbitrary fashion.
these are all matters which should legitimately be raised in the review application, if there is any substance in them.
these are not matters for investigation in a petition under art. 226 of the constitution or under art. 32 of the constitution.
despite the pressing invitation of shri diwan to go into facts and figures and his elaborate submissions based on facts and figures, we have carefully and studiously refrained from making any reference to such facts and figures as we consider it outside our province to do so and we do not want to set any precedent as was supposed to have been done in premier automobiles though it was not so done and, therefore, needed explanation in later cases.
the question has to be decided with reference to the definition of 'free reserve' in paragraph 2(g) of the control order and not on any assumed principle of accountancy.
this is also a question which may be raised before the government in the review application.
it was open to the subordinate legislating body to prescribe and adopt its own mode of ascertaining the cost of production and the items to be included and excluded in so doing.
the subordinate legislating body was under no obligation to adopt the method adopted by the income-tax authorities in allowing expenses for the purpose of ascertaining income and assessing it.
there may be many items of business expenditure which may be allowed by income-tax authorities as legitimate expenses but which can never enter the cost of production.
so long as the method prescribed and adopted by the subordinate legislating body is not arbitrary and opposed to the principal statutory provisions, it cannot be legitimately questioned.
any information sought by the manufacturer may be given to him at the hearing in terms of what we have said in the judgment.

STATUTE
it must be remembered that art. 39(b) of the essential commodities act enjoins a duty on the state towards securing 'that the ownership and control of the material resources of the community are so distributed as best to subserve the common good.
the essential commodities act is a legislation towards that end. s. 3(1) of the essential commodities act enables the central government, if it is of opinion 'that it is necessary or expedient so to do for maintaining or increasing supplies of any essential commodity or for securing their equitable distribution and availability at fair price', to 'provide for regulating or prohibiting by order, the production, supply and distribution thereof and trade and commerce therein.
in particular, s. 3(2)(c) enables the central government, to make an order providing for controlling the price at which any essential commodity may be bought or sold.
it is in pursuance of the powers granted to the central government by the essential commodities act that first the drugs (prices control. order, 1970 and later the drugs (prices control. order, 1979 were made.
s. 3(3c) provides for the ascertainment of the price.
it provides that in calculating the amount to be paid for the commodity required to be sold regard is to be had to--(a) the minimum price, if any, fixed for sugarcane by the central government under this section; (b) the manufacturing cost of sugar; (c) the duty or tax, if any, paid or payable thereon; and (d) the securing of a reasonable return on the capital employed in the business of manufacturing sugar.
s. 3(2)(c) of the act, we have already seen, enables the central government to make an order controlling the price at which any essential commodity may be bought or sold, if the central government is of opinion that it is necessary or expedient so to do for maintaining or increasing supplies of any essential commodity or in securing their equitable distribution and availability at fair prices.
s. 3(3c) provides for the determination of the price to be paid to a person who has been directed by the central government by an order made under s. 3(2)(c) to sell a certain quantity of an essential commodity to the government or its nominee.
the drugs (prices control) order, 1970 defined 'bulk drugs' as follows: ""bulk drugs"" means ""any unprecessed phamaceutical, chemical, biological and plant product or medicinal gas conforming to pharmacopocial or other standards accepted which is used as such or after being processed into formulations and includes an essential bulk drug.","['IN-Ext:1987_C_108:retrieval-0000', 'IN-Ext:1987_C_108:retrieval-0001', 'IN-Ext:1987_C_108:retrieval-0002', 'IN-Ext:1987_C_108:retrieval-0004', 'IN-Ext:1987_C_108:retrieval-0007', 'IN-Ext:1987_C_108:retrieval-0100']"
LQA-057,"Case background: Terrorism is defined in section 1 of the Terrorism Act 2000, as the use or threat of action, inside or outside the United Kingdom, (a) involving serious violence against a person, involving serious damage to property, endangering another persons life... What final order did the court make, and what relief followed?",easy,outcome,True,answer_with_supported_citations,test_uk_abs,UK-Abs,United Kingdom,uksc-2012-0124,878b3fcb2b200600a4036ca923f1ba3c6c597328b6dbd59e50531b99ed13039c,UK-Abs:uksc-2012-0124:reference,34091db0d51c5cddcaeffcfd84cdece1b3c2e8746a97807dc7decdab05b6540d,,"The issue in the appeal is whether the definition of terrorism in the Terrorism Act 2000 includes military attacks by non state armed groups against national or international armed forces in a non international armed conflict.
Mr Gul was convicted by a jury of five counts of disseminating terrorist publications, for which he was sentenced to five years imprisonment.
The offence was created by section 2 of the Terrorism Act 2006, which defines terrorist publications as including publications which are likely to be understood as a direct or indirect encouragement to the commission, preparation, or instigation of acts of terrorism.
Terrorism is defined in section 1 of the Terrorism Act 2000, as the use or threat of action, inside or outside the United Kingdom, (a) involving serious violence against a person, involving serious damage to property, endangering another persons life, creating a serious risk to public health or safety, or designed to seriously interfere with seriously disrupt an electronic system; (b) designed to influence a government or intergovernmental organization or to intimidate the public or a section of the public; and (c) made for the purpose of advancing a political, religious, racial, or ideological cause.
The publications in question included videos which Mr Gul posted on YouTube showing (i) attacks by members of al Qaeda, the Taliban, and other proscribed groups on military targets in Chechnya, and on the Coalition forces in Iraq and in Afghanistan, (ii) the use of improvised explosive devices against Coalition forces, (iii) excerpts from martyrdom videos, and (iv) clips of attacks on civilians, including the 11 September 2001 attack on the United States.
These videos were accompanied by commentaries praising the bravery, and martyrdom, of those carrying out the attacks, and encouraging others to emulate them.
The Court of Appeal refused Mr Guls appeal against conviction and sentence.
His appeal to the Supreme Court was based on a challenge to the conclusion of the Court of Appeal (arising from a direction given by the trial judge following a request from the jury) that the definition of terrorism included military attacks by non state armed groups against national or international armed forces in their territory.
The Supreme Court unanimously dismisses Mr Guls appeal for reasons contained in a judgment given by Lord Neuberger and Lord Judge, with whom the other members of the Court agree.
Mr Gul argued that both domestic law and international law required the statutory definition of terrorism to be interpreted narrowly, so as to exclude its application to situations such as those depicted in some of the videos which he had uploaded, namely those involving actions by non state armed troops attacking foreign armed forces in their territory.
The court addresses this argument first by considering the application of familiar domestic law principles to the statutory definition of terrorism, and then by considering whether that results in a conclusion which has to be adapted to meet those requirements of international law that are incorporated into domestic law [25].
Applying the familiar domestic law approach to statutory interpretation, the Court holds that there is no basis on which the natural, very wide, meaning of section 1 of the 2000 Act could be read restrictively, as Mr Gul
argued.
The definition had clearly been drafted in deliberately wide terms so as to take account of the various and possibly unpredictable forms that terrorism might take, and the changes which may occur in the diplomatic and political spheres [312, 38].
In reaching this conclusion, the Court considers that section 117 of the 2000 Act, which prohibits the prosecution of most offences under the 2000 and 2006 Acts without the consent of the Director of Public Prosecutions or (in some cases) the Attorney General, is of no assistance [35 37, 42].
The Court also observes that creating an offence with a very broad reach and then invoking prosecutorial discretion as a means of mitigation is undesirable in principle and should only be adopted if it is unavoidable.
In these circumstances, the only reason for the Court to interpret the definition more restrictively would be if it conflicted with the European Convention on Human Rights (which was not relied on by Mr Gul) or with the United Kingdoms obligations in international law more generally [38].
The first aspect of Mr Guls argument here was that the United Kingdoms international obligations require it to define terrorism more narrowly in its criminal laws, as it should have the same meaning as it has in international law.
The second aspect was that the United Kingdom could not criminalize terrorism happening abroad except so far as international law allowed.
Both aspects of the international law argument face the insuperable obstacle that there is no accepted definition of terrorism in international law [44].
The U.N. General Assemblys working group seeking to agree a comprehensive international convention on terrorism, reported in 2012 that there were disagreements as to the precise distinction between terrorism and legitimate struggle of peoples fighting in the exercise of their right to self determination.
And, although there are other, non comprehensive treaties dealing with terrorism, there is no plain or consistent approach in UN Conventions on the issue [4648].
This is consistent with what was said by this Court in Al Sirri v Secretary of State [2012] UKSC 54, [2012] 3 WLR 1263, para 37 [44].
Moreover, there have been U.N. resolutions referring to the activities of al Qaeda and the Taliban as terrorism, although their actions involved insurgents attacking forces of states and intergovernmental organizations in non international armed conflict.
And the international law of armed conflict does not give any immunity combatants in non international armed conflicts [4950].
It is true that some other provisions of the 2000 and 2006 Acts give effect to treaties that do not extend to insurgent attacks on military forces in non international armed conflicts.
But there was no reason why the United Kingdom could not go further in the 2000 Act than the treaties had.
And even if those treaties had intended to limit the definition of terrorism that they applied, that would only affect the particular provisions of the 2000 Act that implemented those treaties [54].
As to the second aspect of the international law argument, it is irrelevant for present purposes whether the United Kingdom can criminalize certain actions committed abroad, because the material in this case was disseminated in the United Kingdom [56].
Therefore, whether one approaches the matter as an issue of purely domestic law, or as an issue of domestic law read in the light of international law, there is no valid basis for reading the definition of terrorism more narrowly than the plain and natural meaning of its words suggested.
In parting, the Court notes that although the issue is one for Parliament to decide, the current definition of terrorism is concerningly wide. [38] Canada and South Africa, for example, exclude acts committed by parties regulated by the law of armed conflict from the definition, and a recent report in Australia recommends that that country should follow suit. [61] The Independent Reviewer of Terrorism Legislation in the United Kingdom, Mr David Anderson QC, has made the point that the current law allows members of any nationalist or separatist group to be turned into terrorists by virtue of their participation in a lawful armed conflict, however great the provocation and however odious the regime which they have attacked [61].
The 2000 and 2006 Acts also grant substantial intrusive powers to the police and to immigration officers, which depend upon what appears to be a very broad discretion on their part.
While the need to bestow wide, even intrusive, powers on the police and other officers in connection with terrorism is understandable, the fact that the powers are so unrestricted and the definition of terrorism is so wide is probably of even more concern than the power of criminal prosecution to which the Acts give rise. [64]","['UK-Abs:uksc-2012-0124:retrieval-0004', 'UK-Abs:uksc-2012-0124:retrieval-0014', 'UK-Abs:uksc-2012-0124:retrieval-0003', 'UK-Abs:uksc-2012-0124:retrieval-0000', 'UK-Abs:uksc-2012-0124:retrieval-0039', 'UK-Abs:uksc-2012-0124:retrieval-0026']"
LQA-058,"Case background: Although the resolution finally levying octroi was passed on February 25, 1963 and the octroi limits were fixed by resolution dated March 17, 1963 the approval of the Collector to the octroi limits as required by r. What central legal issue did the court have to resolve?",medium,legal_issue,True,answer_with_supported_citations,test_in_abs,IN-Abs,India,2248,b69931e554e2d60cff0bd549206769faf2108bf0d0a1ac8744fcecf3330d3698,IN-Abs:2248:reference,c6753a6fa18912593f4ba1179583a24dfaf5aa7e2fba86e0c0ecf3a4cfc31e28,,"The appellant Panchayat levied octroi duty on goods coming within its limits by following the procedure laid down in rr. 3 and 4 of the Maharashtra Village Panchayats Taxes and Fees Rules 1960.
Although the resolution finally levying octroi was passed on February 25, 1963 and the octroi limits were fixed by resolution dated March 17, 1963 the approval of the Collector to the octroi limits as required by r. 21 was not obtained till January 14, 1964.
When the Panchayat began collecting octroi on April 1, 1963 the respondent company appealed under section 124(5) of the Bombay Village Panchayat Act, 1958 to the Panchayat Samita.
The appeal was rejected as it was considered time barred under r. 5 of the Taxes & Fees Rules which required an appeal under section 124(5) of the Act to be filed within 60 days of the publication of the notice under r. 4.
On further appeal the Standing Committee, Zila Parishad, Nagpur decided in favour of the respondent company on the ground that the Panchayat had not complied with r. 21.
The Panchayat filed a writ petition under article 226 of the Constitution.
The High Court upheld the findIng of the Standing Committee as to the effect of non compliance with r. 21.
It however further held that r. 5 in requiring all appeals under a. 124(5) of the Act to be filed within 60 days of the publication of the notice under section 4 was arbitrary and destructive of the right of appeal and therefore ultra vires.
The Panchayat appealed to this Court.
Held: (i) Octroi can be validly levied under r. 22 after following the procedure in rr.
3 and 4 Rule 3 deals only with (i) selection of the tax and (ii) the rate at which it is to be levied.
Rule 4 deals with final publication of the notice levying octroi.
The levy of octroi under r. 22 read with rr. 3 and 4 does not require prior approval to the octroi limits by the Collector under r. 21.
[219D H; 220A C].
(ii) However the octroi cannnot be validly collected before the octroi limits are approved by the Collector under r. 21.
Collections made earlier cannot be regularised by subsequent approval.
The plea on behalf of the appellant that the approval of the Collector on January 14, 1964 should relate back to April 1, 1963 could not be accepted.
[220 D E].
(iii) Rule 5 is not invalid as it does not apply to all appeals under, section 124(5).
The rule follows rr. 3 and 4 and is headed ""appeal against levy of any tax or fee,"" and the period of sixty days of limitation commences from the date of the publication of the notice 214 under r. 4 i.e. the notice following the decision of a Panchayat to levy any tax or fee.
This date shows that r. 5 is dealing only with appeals against levy of any tax and not with the assessment or imposition of a tax or any further appeals to the Panchayat Samiti under section 124(5).
In its context and setting the heading of r. 5 brings out the scope of the rule, [220 F H].
Accordingly the appeal of the company to the Samiti was wrongly dismissed as time barred.
It followed from this that the Standing Committee was entitled to deal with the appeal on merits.
[220 H].","['IN-Abs:2248:retrieval-0001', 'IN-Abs:2248:retrieval-0005', 'IN-Abs:2248:retrieval-0010', 'IN-Abs:2248:retrieval-0002', 'IN-Abs:2248:retrieval-0004', 'IN-Abs:2248:retrieval-0003']"
LQA-059,"Case background: however,before the charter party was to come to an end,on 29th june,1998,the indian oil corporation limited (for short ioc ),acting as agent of the appellant,issued a fax to various ship owners,including the respondent herein,requesting them to extend the validity of the charter party agreement dated 6th may... Which statutory or constitutional provisions governed the dispute, and how were they interpreted?",medium,statutory_interpretation,True,answer_with_supported_citations,test_in_ext_expert,IN-Ext,India,2007_B_76,7137424d936577bc7ef028727df71f80f24f161c5f309b46d08e3b3b0ad3ee6f,IN-Ext:2007_B_76:A1,9d604a0e08170ef01f13a6b3bffb991078e22d5d2242946e7f7525d62e5081b7,,"FACTS
the appellant m/s. bharat petroleum corporation limited is a government of india undertaking,under the administrative control of the ministry of petroleum &; natural gas and is engaged in refining,distributing and selling of petroleum products all over the country.
the respondent m/s. great eastern shipping company limited is engaged in the business of shipping and allied activities and owns a fleet of tanker vessels for charter,including the vessel known as jag praja.
an agreement,called the time charter party in legal parlance,was entered into between the appellant and the respondent on 6th may,1997 for letting on hire vessels for a period of two years from 22nd september,1996 to 30th june,1997 and from 1st july,1997 to 30th june,1998,on the terms and conditions set out in the said agreement.
however,before the charter party was to come to an end,on 29th june,1998,the indian oil corporation limited (for short ioc ),acting as agent of the appellant,issued a fax to various ship owners,including the respondent herein,requesting them to extend the validity of the charter party agreement dated 6th may,1997 beyond 30th june,1998 for a period of one month from 1st july,1998 with option for two further extensions of 15 days each.
the respondent agreed to the said proposal. accordingly,on 29th june,1998 an addendum was signed between the parties whereby the validity period of charter party was extended for one month with an option for two further extensions for a period of 15 days each.
the terms and conditions; exceptions and exemptions contained in the charter party dated 6th may,1997 remained unaltered.
the parties are ad idem that the charter party dated 6th may,1997 was extended till 31st august,1998. it appears that since charter party dated 6th may,1997 was coming to an end on 31st august,1998,the oil companies sought permission of the oil co-ordination committee,a wing of the ministry of petroleum and natural gas for further extension of the charter party.
however,the oil coordination committee,by their fax message dated 26th august,1998,declined the request of the oil companies,including the appellant,for further extension of charter party beyond 31st august,1998.
the said fax message was an internal communication between the oil coordination committee and the oil companies.
thereafter,in september,1998,the ioc for and on behalf of the oil industry,floated a fresh tender for carriage of petroleum products along the indian coast on time charter basis for a period of one year commencing from 1st september,1998 to 31st august,1999,on the terms and conditions set out in the tender document.
in response to the said tender,the respondent and other vessel owners submitted their bids.
it seems that being aggrieved of the decision of the ioc to invite revised price bids after opening of the sealed tenders,one of the bidders filed a writ petition in the bombay high court,questioning the said decision.

ARGUMENT
learned senior counsel appearing on behalf of the appellant has assailed the impugned order on the sole ground that the charter party dated 6th may,1997 having come to an end by efflux of time on 31st august,1998,the arbitration clause contained in it also perished and,therefore,in the absence of a fresh arbitration agreement,claim of the respondent relating to the period 1st september,1998 to 31st august,1999 could not be referred to arbitration by invoking arbitration clause in charter party dated 6th may,1997.
laying emphasis on the fax message dated 26th august,1998 addressed by the oil co-ordination committee to the oil companies,including the appellant,inter alia,informing them that no further extension of the current charter hire rate will be allowed,learned counsel submitted that the said message made it clear to all concerned that charter party dated 6th may,1997 would not be extended under any circumstance.
shyam divan,learned senior counsel appearing on behalf of the respondent,on the other hand,submitted that notwithstanding the fact that the period fixed originally under the charter party or under the addendum dated 29th june,1998 had come to an end,the subsequent conduct of the parties goes to show that charter of the vessel by the appellant beyond 31st august,1998 continued to be governed by the terms and conditions stipulated in charter party dated 6th may,1997 and,therefore,an arbitration agreement did exist between the parties.
learned counsel argued that even otherwise till the vessel was not re-delivered in terms of cls.4 and 23 of charter party dated 6th may,1997,the said agreement could not come to an end.
it was pointed out that all the obligations of the owners as well as of the charterers during the period the vessel was in use continued to be discharged under the charter party dated 6th may,1997 even after the expiry of the period of the charter party. in support of the proposition that the concurrence of a party can be gathered from his conduct,like continued user of the vessel in the present case,without any objection to respondent s letter dated 4th january,1999,reliance is placed on a decision of this court in the godhra electricity co. ltd.&; anr. vs. the state of gujarat &; anr 1974 indlaw sc 253.
it was also submitted that the view taken by the high court being a plausible view,interference in exercise of extra-ordinary jurisdiction u/art.136 of the constitution is unwarranted.

ISSUE
whether the hon ble arbitral tribunal has no jurisdiction to adjudicate upon the dispute between the claimant and the respondent for the period september,1998 to august,1999. in respect of the vessel jag praja for the reasons stated in para 1 of the written statement.
whether there is any common practice that if the vessel is not re-delivered at the end of the period mentioned in the time charter the vessel would be governed by the charter party under which originally it was chartered.
whether the time charter party dated 6th. may,1997 came to an end by efflux of time on 30th august,1998.
the short question for determination is whether on the expiry of the extended period of charter hire on 31st august,1998,charter party dated 6th may,1997 came to an end and the arbitration agreement between the parties perished with it.

ANALYSIS
that neither the arbitral tribunal nor the high court have gone into the question whether the claim made by the respondent would otherwise fall within the ambit of the arbitration clause in the charter party or not.
what is in dispute is whether the arbitration agreement between the parties had got extinguished after 31st august,1998,i.e.the date of expiry of the extended period of the charter party.
it is,no doubt,true that the general rule is that an offer is not accepted by mere silence on the part of the offerree,yet it does not mean that an acceptance always has to be given in so many words.
under certain circumstances,offerree s silence,coupled with his conduct,which takes the form of a positive act,may constitute an acceptance an agreement sub silentio.
therefore,the terms of a contract between the parties can be proved not only by their words but also by their conduct.
in our view,the principle of sub silentio is clearly attracted in the present case.
there was no response by the appellant to respondent s letter dated 4th january,1999 though it appears that vide their letter of even date,the appellant did suggest to the respondent that as a token of formal agreement the said letter may be jointly signed by the charterers and the vessel owners.
admittedly,no such agreement was signed between the parties.
indubitably,there was no further exchange of correspondence between the parties during the year.
on a conjoint reading of the clauses,it is plain that the appellant was under an obligation to re-deliver the vessel as per the procedure contemplated in the afore-noted clauses.
indisputably,the vessel in question had not been re-delivered at least during the relevant period and the appellant continued to use the vessel beyond 31st august,1998.
having failed to re-deliver the vessel in terms of cl.4.1 of the charter party,the appellant cannot plead that the charter party had been fully worked out.
it is clear from the pleadings and issue no.2,framed by the arbitral tribunal,that it was respondent s consistent stand that since the hired vessel had not been re-delivered at the end of the time charter party,the vessel would be governed by the terms and conditions in the charter party dated 6th may,1997.
however,the arbitral tribunal answered the said issue against the respondent.
it appears to us that even the question in regard to the effect and consequences of non-delivery of the vessel in terms of the cl.4.1 and 23 would by itself be a dispute arising under the said charter party .with. respect. the learned arbitral tribunal overlooked this aspect of the matter.
resultantly,the appeal being devoid of any merit is liable to be dismissed,which we do,leaving the parties to bear their own costs.

STATUTE
it would be appropriate to refer to cls.4 and 23 of the charter party dated 6th may,1997.
these are in the following terms: ""4.delivery &; redelivery 4.1.
the vessel shall continue to be on charter to charterers in direct continuation from 2348 hrs.22.09.1996 to 30.06.1998.
the vessel shall be re-delivered by charterers to owners on dropping last outward pilot at any port on west coast of india at charterers option.
charterers to give owners 15 days notice to probable port of re-delivery. 4.2 charterers to load last three cargoes clean and re-deliver the vessel in clean condition.","['IN-Ext:2007_B_76:retrieval-0000', 'IN-Ext:2007_B_76:retrieval-0001', 'IN-Ext:2007_B_76:retrieval-0002', 'IN-Ext:2007_B_76:retrieval-0004', 'IN-Ext:2007_B_76:retrieval-0007', 'IN-Ext:2007_B_76:retrieval-0033']"
LQA-060,"Case background: Littlewoods appeals on this issue; (2) If Littlewoods claims for compound interest are excluded by sections 78 and 80 of the 1994 Act, whether that exclusion is contrary to EU law, in light of the Court of Justice of the European Unions (CJEU) in Case C 591/10 Littlewoods. Which precedent or governing legal principle did the court apply, and how was it applied?",medium,precedent_application,True,answer_with_supported_citations,test_uk_abs,UK-Abs,United Kingdom,uksc-2015-0177,89be31445c4e424eb1837185af433f03e4e2e396b864ce6de8561fb1eb142140,UK-Abs:uksc-2015-0177:reference,e5bd99a970ab29dd499dd3f257302a44c56657efc4090307e185896ffb7a540a,,"Littlewoods overpaid VAT to HMRC between 1973 and 2004.
Between 2005 and 2008, HMRC repaid the principal sum of 205 million, together with simple interest of 268 million.
In these proceedings, Littlewoods seek additional interest, calculated on a compound basis as 1.25 billion, on the ground that such interest is due under the common law of restitution, either as restitution for a mistake of law, or as restitution of tax unlawfully demanded (a Woolwich claim).
The two issues for the Supreme Court in the present case are: (1) Whether Littlewoods common law claims are excluded by sections 78 and 80 of the Value Added Tax Act 1994 (the 1994 Act) as a matter of English law, and without reference to EU law.
The lower courts found that Littlewoods common law claims were barred by the 1994 Act.
Littlewoods appeals on this issue; (2) If Littlewoods claims for compound interest are excluded by sections 78 and 80 of the 1994 Act, whether that exclusion is contrary to EU law, in light of the Court of Justice of the European Unions (CJEU) judgment in Case C 591/10 Littlewoods.
The lower courts found that denying compound interest was contrary to EU law.
HMRC appeals on this issue.
Other issues were raised, but these would only need to be decided if Littlewoods were successful on either of the first two issues.
The Supreme Court unanimously dismisses Littlewoods cross appeal on the first issue, and allows HMRCs appeal on the second issue.
Lord Reed and Lord Hodge give a joint judgment, with which the rest of the Court agrees.
The first issue: whether the common law claims are excluded by the 1994 Act Section 78 of the 1994 Act impliedly excludes the claims made by Littlewoods, as a matter of English law, for the following reasons.
First, the scheme created by section 78 is inconsistent with the availability of concurrent common law claims to interest.
The right to interest in section 78 is subject to certain limitations, including (i) section 78(1), which limits HMRCs liability to pay interest to cases of error by HMRC [31]; (ii) section 78(3),
and the provisions to which it refers, which determine that the interest rate is calculated on a simple rather than a compounded basis [32]; (iii) section 78(11), which sets the applicable limitation period, which is shorter than the limitation period that would apply to a common law claim [33].
These limitations would be defeated and rendered effectively pointless if it were possible for the taxpayer to bring a common law claim[34].
Second, section 78 states that the liability to pay interest under that section applies if and to the extent that [the Commissioners] would not be liable to do so apart from this section.
On a literal meaning, this would permit a common law claim for interest to be made outside section 78.
At the time section 78 was enacted, however, the type of common law claim made by Littlewoods in the present case had not yet been recognised in law, and was thus not contemplated by Parliament when it enacted the legislation.
It cannot have been Parliaments intention that a common law claim would be permitted in any case where an amount was paid under section 80, as this would render section 78 a dead letter, and would fatally compromise the statutory scheme.
As such, the reservation in section 78(1) (italicised above) cannot be read literally.
It must be construed as referring only to statutory liabilities to pay interest, not to a common law liability for interest [34 39] The second issue: whether EU law requires the payment of compound interest The CJEU judgment does not require reimbursement of the losses constituted by the unavailability of money.
The CJEU has given member state courts a discretion to provide reasonable redress in the form of interest in addition to the principal sum.
The lower courts in this case read too much into the phrase adequate indemnity in the CJEU judgment [51, 70].
Three reasons support this view.
First, when read as a whole, the CJEUs judgment, which directly addresses the issue in this case, is clear.
The judgment can be analysed in the following three parts: (i) there is a general entitlement to interest on tax levied in breach of EU law (paras 24 26 of the CJEU judgment); (ii) it is for member states to determine whether the interest rate is simple or compound, subject to the principle of effectiveness which requires that the calculation of that interest should amount to reasonable redress or an adequate indemnity for the taxpayers loss (paras 27 29 of the CJEU judgment); and (iii) the suggestion that interest which is over 125% of the principal sum might be such reasonable redress (para 30 of the CJEU judgment) [52 59, 71].
Second, there is a widespread practice among EU member states of awarding taxpayers simple interest on the recovery of taxes which were unduly paid.
If the CJEU were seeking to outlaw that practice, one would have expected clear words to that effect [60, 72].
Third, the prior and subsequent case law of the CJEU is consistent with the principle that there is an EU right to interest, but that the rate and method of calculation of interest are matters for the member states.
Case C 271/91 Marshall, where the CJEU held that interest had to be awarded to take account of the diminution in value of money over time, was a case about the measure of compensation for sex discrimination, and is distinguishable from the present case [61 69].
In summary, the payment of interest in this case cannot realistically be regarded as having deprived Littlewoods of an adequate indemnity [73].
The other issues raised in the appeal do not arise for decision, as they would arise only if Littlewoods were successful on either of the first two issues [16].","['UK-Abs:uksc-2015-0177:retrieval-0001', 'UK-Abs:uksc-2015-0177:retrieval-0002', 'UK-Abs:uksc-2015-0177:retrieval-0035', 'UK-Abs:uksc-2015-0177:retrieval-0008', 'UK-Abs:uksc-2015-0177:retrieval-0017', 'UK-Abs:uksc-2015-0177:retrieval-0003']"
LQA-061,"Case background: carrying on any business, profession or vocation in which tax was at any time charged under the provisions of the Indian Income tax Act, 1918, is succeeded in such capacity by another person, the change not being merely a change in the constitution of a partnership... How did the court connect the governing legal rule to the facts in reaching its conclusion?",hard,judicial_reasoning,True,answer_with_supported_citations,test_in_abs,IN-Abs,India,1697,bf19822571850d2bfb9517836d9c519ad6358f33be9d1232e63eec7dc4ba5580,IN-Abs:1697:reference,32cf0652eab5526f9b50895e86ad35fe6168388da86b4a7a312b06562fa0867a,,"By section 25 (4) of the Income tax Act, ""Where the person who was at the commencement of the Indian Income tax (Amendment) Act, 1939.
carrying on any business, profession or vocation in which tax was at any time charged under the provisions of the Indian Income tax Act, 1918, is succeeded in such capacity by another person, the change not being merely a change in the constitution of a partnership, no tax shall be payable by the first mentioned person in respect of the income, profits and gains of the period between the end of the previous year and the date of such succession."" A firm bearing the same name as the appellant firm, had been carrying on business from before 1918 and had paid tax on that business under the Income tax Act, 1918.
The firm did three kinds of businesses, namely, (a) in piece goods, yam as general merchants, 92 (b) in the manufacture and sale of umbrellas and (c) in the manufacture and sale of soaps.
There were various changes in the constitution of the firm between 1918 and 1934.
In May 1939 two, documents were executed, one by the then members of the firm, and a stranger H. being exhibit CI and the other by those members alone,.
being exhibit CII.
It appeared from exhibit CI that the business in the manufacture and sale of umbrellas and soaps was being carried on from October November 1937 by the parties to it as partners while exhibit CII showed that the parties to it had been carrying on the business in yarn piecegoods and as general merchants as partners from the same time as mentioned in exhibit Cl.
On October 30.
1943 a document styled as an agreement of partnership was executed by five persons who were then the persons interested in the businesses carried on under the instrument of May 30, 1939.
This document referred to the two, agreements of partnership of May 30, 1939 and certain subsequent retirements of partners and admissions of new partners and provided that the businesses previously carried on by the two partnerships.
referred to in the instruments of May 30, 1939, would thereafter be carried on by one single partnership constituted by the parties to it.
Thereafter all the businesses aforesaid were carried on by this single partnership.
The firm constituted by the instrument of October 30, 1943 continued with certain changes in its constitution till February 7, 1948 when the then partners of, it entered into an agreement with a company to transfer the business of the firm to the latter, the transfer to be completed by February 13, 1948 and the transfer was in fact made.
The firm constituted by the document of October 30, 1943 claimed relief under section 25(4) in assessment for the years 1948 49 and 1949 50 on the ground that it had been carrying on a business on April 1, 1939 when the Income tax (Amendment) Act, 1939 commenced; to operate on which business tax had been charged under the Act of 1918 and that it was succeeded in that business by a company in February 1948.
Held: (per Sarkar and Shah JJ.).
The assessee was not entitled to the relief.
Cl and CII showed that the business that had been carried on by the firm existing in 1918 was discontinued in October/November 1937 and its businesses were split up into two and from then carried on by two independent partnerships brought into existence by those documents.
The old firm was brought to an end by Exs.
Cl and CII.
When a business carried on in one unit is disintegrated and divided into parts, the parts are not the whole, though all the parts taken together constitute the whole.
In such case there is a discontinuance of the original businesses.
section N. A. section A. Annamalai, Chettiar vs Commissioner of Income tax, Madras, referred to.
93 The business on which tax had been charged under the Act of 1918 was not being carried on April 1, 1939 by the firm which had paid tax under that Act.
The business to which the company succeeded under the agreement ,of February 7, 1948 cannot before the succession be said to have been carried on by a firm which was carrying on business on April 1, 1939, for that firm had been newly formed under the instrument of ,October 30, 1943, which expressly revoked the partnership agreements of May 30, 1939 under which two firms had been brought into brought into existence.
Per, Hidayatullah J. (dissenting) (i) Sub sections
(3) and (4) of section 25 ,of the Act are mutually exclusive . sub section
(3) was only applicable when the business was discontinued and that in the term ""succession"" was not to be included a change in the constitution of the partnership.
In sub section
(4) the emphasis is on succession to a person who on April 1, 1939 was carrying on any business on which tax was at any time ,charged under the Act 1918.
In sub section
(3) the emphasis is on the discontinuance of the business which had paid tax under the Act 1918.
(ii) There is difference of approach to the same facts under the law of partnership and the Income tax law.
Charandas vs Haridas, (1960)39 and Dulichand vs ,Commissioner of Income tax, Nagpur, [1956] S.C.R. 154, referred to.
(iii) Discontinuance of a firm is not a mere change in the constitution of the firm or even succession where, though the business changes hands, the original business which paid the tax in 1918 is carried on.
Shivram Poddar vs Income tax, Officer, C. A. No. 455 of 1963 dated December 13, 1963, referred to.
(iv) All cases of discontinuance of businesses are treated under sub section
(3) and all cases of succession under sub section
(4) and all cases of mere change in the constitution of the firm are neither cases under sub section
(3) nor under sub section
These sub sections do not apply to cases where the business was not in existence before the Act 1922 came into force.
Ambalal Himatlal vs Commissioner of Income tax and Excess Profits Tax, Bombay North, , referred to.
(v) Since the soap and umbrella businesses were not in existence and no relief could be claimed in respect of these businesses, changes in respect of them were irrelevant.
(vi) by the expression ""discontinued"" in sub section
(3) is meant complete cessation of business.
In the present case it could be said that this had taken place in respect of the piece goods business; this might 94 have been managed by persons other than those who had paid the tax under the 1918 Act, but the business was not discontinued for the application of sub section
Commissioner of Income tax, Bombay vs P. E. Polson, (1945)13 Commissioner of Income tax, West Bengal vs A. W. Figgies and Co. ; and Mevoppar vs Commissioner of Income tax, Madras, 1.
L. R. referred to.
(vii) In the present case there was no succession and it falls within the rule laid down by this Court in Figgies ' case.
(viii) Though a firm was to be regarded as an entity for the purpose of the Income tax Act, that entity was not to be taken to be disturbed by the coming in or going out of partners.
Applying the test to the present case it was held that the identity of the entity was never lost and there was never a succession till the year 1948.
No question of the dissolution of the old firm in piece goods business ever arose.
It continued right through, even other newly started businesses were owned by it.
It cannot be said that the old firm had either discontinued or had been succeeded by another person.
Hemchand was a mere employee though described as a partner.
The entry of Hemehand did not constitute a dissolution of the old firm.
Commissioner of Income tax, Bombay City vs Kolhia Hirdagarh, Co. Ltd., Bombay, (1949) 17 ; and Commissioner of Income tax, Bombay City vs Sir Homi Metters Executor, , referred to.
(ix) The appellants are entitled to succeed in their claim regarding the business in piece goods yarn and banking which alone had paid tax under the 1918 Act.","['IN-Abs:1697:retrieval-0002', 'IN-Abs:1697:retrieval-0039', 'IN-Abs:1697:retrieval-0054', 'IN-Abs:1697:retrieval-0026', 'IN-Abs:1697:retrieval-0008', 'IN-Abs:1697:retrieval-0005']"
LQA-062,"Case background: the appellant got the trade mark 'infosys' registered in 1987 in classes 16 and 9 in connection with computer stationery,computer manuals,printed manual for computer instruction and teaching materials; computer hardwares,computer interface,computer peripherals... What were the parties' competing arguments, and why did the court accept one position over the other?",hard,arguments_and_reasoning,True,answer_with_supported_citations,test_in_ext_expert,IN-Ext,India,2010_J_55,817d94b8fdafb8a57289ef77f479cf682e076bc8c38bbd35d582dbc8a909c440,IN-Ext:2010_J_55:A1,cc3c06ef0de06e7fade1ad5092ec11f74786f19a8652818085e4194dd601a3b3,,"FACTS
the appellant is infosys technologies limited.
it was incorporated and registered under the companies act,1956 on july 2,1981 in the name of infosys consultants private limited.
the appellant got the trade mark 'infosys' registered in 1987 in classes 16 and 9 in connection with computer stationery,computer manuals,printed manual for computer instruction and teaching materials; computer hardwares,computer interface,computer peripherals,electronics telex interface and in 1988 in class 7 in connection with machine and machine tools and motors (not for land vehicles).
on april 21,1992,the name of the company infosys consultants pvt.limited was changed to infosys technologies pvt.ltd.and thereafter on june 2,1992,the name was changed to the present name,i.e.infosys technologies limited.
the first respondent is jupiter infosys limited.
the first respondent was incorporated and registered in september 1978 under the name of jupiter agencies pvt.limited.
the name of the first respondent was changed to jupiter infosys (p) limited in august,1995 and now since july,2003,the name is changed to jupiter international limited.
on october 11,1996,the appellant instituted a suit in the calcutta high court for perpetual injunction,inter alia,restraining the first respondent from infringing the appellant's mark 'infosys' by using the mark 'infosys' by itself or in combination with other marks in course of its trade.
the appellant also prayed for an interim order in the suit.
on november 22,1996,the calcutta high court by an ad-interim order restrained the first respondent from using the word 'infosys' in any manner in relation to the goods for the time being.
the ad-interim order was confirmed on november 29,1996.
the appellant having come to know of several instances of misuse of mark 'infosys' also filed a writ petition before the calcutta high court,inter alia,praying that the registrar of companies be restrained from registering the companies bearing the name 'infosys'.
on september 13,2000,the calcutta high court restrained the department of company affairs and registrar of companies from incorporating any company bearing the name 'infosys' without the permission of the appellant.
in january 2001,the appellant filed yet another suit before the high court of judicature at madras for permanent injunction restraining the first respondent from offering shares to the public as claimed in the initial public offer (ipo) using 'infosys'.
the first respondent then filed three separate applications before the madras high court,inter alia,under sections 46 and 56 of the trade and merchandise marks act,1958.
the first respondent prayed for the removal/rectification of the entry in the register of trade mark in respect of trade mark no.475269 in class 16 while in the other two applications being,the first respondent prayed for removal/rectification of trade mark no.475267 in class 9 and trade mark no.484837 in class 7 respectively.

ARGUMENT
assailing the finding of the ipab as regards non-use by the appellant during the relevant period,learned counsel for the appellant argued that the said finding was erroneous on legal as well as factual premise.
he contended that the ipab erred in holding that software was a 'service' and the subject registrations were in relation to goods without considering the wide definition of 'goods' provided under section 2(g) of the 1958 act.
mr.akhil sibal argued that the ipab committed grave error in relying upon the provisions of the 1999 act and the trade marks rules,2002 when these provisions were not applicable as the applications were filed under the 1958 act.
the ipab sought to rely upon 'computer programming' which is a 'service' enumerated in class 42,without considering the distinction between a 'computer programme' and 'computer programming' and without noticing the entry 'computer' under class 9 which falls within 'goods'.
learned counsel would submit that in examining the question of non-use under section 46(1)(b),the ipab failed to consider that the requisite use must be 'in relation to goods' under registration,which is extensively defined under section 2(2)(b) of the 1958 act.
the plea of 'aggrieved person' is a new plea and raised substantially for the first time before this court.
he argued that the appellant has not taken the plea of the first respondent not being a 'person aggrieved' with respect to filing of the applications for rectification before the ipab; merely urging the plea that the first respondent has no locus standi in the written submissions before the ipab is not sufficient.
learned counsel would submit that the appellant has,for the first time,argued before this court that the first respondent is not a person aggrieved and/or not capable of maintaining the rectification proceedings with respect to each and every good for which the appellant has been registered since the first respondent has not been registered for all the goods.

ISSUE
(a) whether the mark applied for registration was used in respect of the goods for which the mark was registered?
(b) whether the respondent had a bonafide intention to use the mark applied for under section 18 of the trade and merchandise marks act?
(c) whether the mark registered in favour of the respondent is a service mark? (d) whether there is a non use of registered trade mark by the respondent for a period of over 5 years and 1 month.
(e) whether the registered trade mark is disentitled for protection in a court of law under section 11(e) of the trade and merchandise marks act?
(f) whether the registered trade mark has lost its distinctiveness and is liable to be removed under section 32(c)?
(g) whether the respondent has committed fraud while obtaining registration of the mark?
(h)to what further relief?

ANALYSIS
whether the application is under section 46 or under section 56 or a composite application under both sections,it is a pre-requisite that the applicant must be a person aggrieved.
section 46(1) of the 1958 act enables any person aggrieved to apply for removal of registered trade mark from the register on the ground of non use as stated in clause (a) and/or clause (b).
to be an aggrieved person under section 46,he must be one whose interest is affected in some possible way; it must not be a fanciful suggestion of grievance.
a likelihood of some injury or damage to the applicant by such trade mark remaining on the register may meet the test of locus standi.
in kerly's law of trade marks and trade names (11th edition) at page 166,the legal position with regard to 'person aggrieved' has been summarized thus the persons who are aggrieved are all persons who are in some way or the other substantially interested in having the mark removed where it is a question of removal from the register; including all persons who would be substantially damaged if the mark remained, and all trade rivals over whom an advantage was gained by a trader who was getting the benefit of a registered trade mark to which he was not entitled.
the court accept the above statement of law.
sections 46 and 56 require 'person aggrieved' to apply for removal of the registered trade mark from the register or rectification of a trade mark in the register,the expression 'person aggrieved' for the purposes of these two sections has different connotations.
in hardie trading ltd 2003 indlaw sc 756.(2003) 11 scc 92),this court stated that the phrase ""person aggrieved"" is a common enough statutory precondition for a valid complaint or appeal.
the phrase has been variously construed depending on the context in which it occurs.
three sections viz.sections 46,56 and 69 of the act contain the phrase.
section 46 deals with the removal of a registered trade mark from the register on the ground of non-use.
this section presupposes that the registration which was validly made is liable to be taken off by subsequent non-user.
section 56 on the other hand deals with situations where the initial registration should not have been or was incorrectly made.
but if the ground for rectification is merely based on non-user i.e.under section 46 of the act,that is not really on account of any public mischief by way of an incorrect entry.
the non-user does not by itself render the entry incorrect but it gives a right to a person whose interest is affected to apply for its removal.
an applicant must therefore show that in some possible way he may be damaged or injured if the trade mark is allowed to stand.
addisons' application was one under section 46 and the test to determine whether the applicant was a ""person aggrieved"" within the meaning of that section should have been the one laid down by romer,j.in wright case and not the one propounded by the house of lords in the matter of powell's trade mark.
in a recent decision in the case of kabushiki kaisha toshiba (2008) 10 scc 766) 2008 indlaw sc 1395, this court stated that section 46 speaks for private interest while section 56 speaks of a public interest.
in the first place,when the first respondent applied for rectification/removal in respect of three registrations in classes 7,9 and 16,it must have shown in respect of each of them that it is a 'person aggrieved' and the ipab must have separately considered in respect of each registration the locus standi of the first respondent as the considerations for each entry might not have been common.
during the pendency of the applications,certain events had taken place which had some bearing on the question of locus standi of the first respondent insofar as invocation of section 46 (1) of the 1958 act is concerned.
in terms of section 46(1),not only that the applicant has to show that he is an aggrieved person as his interest is being affected but the ipab must also be satisfied,before it directs the removal of registered trade mark,that the applicant is an aggrieved person before it invokes the power in directing the removal of the 26 registered trade mark.
this is so because the pre-requisite for exercise of power under section 46(1) is that the applicant is a person aggrieved.
in the circumstances, the court was satisfied that the applications made by the first respondent for rectification/removal of the subject trade marks from the register need to be considered afresh by the ipab in accordance with law and the observations made above.
since the first respondent has also grievance in connection with the impugned order particularly with regard to non-consideration of its case under section 56 of the 1958 act, the court refrained from going into the merits of the diverse contentions raised before us and leave the parties to agitate these contentions before the ipab.

STATUTE
s.46 of the trade and merchandise marks act - removal from register and imposition of limitations on ground of non-use.
s.56 of the trade and merchandise marks act -power to cancel or vary registration and to rectify the register.","['IN-Ext:2010_J_55:retrieval-0000', 'IN-Ext:2010_J_55:retrieval-0001', 'IN-Ext:2010_J_55:retrieval-0004', 'IN-Ext:2010_J_55:retrieval-0015', 'IN-Ext:2010_J_55:retrieval-0002', 'IN-Ext:2010_J_55:retrieval-0017']"
LQA-063,"Case background: The second concerns the compatibility of the statutory scheme for participation in the childrens hearing with the rights of the father (and indeed the child) under the European Convention on Human Rights. Identify the controlling issues, explain the court's reasoning, and state the final outcome.",hard,multi_issue_synthesis,True,answer_with_supported_citations,test_uk_abs,UK-Abs,United Kingdom,uksc-2010-0128,8c0d3593a3ab38a2ba5b7e39228af3cbfd818d1c7658164d795aa03cf8eb79e5,UK-Abs:uksc-2010-0128:reference,7ab529b215d70c864fa34ab30a3da06baa04339cfefdb2ed4b9587b28d672146,,"This is a case about the rights of unmarried fathers to take part in childrens hearings under Part II of the Children (Scotland) Act 1995.
It raises two distinct issues.
The first concerns the kind of order made in the sheriff court which would be effective to give a father the right to take part in the childrens hearing.
The second concerns the compatibility of the statutory scheme for participation in the childrens hearing with the rights of the father (and indeed the child) under the European Convention on Human Rights.
The appellant K is an unmarried father.
He formed a relationship with JR.
They cohabited and had a child, L, born in May 2002, whose birth they registered together.
Their relationship subsequently broke down.
After the separation, K continued to have contact with L, and was involved with her hospital appointments until at least September 2003.
In about May 2004, K raised proceedings in the sheriff court seeking full parental responsibilities and parental rights and a contact order.
An interim order for weekly overnight stays was made.
In December 2005, JR alleged that K had abused L. In March 2006, the local authoritys social work services department referred the case to the Principal Reporter on the ground that L was in need of compulsory measures of supervision.
There were childrens hearings in June and July and in August the sheriff deemed the grounds of referral proved and remitted the case to the childrens hearing.
K was not entitled to attend any of these hearings as he was not a relevant person within the meaning of section 93(2)(b) of the 1995 Act.
At a child welfare hearing on 27 October 2006, the sheriff made an order granting K parental rights and responsibilities to the extent that he becomes a relevant person in the childrens referral.
Thereafter K attended the childrens hearings.
In August 2007, the hearing imposed a condition of no contact between K and L.
In January 2009 K appealed against the continuation of this condition.
The Principal Reporter then challenged the sheriffs order in the Court of Session on the ground that it was incompetent.
On 27 March 2009, the Lord Ordinary suspended the sheriffs order of 27 October 2006.
On 21 January 2010 the First Division refused Ks appeal and his application for a declaration of incompatibility with the European Convention on Human Rights.
Section 11(1) of the 1995 Act provides that the sheriff court may make an order in relation to parental responsibilities and parental rights.
Subsection (7) provides that in considering whether to make an order under subsection (1), the court shall regard the welfare of the child as its paramount consideration, shall not make an order unless it would be better for the child to do so, and, where practicable, shall ascertain the childs views.
These considerations are referred to as the overarching principles.
Section 93(2)(b) defines relevant person as a person (including a parent) with parental responsibilities or parental rights or who appears to be a person who ordinarily has charge of, or control over, the child.
The Supreme Court unanimously allows the appeal.
Lord Hope and Lady Hale give the judgment of the Court.
The Court holds that the sheriffs order of 27 October 2006 was not incompetent and so recalls the First Divisions interlocutor and dismisses the petition.
The Court declares that section 93(2)(b)(c) of the Children (Scotland) Act 1995 should be read so as to include the words or who appears to have established family life with the child with which the decision of a childrens hearing may interfere.
The Court makes a finding that K is a relevant person within the meaning of section 93(2)(b)(c) as so read.
The Court notes that the case raises a fundamental issue about fairness.
Neither in July nor in August 2006 did K have the opportunity to refute the allegations in the grounds of referral.
This is contrary to one of the fundamental rules of natural justice, the right to be heard. [14] The order of 27 October 2006 was competently pronounced.
The order was one which the sheriff had power to grant under section 11(1) of the 1995 Act.
The defect in the order is one of specification, not of substance.
While it would have been better if the sheriff had expressly referred to the relevant provisions of the 1995 Act and to the relevant parental responsibilities and rights, and to the fact that participation in the childrens hearing set the limits for the exercise of those responsibilities and rights, the order was not incompetent because he did not do so. [24] [28] There was not a sound basis for the First Divisions view that the sheriff failed to apply the overarching principles.
Such evidence as there is suggests that the very experienced sheriff had these principles in mind throughout the hearing.
In any event, failure to apply the correct principles when making an order, while it may be a ground of appeal, would not normally render the order incompetent. [31] A parent (or other person) whose family life with the child is at risk in the proceedings must be afforded a proper opportunity to take part in the decision making process.
As currently constituted the childrens hearing system violated the article 8 rights of K (and indeed of L) and risks violating the rights of others in the same situation.
The childrens hearing has to have the best and most accurate information that it can in order to make the best decisions about the child.
The only justification advanced for excluding a father unless and until he secures a parental responsibilities and parental rights order from the sheriff court is to ensure that only persons who can make a meaningful contribution to the hearing are present.
However, it is difficult to see how excluding a father such as K can possibly be proportionate to that aim.
All fathers registered since 4 May 2006 are entitled to be present.
Further, when the alleged grounds for referring the child consist almost entirely of allegations against the father, it cannot possibly be legitimate to exclude him for the purpose of restricting the numbers. [39] [48] The incompatibility with Article 8 can be cured by inserting the words or who appears to have established family life with the child with which the decision of a childrens hearing may interfere into section 93(2)(b)(c) of the 1995 Act. [69]","['UK-Abs:uksc-2010-0128:retrieval-0000', 'UK-Abs:uksc-2010-0128:retrieval-0014', 'UK-Abs:uksc-2010-0128:retrieval-0001', 'UK-Abs:uksc-2010-0128:retrieval-0027', 'UK-Abs:uksc-2010-0128:retrieval-0011', 'UK-Abs:uksc-2010-0128:retrieval-0053']"
LQA-064,Case background: What the Tribunal has failed to notice is that instances which may justify a revision of the judicial opinion expressed on an earlier occasion about a particular trend must be strong and unambiguous and they must speak for the period both before and more particularly after the previous... What material facts created the dispute considered by the court?,easy,facts,True,answer_with_supported_citations,test_in_abs,IN-Abs,India,1789,bf4bc1320b4eb1e7f0e022e7cfadd5007be2cca99d253f242b06ed792b95332f,IN-Abs:1789:reference,53ee956c49ca3ce775793f587ece0c888445563ea5d6ca0acdfce46f77282ef0,,"Shortly after the extension of the age of retirement from 55 to 58 subject to the employee passing a medical examination at 55 in the respondent company 's Head Office at Calcutta, their workmen at Bombay branch raised an industrial dispute claiming the extension of their age of retirement from 55 to 60.
The dispute was referred to the Industrial Tribunal.
The company resisted the claim but was agreeable to introduce similar provisions as introduced at Calcutta.
The difficulty in accepting the company 's case was the conclusion recorded by the Supreme Court in its earlier decisions that the trend in Bombay region was to fix the age at 60.
So the Tribunal considered it to be its duty to enquire whether the conclusion recorded by the Supreme Court was accurate and ultimately persuaded itself to hold that no such trend was established in fact, and directed that the age of retirement should be 58.
Held: (i) After careful consideration of all the materials placed on this record, there was nothing to justify any doubt about the correctness of what was said on the earlier occasion by this Court.
The approach adopted by the Tribunal in dealing with this aspect of the problem is not very commendable and its present conclusion that what was said by itself on an earlier occasion and was confirmed by this Court in appeal, was in fact inaccurate, is on the whole unsound.
What the Tribunal has failed to notice is that instances which may justify a revision of the judicial opinion expressed on an earlier occasion about a particular trend must be strong and unambiguous and they must speak for the period both before and more particularly after the previous finding had been recorded in the matter.
(ii) The information furnished by the several documents on this record clearly show a consistent trend in the Bombay region to fix the retirement age of clerical and subordinate staff at 60.
Imperial Chemical Industries (India) Private Ltd. vs Their Workmen, ; and Dunlop Rubber Co. Ltd. vs Workmen ; , relied on.","['IN-Abs:1789:retrieval-0001', 'IN-Abs:1789:retrieval-0006', 'IN-Abs:1789:retrieval-0004', 'IN-Abs:1789:retrieval-0003', 'IN-Abs:1789:retrieval-0008', 'IN-Abs:1789:retrieval-0007']"
LQA-065,"Case background: the main controversy was whether the appellant had sublet the premises to defendant no.2,bharat neon signs or whether he being a partner of the said firm had permitted the said firm to use the premises in question. How did the dispute progress through the authorities or lower courts?",easy,procedural_history,True,answer_with_supported_citations,test_in_ext_expert,IN-Ext,India,1987_S_26,8604dddbf995d8665155190b162f4220bf6befdf306bef5cd1cf5bedf9b6565a,IN-Ext:1987_S_26:A1,7af1e0ec45b9824db9a763295351addabfab892e0412e89649c9a29d18381351,,"FACTS
the appellant claimed to be the tenant in respect of the two premises which are quite adjacent to each other,one of which is involved in this appeal.
the respondent who is the landlord of the two premises leased out to the appelllant and father, for conducting the business in the name of ahmedabad fine.
the appellant no.1 had closed the business and he was not using the said premises for the purpose for which it was let to him.
it was the case of the appellant that in respect of the suit premises he was carrying on his business with respondents. nos.2,4 and 5 in the name of respondent no.2,m/s. bharat neon signs.
the main controversy was whether the appellant had sublet the premises to defendant no.2,bharat neon signs or whether he being a partner of the said firm had permitted the said firm to use the premises in question.
partnership deed records six persons who were to run the business in manufacturing and selling bharat neon signs tubes.
on or about 24th of october,1960. another partnership deed being exhibit-69 came to be executed among the six persons and the father of the appellant girdharlal

ARGUMENT
he has stated further that the suit premises were to be used for business and he could use it for any business and he joined in partnership with defendants nos.2 to 5 somewhere in 1961 to prepare neon signs and the defendants nos.2 to 5 were his partners and doing business in the suit premises.
he contended further that the suit premises was with him and the defendants nos.2 to 5 had not acquired any tenancy rights in the suit premises.
it is further stated that he had filed a civil suit to dissolve the partnership and to take account and his suit was pending in city civil court.
it was contended by mr. mehta that there was no agency; reading the partnership deeds as we have read that conclusion does not emanate from position appearing debiting the fixed amount payable to the appellant in the expenses account which also is not inconsistent with partnership.

ISSUE
whether the appellant herein and his father had sublet the premises in question in or about 1960 in terms of section 13(1)(e) of the bombay rents,hotel and lodging house rates control act,1947. hereinafter called the 'rent act') is' the question involved in this appeal by special leave from the judgment and order of the high court of gujarat dated 21st of august,1979.
the main question in issue in this appeal as well as before the high court in revision was whether there was a genuine partnership at the appellant was a partner.

ANALYSIS
the partnership deed exhibit-114 was executed by six persons and at that stage the appellant or his father were not partners in the firm.
but thereafter when the partnership deed exhibit-69 was executed the appellant and his father joined the firm with an agreement to share profits only and their share was fixed at 0.03 paise in a rupee.
there is a third partnership deed exhibit-70 which showed that the deceased tenant girdharlal had died on 1st of february,1961 and so by the remaining seven partners with same terms and conditions,a new partnership deed being exhibit-70 was executed on 22nd. september,1961.at this time the share of the appellant was fixed at 0.03 paise in a rupee to share the profits only.
it is well settled that if there was such a partnership firm of which the appellant was a partner as a tenant the same would not amount to subletting leading to the forfeiture of the tenancy.
for this proposition see the decision of the gujarat high court in the case of mehta jagjivan vanechand v. doshi vanechand harakhchand and others. a.i.r.1972 gujarat 6 1970 indlaw guj 68.
section 4 of the indian partnership act,1932,it says ""partnership is the relation between persons who have agreed to share the profits of a business carried on by all or any of them acting for all""
the terms and conditions in the partnership deed are as under.
1) the entire work of our partnership has to be carried out in the name of ""bharat neon signs.
2) the work to be carried out by our partnership is of manufacturing and selling neon signs tubes and of obtaining orders therefore.
3) whatever moneys that may be required to be invested in our partnership,are to be invested by the parties of the first,second,third,fourth and seventh parts out of us and the interest at the rate of 71/2 per cent per annum has to be paid for the moneys that may be invested in this partnership.
we are of the opinion that these were evidence that these terms were acted upon.
there was nothing intrinsically wrong in law in constituting a partnership in the manner it was done.
a right to appeal carries with it right of re-heating on law as well as fact. unless the statute conferring the right to appeal limits the re-hearing in some way.
the power to hear a revision is generally given to a superior court so that it may satisfy itself that a particular case is decided according to law.
the jurisdiction of high court is to correct all errors of law going to the root of the decision which would,in such cases,include even perverse findings of facts,perverse in the sense that no reasonable person,acting judicially and properly instructed in the relevant law could arrive at such a finding on the evidence on the record. in this view in our opinion the ambit of the power was expressed in rather wide amplitude.
as we read the power,the high court must ensure that the principles of law have been correctly borne in mind.
secondly,the facts have been properly appreciated and a decision arrived at taking all material and relevant facts in mind. it must be such a decision which no reasonable man could have arrived at.
lastly,such a decision does not lead to a miscarriage of justice.
we must,however,guard ourselves against permitting in the guise of revision substitution of one view where two views are possible and the court of small causes has taken a particular view.
if a possible view has been taken,the high court would be exceeding its jurisdiction to substitute its own view with that the courts below because it considers it to be a better view.
the fact that the high court would have taken a different view is wholly irrelevant.
the authority vested in the high court under the amendment still remained only in the domain of the jurisdiction and power of revision and no further.
the amending provision,therefore,only related to procedure and not to any rights of the parties.
sharing of profits and contributing to losses were not the only elements in a partnership,existence of agency was essential and whether there was a partnership or not is a mixed question of law and fact,depending upon the varying circumstances in different cases.
this view was reiterated by chief justice beaumont,in chimanram motilal and another v. jayantilal chhaganlal and another,a.i.r.1939 bombay 410 1939 indlaw mum 155.ramaswami,j.in mohammed musa sahib (dead) and others v. n.k.mohammed ghouse sahib and another,a.i.r.1959. madras 379 1958 indlaw mad 820 observed that whether the relation of partnership between two or more persons does or does not exit must depend on the real intention and contract of the parties and not merely on their expressed intention
in the instant case judged by the aforesaid principles of section 4 of partnership act,it is possible to hold that there was a partnership of which the appellant was a partner. the court of small causes considered these principles,evaluated the evidence and held that there was in fact and in law a partnership. such a view was not an impossible one or a perverse one.
if that was so,there was nothing that could be clone about such a view,within the ambit and scope of the power of section 29(2) of the rent act.

STATUTE
the power of the high court to revise the order is contained in section 29(2) of the bombay rent act as applicable at the relevant time to gujarat","['IN-Ext:1987_S_26:retrieval-0000', 'IN-Ext:1987_S_26:retrieval-0001', 'IN-Ext:1987_S_26:retrieval-0014', 'IN-Ext:1987_S_26:retrieval-0017', 'IN-Ext:1987_S_26:retrieval-0015', 'IN-Ext:1987_S_26:retrieval-0002']"
LQA-066,Case background: The appellants were convicted of serious criminal offences after trials in which the victims of the offences did not give evidence: in one case because he had since died and in the other because she had run away in fear when the trial was about to commence. How did the court ultimately dispose of the appeal or claim?,easy,outcome,True,answer_with_supported_citations,test_uk_abs,UK-Abs,United Kingdom,uksc-2009-0073,8c5daa88336cdfc762c3bd7e6499ba501eba0592bc510ded95e0be1e2a2f4256,UK-Abs:uksc-2009-0073:reference,822baff67084e5a87a9c542e6a9b698b27e0e41fd285f1e3c55b05553086f751,,"The appellants were convicted of serious criminal offences after trials in which the victims of the offences did not give evidence: in one case because he had since died and in the other because she had run away in fear when the trial was about to commence.
In each case a statement from the victim was admitted pursuant to s 116 Criminal Justice Act 2003 and placed before the jury.
The appellants complained that their convictions were based solely or to a decisive extent on the statement of a witness whom they had had no chance to cross examine.
This had infringed their right to a fair trial guaranteed by articles 6(1) and 6(3) of the European Convention on Human Rights which provide: 6(1) In the determination of his civil rights and obligations or of any criminal charge against him, everyone is entitled to a fair and public hearing within a reasonable time by an independent and impartial tribunal established by law (3) Everyone charged with a criminal offence has the following minimum rights: (d) To examine or have examined witnesses against him and to obtain the attendance and examination of The Court of Appeal had dismissed the appellants appeals against conviction, holding that the test of fairness laid down by the European Court of Human Rights in Al Khawaja and Tahery v United Kingdom (2009) 49 EHRR 1 was not determinative of the results in these appeals.
The United Kingdom had requested that this decision be referred to the Grand Chamber of the Strasbourg Court.
On 5 June 2009 the Panel of the Grand Chamber adjourned consideration of that request pending the judgement of the Supreme Court in this case.
The Supreme Court unanimously dismissed the appeal.
The judgment of the court was given by Lord Phillips, President. witnesses on his behalf under the same conditions as witnesses against him.
The questions before the court were (i) whether the regime enacted by Parliament in relation to the admission of the evidence of an absent witness at a criminal trial will result in an unfair trial and, if not (ii) whether the case law of the European Court on Human Rights nonetheless requires the court to apply that regime in a manner contrary to the intention of Parliament.
The requirement to take into account any judgment of the European Court of Human Rights found in s 2 Human Rights Act 1998 would normally result in the Supreme Court applying principles that were clearly established by the Strasbourg court.
There would however be rare occasions where the court had concerns as to whether a decision of the Strasbourg court sufficiently appreciated or accommodated particular aspects of the UK trial process.
In such circumstances it was open to the Supreme Court to decline to follow the Strasbourg decision, giving reasons for adopting this course.
This was likely to give the Strasbourg Court the opportunity to reconsider the particular aspect of the decision that was in issue, so that there took place what might prove to be a valuable dialogue between the courts [para 11].
The conclusions of the Court of Appeal were correct and the judgement of the Supreme Court should be read as complementary to that of the Court of Appeal and not as a substitute for it [para 13].
The Supreme Court held that the appellants trials were fair notwithstanding the decision in Al Khawaja for the following reasons: (i) The common law hearsay rule addressed the aspect of a fair trial covered by article 6(3)(d).
Parliament had enacted exceptions to the hearsay rule in a regime which contained safeguards that rendered the sole or decisive rule unnecessary. (ii) The Strasbourg Court had recognised that exceptions to article 6(3)(d) were required in the interests of justice but the jurisprudence on the exceptions lacked clarity and had introduced a sole or decisive rule without discussion of the principle underlying it or full consideration of whether it was justified to impose it equally on common law and continental jurisdictions (iii) The sole or decisive rule would create severe practical difficulties if applied to English criminal procedure.
In almost all cases English law would reach the same result without it.
Al Khawaja did not establish that it was necessary to apply the rule in this jurisdiction.
Judgments","['UK-Abs:uksc-2009-0073:retrieval-0000', 'UK-Abs:uksc-2009-0073:retrieval-0112', 'UK-Abs:uksc-2009-0073:retrieval-0002', 'UK-Abs:uksc-2009-0073:retrieval-0081', 'UK-Abs:uksc-2009-0073:retrieval-0071', 'UK-Abs:uksc-2009-0073:retrieval-0079']"
LQA-067,"Case background: The power under section 19 is independent of the power under section 45, because, while section 19 speaks of removal of a person, section 45 provides that on conviction by Court Martial an officer is liable to be cashiered or to suffer such less punishment as is in... Which question of law determined the resolution of the dispute?",medium,legal_issue,True,answer_with_supported_citations,test_in_abs,IN-Abs,India,3019,c21a3be31c46c3f14d19a70daa0b15d056eba86b16d87c21a6ecb8a297927eaf,IN-Abs:3019:reference,0e241cdb91d86e6564399fd84b9fd9d4b816a780a92af6fc5c736ae5b9ec7b29,,"The respondent, a commissioned officer in the Indian Army, was found to have committed acts of gross misconduct by a Court of Inquiry.
The Chief of the Army Staff was of the opinion that his trial by a General Court Martial was inexpedient, and the respondent was removed from service after following the procedure under r. 14 of the Army Rules, 1954.
On the question whether r. 14, which gives power to the Central Government to remove an officer without being tried and convicted by Court Martial was in derogation of section 45, , which specifically provides for conviction by court martial and punishment for unbecoming conduct, HELD : The rule is not ultra vires.
[451 D] (1) Section 19 of the Act provides that subject to the provisions of the Act and the rules made thereunder the Central Government may remove from service, any person subject to the Act.
Therefore, the section itself suggests that there should be rules regarding removal from service, and section 191 (2) (a) of the Act specifically gives power to make a rule providing for the removal from the service of persons subject to the Act.
[450 H; 451 A B] (2) Although section 19 uses the words ""subject to the provisions of this Act"", the section is not subject to section 45.
The power under section 19 is independent of the power under section 45, because, while section 19 speaks of removal of a person, section 45 provides that on conviction by Court Martial an officer is liable to be cashiered or to suffer such less punishment as is in the Act mentioned.
[451 B D]","['IN-Abs:3019:retrieval-0000', 'IN-Abs:3019:retrieval-0001', 'IN-Abs:3019:retrieval-0006', 'IN-Abs:3019:retrieval-0002', 'IN-Abs:3019:retrieval-0003', 'IN-Abs:3019:retrieval-0007']"
LQA-068,"Case background: in terms of the provisions of the act, along with late harshad mehta, the custodian had notified 29 entities in terms of s 3 of the act, comprising three of his younger brothers, wife of late harshad mehta... How did the court interpret or apply section 9 and rule 92 to resolve the dispute?",medium,statutory_interpretation,True,answer_with_supported_citations,test_in_ext_expert,IN-Ext,India,2006_A_136,98c400d6c1ba6a0cd7c73ff50429417c911a3c8db0900af985c45e76a0397c24,IN-Ext:2006_A_136:A1,4e17d7bf62cb1ad64524f9e90221ede1d4deeeb59d72c5bb3411898dfc45afa4,,"FACTS
appellants consists of four brothers, their wives, children and their widowed mother.
the eldest among them, harshad s. mehta, has since expired.
the said nine flats, it is said, were merged and redesigned for joint living of the entire family.
the appellants herein and the said late harshad mehta were persons notified in terms of the act which was enacted to provide for the establishment of a special court for the trial of offences relating to transactions in securities and for matters connected therewith.
in terms of the provisions of the act, along with late harshad mehta, the custodian had notified 29 entities in terms of s. 3 of the act, comprising three of his younger brothers, wife of late harshad mehta, wives of two of his younger brothers and other corporate entities, a partnership firm and three hufs.
however, out of the said 29 entitles, only late harshad mehta and two of his younger brothers were cited as accused in various criminal cases filed against them.
the properties of late harshad mehta and the appellants, herein being notified persons stood attached in terms of the provisions of the act.
misc. application being 4 of 2001 was filed by the custodian praying for the sale of commercial premises.
applications praying for lifting of attachment on their residential premises on the ground that the same had been purchased much prior to 1st april,1991 and the same had no nexus with any illegal transactions in securities.
alternatively, it was prayed that since their asset base was greater than genuine liabilities, the said residential premises should be released from attachment.
the learned special judge allowed misc. applications nos. 4 of 2001 and 41 of 1999.
the misc. applications filed by the appellants herein for release of the residential flats as well as the commercial premises from attachment were dismissed.

ARGUMENT
(i) some of the entities having their asset base much more than actual liability, the impugned judgments are unsustainable. there was no occasion for the custodian to club all the notified entities in one block so as to be termed as harshad mehta group and/or to club their assets and liabilities jointly. although in relation to a body corporate incorporated and registered under the indian companies act, the doctrine of lifting the corporate veil would be applicable, but the same cannot be applied in case of individuals.
(ii) having regard to the fact that only three entitles out of eight were involved in the offences, the liability of harshad mehta could not have been clubbed for the purpose of directing attachment and consequent sale of the properties which exclusively belong to them.
(iii) the liabilities of harshad mehta, who was a sui generis, could have been recovered from the properties held and possessed by him or from the companies floated by him but not from the individual entities; at least two of whom being medical practitioners have their income from other sources.
(iv) the books of accounts and other documents on the basis whereof the auditor's report had been made having not been allowed to be inspected by the appellants herein on the plea that they had the knowledge thereabout, the same could not have been taken into consideration for the purpose of passing of the impugned order or otherwise.
(v) the appellants having preferred appeals against the income tax orders of assessment passed by the authority and the same having been set aside, no liability to pay income tax by the appellants as of now being existing, the residential properties could not have been sold.
(vi) drawing our attention to a representative chart showing the discrepancies in the accounts of mrs. deepika a. mehta as shown in (a) affidavit by the custodian; (b) books of accounts maintained by the appellants; and (c) auditor's report, it was submitted that the auditor's report could not have been relied upon.
(vii) a copy of the auditor's report having only been supplied during pendency of these appeals, the learned special judge committed a serious error in passing the impugned judgment relying on or on the basis thereof. respondents.

ISSUE
(i)whether the appellants being not involved in offences in transactions in securities could have been proceeded against in terms of the provisions of the act.
(ii) whether individual liabilities of the appellants ought to have been separately considered by the special court as not a part of harshad mehta group.
(iii) whether the tax liabilities could not have been held to be due as the order of assessments did not become final and binding.
(iv) whether the commercial properties could have been sold in auction.
(v) whether the residential properties should have been released from attachment.

ANALYSIS
the provision contained in the act being stringent in nature, the purport and intent thereof must be ascertained having regard to the purpose and object it seeks to achieve.
the right of a person notified to file an application or to raise a defence that he is not liable in terms of the provisions of the act or in any event, the properties attached should not be sold in discharge of the liabilities can be taken at the initial stage by filing an application in terms of sub-s. (2) of s. 4 of the act.
but, at the stage when liabilities are required to be discharged, the notified person may inter alia raise a contention inter alia for the purpose of establishing that the properties held and possessed by them are sufficient to meet their liabilities.
in terms of the provisions of the act, the special court had been conferred a very wide power.
the appellants herein are notified persons in terms of the provisions of the act. therefore, all the properties belonging to them stand attached. such attachment being automatic, no finding was required to be arrived at that the same had been acquired either during the notified period or the appellants were involved in offences in transactions in securities.
in tejkumar balakrishna ruia v. a.k. menon and another [(1997) 9 scc 123] 1996 indlaw sc 2403, this court held: ""in their view, the terms of sub-s. (3) of s. 3 are clear. by reason thereof, the property that belongs to a notified person stands attached simultaneously with the issue of the notification that makes him a notified party. the words ""on and from the date of notification"" indicate the point of time at which the attachment takes effect; this is reiterated by the words ""shall stand attached simultaneously with the issue of the notification"".
this also indicates that no separate notification or order in regard to the attachment is necessary.
neither the words ""on and from the date of notification"" nor the word 'property' lead to the conclusion that what is attached is not only that property which the notified person owned or was possessed of on the date of the notification but also all such property as he might acquire at any time thereafter.
the intention to attach property which did not belong to the notified person on the date of the notification but which he might acquire later would, had it been there, have been clearly expressed and sub-s. (3) would have stated that such property would stand attached the moment it was acquired by the notified person.
the act would also have made provision for a subsistence allowance or the like for the notified person. it seems to us that to give to s. 3(3) the wide meaning that has been ascribed to it in the judgment and order under appeal would render it perilously close to being held unconstitutional, for it would deprive the notified person, so long as he remained a notified person, from earning a livelihood.
even to say that such interpretation would reduce a notified person to beggary would not be accurate because the alms that he received, being his property, would stand attached. the apprehension expressed by the special court does not appear to be well founded: if what a notified person obtains by way of purported income or gift or inheritance is really his own money, such money would, upon establishment of the fact, stand attached automatically under the provisions of s. 3(3).
in any event, it is for parliament to enact a law that meets all contingencies. the courts must interpret the law as it reads.
while a purposive interpretation is permissible where two interpretations are possible, the purposive interpretation must be such as preserves the constitutionality of the provision.
it is no doubt true that the law of limitation bars a remedy but not a right. [see bombay dyeing &amp; manufacturing co. ltd. v. the state of bombay and others, air 1958 sc 338, savitra khandu beradi v. nagar agricultural sale and purchase co-operative society ltd. ahmednagar and others [air 1957 bom 178] 1957 indlaw mum 110 and hari raj singh v. sanchalak panchayat raj u.p. govt. lucknow and others [air 1968 all 246], 1967 indlaw all 16 but as observed hereinbefore, it would not be proper for us to consider as to whether such a remedy being not available, in terms of s. 4(2) of the act can still be determined if raised by way of defence.
in l.s. synthetics ltd. 2004 indlaw sc 715 (supra), this court observed: ""a statute of limitation bars a remedy and not a right. although a remedy is barred, a defence can be raised. in construing a special statute providing for limitation, consideration of plea of hardship is irrelevant. a special statute providing for special or no period of limitation must receive a liberal and broader construction and not a rigid or a narrow one. the intent and purport of parliament enacting the said act furthermore must be given its full effect. we are, therefore, of the opinion that the provisions of the limitation act have no application, so far as directions required to be issued by the special court relating to the disposal of attached property, are concerned.""
although, the court did not intend to enter into the correctness or otherwise of the said contention of the appellants at this stage, however, there cannot be any doubt whatsoever that they being notified persons, all their properties would be deemed to be automatically attached as a consequent thereto. for the said purpose, it is not necessary that they should be accused of commission of an offence as such.
the principle of lifting the corporate veil, however, ipso facto would not apply to the individuals.
the custodian in a case of this nature may, however, show that the transactions entered into apparently by harshad mehta were intimately connected with acquisition of properties in the name of others.
a transaction of benami indisputably can be a subject matter of a lies in terms of s. 4(1) of the act as and when such a question is raised, the same may have to be dealt with by the special court appropriately.
however, nexus between several persons in dealing with the matter may be established by the custodian.
the fact, however, remains that the copies of the documents, books of accounts and other records on the basis whereof the auditors appointed by the court filed their reports had not been shown to the appellants herein, on the premise that they were in know of the things.
as the said question has not been gone into by the learned judge, special court, it is necessary that the same be considered and appropriately dealt with.
if the liabilities of the individual entities are not treated as that of the group, for one reason or the other, indisputably, liability of those who have nothing to do with the dealings of harshad mehta either in their individual capacities or as directors of some company or otherwise must be dealt with separately.
a finding of fact arrived at upon discussing and analyzing the respective contentions could have gone a long way in assisting this court in arriving at a correct conclusion.
the learned judge proceeded on the basis that the assets and liabilities, joint and collective, of all those who are related with harshad mehta as also the corporate entities in which he was a director or had some other interest must be considered as a group.
even in this behalf, it was necessary for the special judge to assign sufficient and cogent reasons.
it was, thus, necessary for the learned special court to arrive at a firm conclusion as regard the involvement of the individuals with harshad mehta, if any, and the extent of his liability as such.
furthermore, the question as regard liability of the parties should have been determined at the stage of section 9-a of the act.
in kedarnath jute mfg. co. ltd. 1971 indlaw sc 841 (supra), this court has held: ""although that liability cannot be enforced till the quantification is effected by assessment proceedings, the liability for payment of tax is independent of the assessment. it is significant that in the present case, the liability had even been quantified and a demand had been created in the sum of rs 1,49,776 by means of the notice, dated november 21, 1957, during the pendency of the assessment proceedings before the income tax officer and before the finalisation of the assessment. it is not possible to comprehend how the liability would cease to be one because the assessee had taken proceedings before higher authorities for getting it reduced or wiped out so long as the contention of the assessee did not prevail with regard to the quantum of liability etc.""
in board of control for cricket in india and another v. netaji cricket club and others [(2005) 4 scc 741] 2005 indlaw sc 1243, this court held: ""it is also not correct to contend that the court while exercising its review jurisdiction in any situation whatsoever cannot take into consideration a subsequent event. in a case of this nature when the court accepts its own mistake in understanding the nature and purport of the undertaking given by the learned senior counsel appearing on behalf of the board and its correlation with as to what transpired in the agm of the board held on 29-9-2004, the subsequent event may be taken into consideration by the court for the purpose of rectifying its own mistake.""
in janak raj v. gurdial singh and anr. [1967 (2) scr 77], 1966 indlaw sc 120 this court confirmed a sale in favour of the appellant therein who was a stranger to the suit being the auction purchaser of the judgment-debtor's immovable property in execution of an ex parte money decree in terms of order xxxi rule 92, civil procedure code.
despite the fact that ordinarily a sale can be set aside only under rules 89, 90 and 91 of order xxxi, it was opined that the court is bound to confirm the sale and direct the grant of a certificate vesting the title in the purchaser as from the date of sale when no application in term of rule 92 was made or when such application was made and disallowed and in support thereof zain-ul-abdin khan 1887 indlaw pc 13 (supra) and various other decisions were referred to.

STATUTE
the statement of objects and reasons for enacting the act reads as under: ""(1) in the course of the investigations by the reserve bank of india, large scale irregularities and malpractices were noticed in transactions in both the government and other securities, indulged in by some brokers in collusion with the employees of various banks and financial institutions. the said irregularities and malpractices led to the diversion of funds from banks and financial institutions to the individual accounts of certain brokers. (2) to deal with the situation and in particular to ensure speedy recovery of the huge amount involved, to punish the guilty and restore confidence in and maintain the basic integrity and credibility of the banks and financial institutions the special court (trial of offences relating to transactions in securities) ordinance, 1992, was promulgated on the 6th june, 1992. the ordinance provides for the establishment of a special court with a sitting judge of a high court for speedy trial of offences relating to transactions in securities and disposal of properties attached. it also provides for appointment of one or more custodians for attaching the property of the offenders with a view to prevent diversion of such properties by the offenders.
s. 3 of the special courts (trial of offences relating to transactions in securities) act, 1992 provides for appointment and functions of the custodian.
s. 5 of the special courts (trial of offences relating to transactions in securities) act, 1992 provides for establishment of the special court.
s. 7 of the special courts (trial of offences relating to transactions in securities) act, 1992 confers exclusive jurisdiction upon the special court.
s. 9 of the special courts (trial of offences relating to transactions in securities) act, 1992 provides for the procedure and powers of the special court.
s. 11 of the special courts (trial of offences relating to transactions in securities) act, 1992 provides for discharge of liabilities.","['IN-Ext:2006_A_136:retrieval-0001', 'IN-Ext:2006_A_136:retrieval-0003', 'IN-Ext:2006_A_136:retrieval-0021', 'IN-Ext:2006_A_136:retrieval-0022', 'IN-Ext:2006_A_136:retrieval-0008', 'IN-Ext:2006_A_136:retrieval-0058']"
LQA-069,"Case background: Pursuant to the terms of the Settlement Deed, (a) Thames Street and Church Street were sold and the proceeds paid over in part satisfaction of the RBS debt, and (b) in September 2009... How did prior authority or an established legal principle influence the decision?",medium,precedent_application,True,answer_with_supported_citations,test_uk_abs,UK-Abs,United Kingdom,uksc-2011-0196,92b7929f64c31e0e239bf50f81bcb5d56d079d8aace94c35c702a70f6c9d87fe,UK-Abs:uksc-2011-0196:reference,9190356707ab5b91fe379b1728bbdac3e4756af796c026715e9bc2b1486b9cab,,"In 2005, the Assets Recovery Agency (ARA) obtained an interim receiving order over certain properties acquired by Mrs Szepietowskis husband with money allegedly obtained through drug trafficking, mortgage fraud and concealment from the Revenue.
In November 2006, the ARA began civil proceedings against Mr and Mrs Szepietowski (the Szepietowskis), seeking to confiscate 20 properties on the basis that they constituted recoverable property within section 266 of the Proceeds of Crime Act 2002 (the 2002 Act).
These properties included Ashford House (the Szepietowskis home), two properties known as Thames Street, two properties known as Church Street, and two properties known as Claygate.
These properties were all registered in the name of Mrs Szepietowski and had been charged to RBS for a debt of about 3.225m (the RBS debt).
On 16 January 2008, the Szepietowskis and the ARA settled the proceedings on terms contained in documents attached to a consent order (including a Settlement Deed).
Pursuant to the terms of the Settlement Deed, (a) Thames Street and Church Street were sold and the proceeds paid over in part satisfaction of the RBS debt, and (b) in September 2009, Mrs Szepietowski granted a charge over Claygate (the 2009 Charge) to the Serious Organised Crime Agency (SOCA, as the ARA had by this point become) entitling SOCA to recover a sum of up to 1.24m from the proceeds of sale of Claygate.
The 2009 Charge (a) was a second charge over Claygate as it was subject to the RBS debt, and (b) contained various provisions including a statement that Mrs Szepietowski had no personal liability to pay any money to SOCA.
In late 2009, Mrs Szepietowski sold Claygate for 2.44m and, once the net proceeds of sale of Claygate had been used to pay off the RBS debt, all that was left to satisfy SOCAs rights under the 2009 Charge was 1,324.16.
SOCA then sought to invoke the right to marshal against Ashford House.
The right to marshal classically applies when there are two or more creditors, each of whom is owed a debt by the same debtor, but one of whom has security in the form of a charge on more than one property (the first mortgagee), whilst the other has security in the form of an inferior charge on only one of those properties (the second mortgagee).
If the first mortgagee chooses to enforce his charge against the property which secures both debts (the common property), the second mortgagee is able to enforce his charge against the property which only secured the first mortgagees debt (the other property).
SOCA argued that, as the proceeds of sale of Claygate (the common property, which was subject to the charge in favour of RBS and the 2009 Charge in favour of SOCA) were used to pay off what was due to RBS, it was entitled under the marshalling principle to look to Ashford House (the other property, which was only subject to the charge in favour of RBS), in order to obtain payment of the sum which it would have obtained on the sale of Claygate if RBS had sold Ashford House and used the proceeds of sale to clear the RBS debt.
Mrs Szepietowski argued that SOCA should not be allowed to marshal because (a) the 2009 Charge did not secure a debt from her to SOCA and/or (b) the provisions of the Settlement Deed
and the 2009 Charge, coupled with the circumstances in which they were executed, demonstrated that marshalling was precluded.
Henderson J held that SOCAs marshalling claim was well founded ([2010] EWHC 2570 (Ch)) and the Court of Appeal agreed ([2011] EWCA Civ 856).
The Supreme Court unanimously allows the appeal by Mrs Szepietowski.
Lord Neuberger, with whom Lord Sumption and Lord Reed agree, holds that the 2009 Charge did not create, or acknowledge the existence of, any debt from Mrs Szepietowski, or anyone else, to SOCA, save that under its terms, she was bound to pay SOCA an amount of up to 1.24m out of such sum if any, as remained from the proceeds of sale of Claygate after any prior claim had been met [40 43].
As a matter of principle, marshalling is not available to a second mortgagee where the common property does not secure a debt due from the mortgagor, but is merely available as security for whatever amount the second mortgagee can extract from that property.
In such a case, there is nothing from which the right to marshal against the other property can arise [46 50].
Not least because marshalling is an equitable remedy, whether it is available in any particular case may depend on the circumstances.
However, where there is no surviving debt due from the mortgagor to the second mortgagee after the sale and distribution of proceeds of sale of the common property, in the absence of express words which permit or envisage marshalling, it is hard to conceive how marshalling would be available [56 58].
If, contrary to this conclusion, marshalling is in principle available to a second mortgagee where there is no underlying debt, Mrs Szepietowskis appeal would still have been allowed.
Where facts arise which potentially give rise to the right to marshal, the correct approach is to ask whether, in the perception of an objective reasonable bystander at the date of the grant of the second mortgage, taking into account (i) the terms of the second mortgage, (ii) any contract or other arrangement which gave rise to it, (iii) what passed between the parties prior to its execution, and (iv) all the admissible surrounding facts, it is reasonable to conclude that the second mortgagee was nonetheless not intended to be able to marshal [60 62].
The statutory background to, and the terms of, the 2009 Charge and of the Settlement Deed, coupled with all the surrounding circumstances demonstrate that the parties did not intend SOCA to have the right to marshal [64 72].
The fact that Ashford House was Mrs Szepietowskis home is one of the relevant background facts for that purpose, but it was insufficient on its own to prevent a right to marshal if such a right otherwise existed.
Where the requirements of the right to marshal are otherwise present, it would require a contractually enforceable obligation, or something close thereto, on the first mortgagee to enforce against the common property in priority to the other property, for the second mortgagee to lose the right to marshal [73 77].
Lord Carnwath and Lord Hughes would allow the appeal on the narrower basis, namely that, read against the statutory background provided by the 2002 Act, and the fact that the 2009 Charge excluded any personal liability on the part of Mrs Szepietowski, that Charge impliedly excluded recourse to any source for payment other than those identified, and in particular excluded the right to marshal.","['UK-Abs:uksc-2011-0196:retrieval-0002', 'UK-Abs:uksc-2011-0196:retrieval-0003', 'UK-Abs:uksc-2011-0196:retrieval-0005', 'UK-Abs:uksc-2011-0196:retrieval-0010', 'UK-Abs:uksc-2011-0196:retrieval-0006', 'UK-Abs:uksc-2011-0196:retrieval-0045']"
LQA-070,"Case background: Fundamental Rule 56(j) confers power on the appropriate authority to compulsorily retire a Government servant, if it is in the public interest to do so, by giving 3 months ' notice or 3 months ' pay and allowances in lieu of such notice; while sub cl. What chain of judicial reasoning led from the material facts to the final decision?",hard,judicial_reasoning,True,answer_with_supported_citations,test_in_abs,IN-Abs,India,5397,c3da0fd9fae37d3ff04f4e9fd1348d2b155177a8e29674cc99b93a15052abec2,IN-Abs:5397:reference,93c9eced556b584691c3b4d5bc201d1d39c02564624265733af3bd27b14fa530,,"Fundamental Rule 56(j) confers power on the appropriate authority to compulsorily retire a Government servant, if it is in the public interest to do so, by giving 3 months ' notice or 3 months ' pay and allowances in lieu of such notice; while sub cl.
(i) thereof states that a public servant in class I or class II service or post who had entered service before attaining the age of 35 years can be retired after he has attained the age of 50 years, sub cl.
(ii) thereof states that any other public servant can be retired after he has attained the age of 55 years.
In Union of India vs K.R. Tahiliani & Anr., this Court had held that F.R. 56(j) is meant to cover only those who are in a post on a regular basis, i.e., in a substantive capacity, and not on an officiating basis only.
Basing his case on this decision, the petitioner, who had been compulsorily retired while working in a class II post In an officiating capacity, challenged the order of his compulsory retirement.
Overruling the decision in Union of India vs K.R. Tahi liani & Anr., but, allowing the petition on the ground that the Delhi High Court, relying upon that decision, had grant ed relief to persons similarly placed as the petitioner, and, directing payment of his salary and allowances upto the date of his normal superannuation, HELD: Sub clause (1) of r. 56(j) of the Fundamental Rules applies to Government servants in Class I or Class II service or post on substantive, temporary or officiating basis.
[638E F] There is no reference to officiating service in sub cl.
The relevant words used in sub cl.
(i) are ""if he is in CIasa I or CIasa II service or post.
"" A person can be in Class I or CIasa II service or post even when he holds a post of either ciasa substantively or temporarily or on officiating basis.
Instances are abundant where officers are promoted to CIasa I or Class II service or post of such class on officiating basis and 633 such officiation lasts for a number of years.
Officiating promotion certainly does not confer a right to the post and at any time the Government servant may be sent back to his substantive post.
There is, however, no reason why sub cl.
(i) should be confined to service or post held on substan tive basis.
It is not disputed that a person who is in Class I or Class II service or post is in such service or post as covered by sub cl.
The possibility of such incumbent being sent back to the substantive post is not at all rele vant in the matter of exercising powers of compulsory re tirement.
If the officiation is not brought to an end by reverting the Government servant to his substantive post before the power of compulsory retirement is exercised, the Government servant concerned must be taken to be in Class I or Class II service or post at the relevant time and would come within the ambit of sub cl.
There is no warrant for the conclusion that officiating Government servants in Class I or Class II service or post are outside the purview of sub cl.
The possibility of a reversion to the sub stantive post is not germane to the exercise of power con tained in F.R. 56.
[637F H; 638A C] The purpose of F.R. 56(j) is to confer power on the appropriate authority to compulsorily retire a Government servant in the public interest and the classification of Government servants into two categories covered by sub cls.
(i) and (ii) has a purpose behind it.
If the condition indicated in sub cl.
(i) is satisfied, namely, the Govern ment servant is in Class I or Class II service or post and he had entered into service before attaining the age of 35 years, and has attained the age of fifty, the further condi tion that he must substantively belong to the two classes of service or post cannot be introduced into the scheme.
The purpose of the sub clauses is to classify Government serv ants into two categories and sub cl.
(i) takes within its sweep those Government servants who at the relevant time are in Class I or Class II service or post, whether substantive ly, temporarily or on officiating basis.
[638C E] Union of India vs K.R. Tahiliani & Ant., , over rulled.","['IN-Abs:5397:retrieval-0003', 'IN-Abs:5397:retrieval-0008', 'IN-Abs:5397:retrieval-0001', 'IN-Abs:5397:retrieval-0010', 'IN-Abs:5397:retrieval-0004', 'IN-Abs:5397:retrieval-0006']"
LQA-071,Case background: the appellants questioned legality of the g.m.o directing discontinuance of purchase tax exemption in case of mills which exceeded the ceiling of rs. How did the court evaluate the principal arguments advanced by each side?,hard,arguments_and_reasoning,True,answer_with_supported_citations,test_in_ext_expert,IN-Ext,India,2004_C_129,a4893d2ac5219e684e7e425eb5abcbb79d0fdfbe9f97f5c48db4f061beca401e,IN-Ext:2004_C_129:A1,da9a3710985c9752a8ee3b06b00ce7b4e8bc95c9857c307a62848e55163ff6ee,,"FACTS
the appellants question correctness of the judgment rendered by a division bench of the madras high court which held that the withdrawal of benefits extended to the appellants as subsidy was in order.
the appellants questioned legality of the g.m.o directing discontinuance of purchase tax exemption in case of mills which exceeded the ceiling of rs. 300 lakes during the period of five years, and government letter which made the aforesaid g.m.o operative retrospectively.
initially the writ petitions were filed before the high court, but after constitution of the tamil nadu taxation special tribunal (hereinafter referred to as the 'tribunal') the writ petitions were transferred to the tribunal which held that on application of the principles of promissory estoppel and legitimate expectation, the withdrawal of benefit was not sustainable in law.
the state questioned correctness of the judgment before the high court which, as noted above, held the g.m.o and the govt. letter to be valid, reversing the conclusions arrived at by the tribunal.
the judgment forms subject matter of challenge in these appeals.
with reference to the files produced, certain factual conclusions were arrived at, the correctness of those form the core challenge in these appeals.
a new class of estoppel has come to be recognized by the courts in this country as well as in england.
the doctrine of 'promissory estoppel' has assumed importance in recent years though it was dimly noticed in some of the earlier cases.

ARGUMENT
the doctrines of promissory estoppel and legitimate expectation were applicable to the facts of the case.
there was no material to show existence of any overriding public interest to rule out application of the aforesaid doctrine there was no scope for retrospective withdrawal.
in any event, before withdrawal of the benefits, no opportunity of hearing was granted.
the appellants have failed to adduce any evidence or material to show that were in any way induced by any governmental action to set up industries.

ISSUE
the question of legitimate expectation arises according to the appellants after the benefits were granted by the concerned g.m.os.
further, a definite plea was taken that there was no scope for retrospective withdrawal of benefit by an executive order.

ANALYSIS
""promissory estoppel"" is defined in black's law distionary as ""an estoppel which arises when there is a promise which promissor should reasonable expect to induce action or forbearance of a definite and substantial character on the part of promisee, and which does include such action or forbearance, and such promise is binding if injustice can be avoided only by enforcement of promise"".
in central london property trust ltd. v. high trees house ltd., [1947] 1 k.b. 130 (high trees case) , the principle stated is that, where one party has, by his words or conduct, made to the other a promise or assurance which was intended to affect the legal relations between them and to be acted on accordingly, then, once the other party has taken him at his word and acted on it, the party who gave the promise or assurance cannot afterwards be allowed to revert to the previous legal relationship as if no such promise or assurance had been made by him, but he must accept their legal relations subject to the qualification which he himself has so introduced, even though it is not supported in point of law by any consideration, but only by his word.
but that principle does not create any cause of action, which did not exist before; so that, where a promise is made which is not supported by any consideration, the promise cannot bring an action on the basis of that promise.
no vested right as to tax holding is acquired by a person who is granted concession.
if any concession has been given it can be withdrawn at any time and no time limit should be insisted upon before it was withdrawn.
the rule of promissory estoppel can be invoked only if on the basis of representation made by the government, the industry was established to avail benefit if of exemption.
a person may have a 'legitimate expectation' of being treated in a certain way by an administrative authority even though he has no legal right in private law to receive such treatment.
the expectation may arise either from a representation or promise made by the authority, including an implied representation, or from consistent past practice.
the doctrine of legitimate expectation has an important place in the developing law of judicial review.
it is, however, not necessary to explore the doctrine in this case, it is enough merely to note that a legitimate expectation can provide a sufficient interest to enable one who cannot point to the existence of a substantive right to obtain the leave of the court to apply for judicial review.
the doctrine does not give scope to claim relief straightway from the administrative authorities as no crystallized right as such involved.
the protection of such legitimate expectation does not require the fulfilment of the expectation where an overriding public interest requires otherwise.
the basic requirement of article 14 is fairness in action by the state, and non-arbitrariness in essence and substance is the heart beat of fair play.
actions are amenable, in the panorama of judicial review only to the extent that the state must act validity for discernible reasons, not whimsically for any ulterior purpose.
the meaning and true import and concept of arbitrariness is more easily visualized than precisely defined.
a question whether the impugned action is arbitrary or not is to be ultimately answered on the facts and circumstances of a given case.
a basic and obvious test to apply in such cases is to see whether there is any discernible principle emerging from the impugned action and if so, does if really satisfy the test of reasonableness.
every state action must be informed by reason and it follows that an act uninformed by reason is per se arbitrary.
something overwhelming must appear before the court will intervene.
that is and ought to be a difficult onus for an applicant to discharge.
there is ample room within the legal boundaries for radical differences of opinion in which neither side is unreasonable.
the reasonableness in administrative law must, therefore, distinguish between proper course and improper abuse of power.
nor is the test court's own standard of reasonableness as it might conceive it in a given situation.
the point to note is that the thing is not unreasonable in the legal sense merely because the court thinks it to be unwise.
in punjab communications ltd. v. union of india of others, air (1999) sc 1801 1999 indlaw sc 1548, the change in policy can defeat a substantive legitimate expectation if it can be justified on ""wednesbury reasonableness.""
the decision-maker has the choice in the balancing of the pros and cons relevant to the change in policy.
it is, therefore, clear that the choice of police is for the decision-maker and not the court.
the legitimate substantive expectation merely permits the court to find out if the change of policy which is the cause for defeating the legitimate expectation is irrational or perverse or one which no reasonable person could have made.
a claim based on merely legitimate expectation without anything more cannot ipso facto give a right.
its uniqueness lies in the fact that it covers the entire span of time; present, past and future. how significant is the statement that today is tomorrows' yesterday.
the present is as we experience it, the past is a present memory and future is a present expectation.
if a denial of legitimate expectation in a given case amounts to denial of right guaranteed or is arbitrary, discriminatory, unfair or biased, gross abuse of power of violation of principles of natural justice, the same can be questioned on the well known grounds attracting article 14 but a claim based on mere legitimate expectation without anything more cannot ipso facto give a right to invoke these principles.
if the state acts within the bounds of reasonableness, it would be legitimate to take into consideration the national priorities and adopt trade policies.
as noted above, the ultimate test is whether on the touchstone of reasonableness the policy decision comes out unscathed.
reasonableness of restriction is to be determined in an objective manner and from the standpoint of interest of the general public and not from the standpoint of the interests of persons upon whom the restrictions have been imposed or upon abstract consideration.
a restriction cannot be said to be unreasonable merely because in a given case, it operates harshly.
the state government, if it so chooses, shall file its further counter-affidavits before the high court within six weeks from today indicating the reasons which warranted the withdrawal of the benefits extended.
the plea of the appellants regarding legitimate expectation shall be considered by the high court in the light of materials to be placed by the respondents by affidavits as directed above.
the court made it clear that we have not expressed any opinion on the factual aspects except indicating the principles underlying legitimate expectation.
another point which was specifically raised before the high court but has not been dealt by it is the legality of the action in directing retrospective withdrawal of the benefit by a letter of the government. whether the same is permissible in law has to be decided by the high court.

STATUTE
article 166 of the constitution deals with the conduct of government business. the said provision reads as follows: conduct of business of the government of a state,- (1) all executive action of the government of a state shall be expressed to be taken in the name of the governor, (2) orders and other instruments made and executed in the name of the governor shall be authenticated in such manner as may be specified in rules to be made by the governor, and the validity of an order or instrument which is so authenticated shall not be called in question on the ground that it is not an order or instrument made or executed by the governor,(3) the governor shall make rules for the more convenient transaction of the business of the government of the state, and for the allocating among ministers of the said business in so far as it is not business with respect to which the governor is by or under this constitution required to act in his discretion.","['IN-Ext:2004_C_129:retrieval-0000', 'IN-Ext:2004_C_129:retrieval-0001', 'IN-Ext:2004_C_129:retrieval-0002', 'IN-Ext:2004_C_129:retrieval-0005', 'IN-Ext:2004_C_129:retrieval-0053', 'IN-Ext:2004_C_129:retrieval-0006']"
LQA-072,"Case background: He telephoned Thomas Cooks helpline twice, informing them that he had paid to be seated with his wife, and was assured that this would happen. How did the facts, governing law and judicial reasoning combine to determine the result?",hard,multi_issue_synthesis,True,answer_with_supported_citations,test_uk_abs,UK-Abs,United Kingdom,uksc-2012-0109,93fdda01983fcf85d0947c7b21085368321e6a5392d34a8d323e69baeabd74a6,UK-Abs:uksc-2012-0109:reference,d1e6156d5b591e4146c815140a5230f7430583891280cbda3786d7daf33e67bf,,"Mr and Mrs Stott decided to take a holiday in Zante, Greece, in September 2008.
Mr Stott is paralysed from the shoulders down and a permanent wheelchair user.
He has double incontinence and uses a catheter.
When travelling by air, he depends on his wife to manage his incontinence, help him to eat, and change his sitting position.
Mr Stott booked return flights with Thomas Cook Tour Operators Ltd (Thomas Cook), a tour operator and air carrier.
He telephoned Thomas Cooks helpline twice, informing them that he had paid to be seated with his wife, and was assured that this would happen.
However, on arrival at check in for the return journey, Mr and Mrs Stott were told that they would not be seated together.
They protested, but were eventually told that the seat allocations could not be changed.
Mr Stott had difficulties in boarding the aircraft, and was not sufficiently assisted by Thomas Cook staff.
He felt extremely embarrassed, humiliated, and angry.
He was eventually helped into his seat, with his wife sitting behind him.
This arrangement was problematic, since Mrs Stott could not properly assist her husband during the three hour and twenty minute flight.
She had to kneel or crouch in the aisle to attend to his personal needs, obstructing the cabin crew and other passengers.
The cabin crew made no attempt to ease their difficulties.
Mr Stott, assisted by the Equality and Human Rights Commission, brought a claim under the Civil Aviation (Access to Air Travel for Disabled Persons and Persons with Reduced Mobility) Regulations 2007 (SI 2007/1895) (the UK Regulations), which implement EC disability rights regulations (the EC Regulations).
The UK Regulations enable civil proceedings in UK courts for breaches of the EC Regulations, and state that compensation awarded may include sums for injury to feelings.
The EC Regulations require Community air carriers (among other things) to make reasonable efforts to provide accompanying persons with a seat next to a disabled person.
Mr Stott claimed that Thomas Cook had breached this duty, and sought a declaration and damages for injury to his feelings.
Thomas Cook argued that it had made reasonable efforts and that the Montreal Convention (the Convention), an international treaty which governs the liability of air carriers in international carriage by air, precluded a damages award for injury to feelings.
Under Articles 17 and 29 of the Convention, damages can only be awarded for harm to passengers in cases of death or bodily injury.
The judge at trial found that Thomas Cook had breached the UK Regulations, and made a declaration to that effect.
However, he held that the Convention prevented him from making any damages award to Mr Stott.
The Court of Appeal agreed.
Mr Stott appealed, arguing that his claim was (i) outside the substantive scope of the Convention, since the Convention did not touch the issue of equal access to air travel which are governed by the EC Regulations and (ii) outside the temporal scope of the Convention, since Thomas Cooks failure to make all reasonable efforts began before Mr and Mrs Stott boarded the aircraft.
He relied on EU cases discussing a different EU Regulation which required compensation and assistance for
passengers in the event of cancellations and delays: the European Court had held that this Regulation was not incompatible with the Convention.
The Secretary of State for Transport intervened to support Mr Stotts claim on the second (temporal) ground.
The Supreme Court unanimously dismisses the appeal.
The judgment of the Court is given by Lord Toulson, with a concurring judgment by Lady Hale.
Mr Stott was treated in a humiliating and disgraceful manner by Thomas Cook.
However, his claim falls within the substantive and temporal scope of the Convention, and as a result damages cannot be awarded for injury to feelings.
Substantively, the Convention deals comprehensively with the carriers liability for physical incidents involving passengers between embarkation and disembarkation.
The fact that Mr Stotts claim involves an EU law right makes no difference.
Temporally, Mr Stotts claim is for damages and distress suffered in the course of embarkation and flight, and these fall squarely within the temporal scope of the Convention.
It is not enough that the operative causes began prior to boarding.
The only true question in the case is whether Mr Stotts claim falls within the scope of the Montreal Convention.
There is no dispute between Mr Stott and Thomas Cook as to the interpretation of the EC Regulations or UK Regulations, or their compatibility with the Convention.
The EU cases do not assist: that other Regulation concerned general standardised measures, and the European Court had recognised that any claim for individualised damages would be subject to the Convention.
The case raised no question of European law [54 59].
On substantive scope: the Convention was intended to deal comprehensively with the liability of the air carrier for whatever might physically happen to passengers between embarkation or disembarkation.
The fact that Mr Stotts claim relates to disability discrimination makes no difference.
The underlying difficulty is that the Montreal Convention and its predecessors long pre dated equality laws.
It is unfair that someone suffering as Mr Stott had could not obtain any compensation, but that is the plain meaning of the Convention.
It would be desirable for the states parties to the Convention to consider its amendment.
It is also possible that the Civil Aviation Authority could take other enforcement actions against Thomas Cook [61 64].
On temporal scope: the operative causes of Mr Stotts treatment undoubtedly began at check in, prior to embarkation.
However, this is not enough.
Mr Stotts claim is for damages for the humiliation and distress that Mr Stott had suffered during the course of the flight, which fall squarely within the Convention period of exclusivity.
To hold otherwise would encourage deft pleading and would circumvent the purpose of the Convention [60].
In her concurring judgment, Lady Hale considers it disturbing that the Convention excludes damages claims for breaches of individuals fundamental rights.
It is particularly unsettling that this applies not only to private air carriers such as Thomas Cook, but also to state airlines.
A treaty which contravened a fundamental international law norm would be void.
Torture is a fundamental norm of this kind, and race discrimination might be another.
There is a respectable view that Mr Stotts treatment would, under the European Convention on Human Rights, constitute inhuman and degrading treatment (IDT).
However, it appears that IDT has not yet become a fundamental international law norm.
Since Thomas Cook is not a state air carrier, these issues do not arise in this case.
At the very least, however, the grave injustice done to those in Mr Stotts position should be addressed by the parties to the Convention [67 70].","['UK-Abs:uksc-2012-0109:retrieval-0001', 'UK-Abs:uksc-2012-0109:retrieval-0002', 'UK-Abs:uksc-2012-0109:retrieval-0003', 'UK-Abs:uksc-2012-0109:retrieval-0036', 'UK-Abs:uksc-2012-0109:retrieval-0023', 'UK-Abs:uksc-2012-0109:retrieval-0000']"
LQA-073,"Case background: On a reference and appeals by the accused the High Court acquitted ""J"" rejecting four out of five eye witnesses and disbelieving even the only other eye witness who lodged the First Information Report. Which factual circumstances were important to resolving the case?",easy,facts,True,answer_with_supported_citations,test_in_abs,IN-Abs,India,3356,c940b17bd2d3f229debdc5839c791637255d1c0494cae29989e9aa918fe98e21,IN-Abs:3356:reference,726de8fb948bcc637b6d5c1702139ae2c8fbe3954c6340b4233878d5c1d10821,,"The appellant along with ""J"" & '.T"" was charged for offences u/s 120B/109/ 302 I.P.C. as well as 302/34 I.P.C. The trial which proceeded in the absence of absconding ""T"", resulted in the conviction and both the accused were sentenced to death sentence.
On a reference and appeals by the accused the High Court acquitted ""J"" rejecting four out of five eye witnesses and disbelieving even the only other eye witness who lodged the First Information Report.
The High Court however maintained the conviction and confirmed the death sentence on the appellant relying on the testimony of the very same single witness.
on appeal by special leave, the Court ^ HELD: (i) Ordinarily in an appeal under article 136 of the Constitution the Court would hesitate to go into the facts to reappreciate the evidence.
It is, however.
not possible to adopt that course, where the testimony of the sole witness has been rejected with reference to the second accused was on the same boat with the appellant.
When the accused is going to lose his life in such a serious charge u/s 302 I.P.C. it is only necessary that the Court should be circumspect and closely scrutinise the evidence to come to an unhesitating conclusion that the sole single witness is absolutely reliable.
[710G, H, 711H, 712A] (ii) In the instant case, the High Court was not correct in appreciating the ocular testimony of a sole witness, because (a) the very fact that the eye witness could be persuaded to substitute PWs.
1, 2. and 3 for his deceased brother as chasing the assailants, contrary to the version of the F.I.R. degrades him from the status of an absolutely reliable witness, not having a qualm of conscience, but an obliging and untrustworthy witness.
[710H] (b) 'The version in the F.I.R. stands contradicted by the testimony in court on a very material point and does not corroborate.
[712 B] (c ) Placing such reliance.
therefore.
as is requisite on the testimony of the uncorroborated solitary witness for convicting the accused facing a murder charge is not possible in the case. [712 B]","['IN-Abs:3356:retrieval-0000', 'IN-Abs:3356:retrieval-0005', 'IN-Abs:3356:retrieval-0003', 'IN-Abs:3356:retrieval-0008', 'IN-Abs:3356:retrieval-0006', 'IN-Abs:3356:retrieval-0004']"
LQA-074,"Case background: the respondent-authority appointed the appellants and posted them to an overseas project known as 'indore habitat project' which was implemented through the agency of 'overseas development authority' (hereinafter referred to as 'the oda'), on daily wages. What was the relevant procedural history before the final appeal?",easy,procedural_history,True,answer_with_supported_citations,test_in_ext_expert,IN-Ext,India,2004_I_24,a9a182a027438684f1db5c52a52eeba572279194987e1fe444899f1c6ee291b4,IN-Ext:2004_I_24:A1,a2298dc4b82c45f9fc72afbb66e10d088f42327332674f7c3f7bc7863ea50d39,,"FACTS
the appellant nos.1 and 2 are degree holders in civil engineering and appellant nos. 3 and 4 are diploma holders in civil engineering. they having come to learn that certain vacancies exist in the respondent- authority, applied therefor although no advertisement in that behalf was issued. the respondent-authority appointed the appellants and posted them to an overseas project known as 'indore habitat project' which was implemented through the agency of 'overseas development authority' (hereinafter referred to as 'the oda'), on daily wages. rs.63/- per day for the degree holders and rs.52.50 per day for the diploma holders. on or about 17.3.1997, however, they began receiving a salary of rs.1500/- per month. allegedly, from their salary, provident fund was being deducted. they were also being granted the benefit of leave.

ARGUMENT
dr. rajiv dhawan, learned senior counsel, appearing on behalf of the appellants in civil appeal no.337 of 2002 and mr. m.n. rao, learned senior counsel, appearing on behalf of the appellants in civil appeal no.335 of 2002, took us through materials on records and contended that the appellants herein became 'permanent employees' of the respondents having regard to the provisions contained in s. 2 of the 1961 act and order 2(i) and 2(vi) of the standard standing orders as set out in the annexure appended to the 1963 rules defining 'permanent employees' and the 'temporary employees.
the learned counsel would urge that a seniority list was also drawn up and an employment code was assigned to each one of the appellants from which fact the nature of their employment should be judged.

ISSUE
a dispute arose as to whether all the appellants were employed for the purpose of the said project or the appellants in civil appeal no.337 of 2002 were appointed in the year 1991 by the authority for its own job.
whether non-regularisation of the sub-engineers (as per the listed enclosed) is valid and proper. if no, then to which relief they are entitled and what directions should be given to the employer.
whether it is valid and proper for not giving equal salary to these sub engineers like other sub engineers in accordance with the equal work.
the question, which arises for consideration is as to whether they could lay a valid claim for regularization of their services.

ANALYSIS
an industrial dispute was raised by the appellants herein as their services were not being regularized by the respondent.
the respondent-authority is a state within the meaning of art. 12 of the constitution of india.
it is, therefore, constitutionally obliged to strictly comply with the requirements of arts. 14 and 16 thereof before making any appointment.
indisputably, the conditions precedent for appointment of the officers and servants of the authority, as contained in the service rules had not been complied with.
the appointments of the appellants were, therefore, void ab initio being opposed to public policy as also violative of arts. 14 and 16 of the constitution of india.
a state before offering public service to a person must comply with the constitutional requirements of arts. 14 and 16 of the constitution.
all actions of the state must conform to the constitutional requirements.
a daily wager in absence of a statutory provision in this behalf would not be entitled to regularization.
see state of u.p. &; others vs. ajay kumar, (1997) 4 scc 88 1997 indlaw sc 833, jawaharlal nehru krishi viswa vidyalaya, jabalpur, m.p. vs. bal kishan soni and others (1997) 5 scc 86] 1997 indlaw sc 928.
the recruitments of the appellants do not fall in any of the said categories.
with a view to become eligible to be considered as a permanent employee or a temporary employee, one must be appointed in terms thereof.
permanent employee has been divided in two categories (i) who had been appointed against a clear vacancy in one or more posts as probationers and otherwise; and (ii) whose name had been registered at muster roll and who has been given a ticket of permanent employee.
a 'ticket of permanent employee' was, thus, required to be issued in terms of order 3 of the standard standing orders.
the matter relating to recruitment is governed by the 1973 act and the 1987 rules.
in absence of any specific directions contained in the schedule appended to the standing orders, the statute and the statutory rules applicable to the employees of the respondent shall prevail.
their names had been appearing in the muster rolls maintained by the respondent.
the scheme of the employees provident fund or the leave rules would not alter the nature and character of their appointments.
the nature of their employment continues save and except a case where a statute interdicts which in turn would be subject to the constitutional limitations.
for the purpose of obtaining a permanent status, constitutional and statutory conditions precedent therefor must be fulfilled.
indore municipal corporation was not a party and, thus, no employee could be thrust upon it without its consent.
it is furthermore evident that the persons appointed as daily wagers held no posts.
the appointments, thus, had been made for the purpose of the project which, as indicated hereinbefore, came to an end.
the appellants having been employed on daily wages did not hold any post.
no post was sanctioned by the state government. they were not appointed in terms of the provisions of the statute.
they were not, therefore, entitled to take the recourse of the doctrine of 'equal pay for equal work' as adumbrated in arts. 14 and 39(d) of the constitution of india.
the burden was on the appellants to establish that they had a right to invoke the said doctrine in terms of art. 14 of the constitution of india.
for the purpose of invoking the said doctrine, the nature of the work and responsibility attached to the post are some of the factors which were bound to be taken into consideration.
furthermore, when their services had not been regularized and they had continued on a consolidated pay on ad hoc basis having not undergone the process of regular appointments, no direction to give regular pay scale could have been issued by the labour court.
see orissa university of agriculture &; technology and another vs. manoj k. mohanty (2003) 5 scc 188 2003 indlaw sc 348.

STATUTE
s. 2(2) of the 1961 act. reads as follows : ""nothing in this act shall apply to the employees in an undertaking to whom the fundamental and supplementary rules, civil services (classification, control and appeal) rules, civil services (temporary service) rules, revised leave rules, civil service regulations or any other rules or regulations that may be notified in this behalf by the state government in the official gazette apply. cl. 2 of the standard standing order reads as under : ""2. classification of employees. employees shall be classified as (i) permanent , (ii) permanent seasonal,(iii. probationers, (iv) badlies, (v) apprentices, and (vi) temporary. i. a 'permanent' employee is one who has completed six months' satisfactory service in a clear vacancy in one or more posts whether as a probationer or otherwise, or a person whose name has been entered in the muster roll and who is given a ticket of permanent employee; (vi. temporary employee' means an employee who has been employed for work which is essentially of a temporary character, or who is temporarily employed as an additional employee in connection with the temporary increase in the work of a permanent nature; provided that in case such employee is required to work continuously for more than six months he shall be deemed to be a permanent employee, within the meaning of cl. i) above.
the 1961 act was enacted to provide for rules defining with sufficient precision in certain matters the conditions of employment of employees in undertakings in the state of madhya pradesh. by reason of the provisions of the said act, application of standard standing orders to undertakings has been provided in terms whereof the matters to be provided in the standard standing orders have been specified. under sub-s. 1) of section 6, the state government may, by notification, apply standard standing orders to such class of undertakings and from such date as may be specified therein. sub-s. 2) of s. 6 reads as under : ""where immediately before the commencement of this act standing order are in force in respect of any undertaking, such standing orders shall, until standard standing orders are applied to such undertaking under sub-s. 1) continue in force as if they were made under this act.","['IN-Ext:2004_I_24:retrieval-0000', 'IN-Ext:2004_I_24:retrieval-0001', 'IN-Ext:2004_I_24:retrieval-0015', 'IN-Ext:2004_I_24:retrieval-0004', 'IN-Ext:2004_I_24:retrieval-0002', 'IN-Ext:2004_I_24:retrieval-0056']"
LQA-075,"Case background: Tadalafil is the generic name for a drug which is sold under the brand name CIALIS for the treatment of, among other things, erectile dysfunction (ED). What was the final holding and practical outcome for the parties?",easy,outcome,True,answer_with_supported_citations,test_uk_abs,UK-Abs,United Kingdom,uksc-2017-0214,9d113111c3a6dd5a2709bf92b40ee414250218aeea308d4caf5a03f619b74c3c,UK-Abs:uksc-2017-0214:reference,b9d6596a1ff0b917d9287a069440be99f5e5bf3c7e6772b2ba52d941e322a5ef,,"Tadalafil is the generic name for a drug which is sold under the brand name CIALIS for the treatment of, among other things, erectile dysfunction (ED).
Tadalafil is a competitor (second in class) to sildenafil, which was and is sold under the brand name, VIAGRA.
The patent which is the subject of this appeal is EP(UK) 1,173,181 (the 181 patent).
It is owned by ICOS and exclusively licensed to Eli Lilly (collectively Lilly).
It was filed on 26 April 2000 and granted on 15 October 2003.
The 181 patent relates to the use of tadalafil in a dosage form for the treatment of ED.
This case is concerned with section 3 of the Patents Act 1977 (1977 Act): Section 2(2) of the 1977 Act provides: An invention shall be taken to involve an inventive step if it is not obvious to a person skilled in the art, having regard to any matter which forms part of the state of the art by virtue only of section 2(2) above (and disregarding section 2(3) above).
The state of the art in the case of an invention shall be taken to comprise all matter (whether a product, a process, information about either, or anything else) which has at any time before the priority date of that invention been made available to the public (whether in the United Kingdom or elsewhere) by written or oral description, by use or in any other way.
These statutory provisions mandate the court to assess whether an invention is obvious by having regard to the state of the art at the priority date of the invention.
If the invention is not obvious to the skilled person at that date, section 3 deems the invention to involve an inventive step.
Lilly asserts that the essence of the invention is the discovery that tadalafil is effective in treating ED at a low dose and with minimal side effects.
This discovery has allowed the drug to be taken daily (for chronic use) rather than on demand, avoiding the need to anticipate when sexual activity might occur.
This is, Lilly claims, a significant technical advantage as sildenafil is approved for on demand use only.
The respondents raised proceedings to revoke the 181 patent.
Lilly defended the claim and counterclaimed that the respondents were threatening to infringe its patent.
The High Court held that a 5mg daily dose of tadalafil was not obvious as a treatment for ED and therefore concluded that the 181 patent involves an inventive step.
The Court of Appeal allowed the appeal on the ground that the 181 patent lacked inventive step.
Lilly appealed to the Supreme Court.
The Supreme Court unanimously dismisses the appeal.
Lord Hodge gives the sole judgment with which the other Justices agree.
Since the enactment of the 1623 Statute of Monopolies, the purpose of a grant of a patent has been to encourage innovation.
The patent bargain is this: the inventor obtains a monopoly in return for disclosing the invention and dedicating it to the public for use after the monopoly has expired [53].
This overarching principle has survived the amendment of UK patent law after accession to the European Patent Convention [54].
In addressing the statutory question of obviousness in section 3 of the 1977 Act it is common for English courts to adopt the so called Windsurfing/Pozzoli structure [60].
An alternative approach which the EPO often adopts is the so called problem and solution approach [61].
While both approaches focus on the inventive concept put forward in the claims, neither approach should be applied in a mechanistic way [62].
The question of obviousness must be considered on the facts of each case [63].
Factors which are relevant considerations in the present case include the following [64].
First, it is relevant to consider whether at the priority date something was obvious to try, in other words whether it was obvious to undertake a specific piece of research which had a reasonable or fair prospect of success [65].
Secondly, it follows that the routine nature of the research and any established practice of following such research through to a particular point may be a relevant consideration [66].
Thirdly, the burden and cost of the research programme is relevant [67].
Fourthly, the necessity for and the nature of the value judgments which the skilled team would have in the course of a testing programme are relevant considerations [68].
Fifthly, the existence of alternative or multiple paths of research will often be an indicator that the invention contained in the claim or claims was not obvious [69].
Sixthly, the motive of the skilled person is a relevant consideration.
The notional skilled person is not assumed to undertake technical trials for the sake of doing so but rather because he or she has some end in mind [70].
Seventhly, the fact that the results of research which the inventor actually carried out are unexpected or surprising is a relevant consideration as it may point to an inventive step [71].
Eighthly, the courts have repeatedly emphasised that one must not use hindsight, which includes knowledge of the invention, in addressing the statutory question of obviousness [72].
Ninthly, it is necessary to consider whether a feature of a claimed invention is an added benefit in a context in which the claimed innovation is obvious for another purpose [73].
A tenth consideration is the nature of the invention.
In this case, the Court is concerned with a dosage patent with a Swiss form claim and an EPC 2000 claim.
The possibility that a dosage patent with such claims may be valid has been recognized both by the EPO and in the United Kingdom courts [74].
In the present dispute, the Court considers that the balance or symmetry in patent law and the pre established or at least readily foreseeable target of the skilled teams tests hold the key to its resolution.
The prior art discloses an invention that is the use of tadalafil in the treatment of ED in a manner which enables the skilled person to perform it.
The task which the notional skilled team would undertake was that of implementing patent EP 0 839 040 (the Daugan patent), which was the nearest prior article The Daugan patent had disclosed that doses of tadalafil for the treatment of ED will generally be in the range of 0.5mg to 800mg daily for the average adult patient.
The target of the skilled team would be to ascertain the appropriate dose, which would usually be the lowest effective dose.
The skilled team would know of that target from the outset of its research.
The pre clinical and clinical tests involved familiar and routine procedures and normally progressed to the discovery of the dose response relationship in Phase IIb [105].
In this case the trial judges findings of what would have been the sequence of the tests, which did not depend upon hindsight, included the finding, which the evidence clearly justified, that the team, having found a therapeutic plateau, would be very likely to test lower doses and so come upon the dosage regime which is the subject matter of the patent [105].
The Court considers that the Court of Appeal was entitled to treat the judges failure to appreciate the logical consequences of the finding that it was very likely that the skilled team would continue the testing as an error of principle which allowed an appellate court to carry out its own evaluation [82].
As such, the Court is satisfied that the Court of Appeal was entitled to interfere with the trial judges assessment of obviousness and to hold that the 181 patent was invalid for lacking an inventive step [105].","['UK-Abs:uksc-2017-0214:retrieval-0002', 'UK-Abs:uksc-2017-0214:retrieval-0014', 'UK-Abs:uksc-2017-0214:retrieval-0010', 'UK-Abs:uksc-2017-0214:retrieval-0023', 'UK-Abs:uksc-2017-0214:retrieval-0077', 'UK-Abs:uksc-2017-0214:retrieval-0067']"
LQA-076,"Case background: In appeal to this Court, the appellant contended that even if the Chela, who had been elected as the Mahant on the death of the defendant, was not impleaded within the period prescribed, there would be no abatement, because he represented the Dera. What was the principal legal controversy before the court?",medium,legal_issue,True,answer_with_supported_citations,test_in_abs,IN-Abs,India,3292,cca330294cd1561fdae57219da8d10a7ca53279949d52190df15e86bef7bdb2e,IN-Abs:3292:reference,834d2b5a7f0f19eea03ad0d08bfd340e7da0e77a4d23e17b91eef67e709d9837,,"The appellant filed the suit on the basis that as the Mahant of a Dera he was entitled to possession and management of the properties of its branch Dera.
The defendant contended that it was an independent Dera and that he was in possession of the properties as its lawfully appointed Mahant.
The trial court decreed the suit but in appeal the decree was reversed.
While the second appeal, preferred by the appellant, was pending in the High Court, the defendant died.
As the application to implead the elected successor of the defendant was filed beyond the period prescribed for an application under O. 23, rr. 3 and 4, the High Court held that the appeal had abated and that there was no ground for setting aside the abatement.
In appeal to this Court, the appellant contended that even if the Chela, who had been elected as the Mahant on the death of the defendant, was not impleaded within the period prescribed, there would be no abatement, because he represented the Dera.
Allowing the appeal to this Court, ^ HELD: (1) When a suit is brought by or against a person in a representative capacity and there is a devolution of the interest of the representative, the rule that has to be applied is O. 22, r. 10 and not O. 22, rr. 3 or 4, whether the devolution takes place as a consequence of death or for any other reason.
The word 'interest ' in the rule means interest in the property, i.e., the subject matter of the suit, and the interest is the interest of the person who was the party to the suit.
This rule is based on the principle that the trial of a suit cannot be brought to an end merely because the interest of a party in the subject matter of the suit has devolved upon another during the pendency of the suit.
The suit may be continued against the person acquiring the interest with the leave of the Court.
[489F G] In the present case, when the defendant died, the interest which was the subject matter of the suit devolved upon his successor elected as the Mahant of the Dera, and therefore, the appeal could be continued under O. 22 r. 10, C.P.C. [489B C] (2) Though it was uncertain on the death of the defendant as to who would become the Mahant by election, it would not make any difference for the application of O. 22, r. 10.
The devolution of the interest in the subject matter of the suit took place when the new Mahant was elected.
The suit was for possession and management of the Dera and the properties appertaining to it by the appellant purporting to be the de jure Mahant against the defendant as a de facto Mahant.
The subject matter of the suit was the interest of the defendant in the Dera and its properties and it devolved upon the new Mahant by virtue of his election subsequent to the death of the defendant.
As it was in a representative capacity that he defendant was sued and that it was in the same representative capacity that the appeal was sought to be continued against the new Mahant, O. 23, r. 10 will apply.
[490B E] Rajnam Pillai vs Natraja Desikar A.I.R. 1924 Madras 615, Thirumalai vs Arunachella, A.I.R. 1926 Madras 540 and Roshan Lal vs Kapur Chand, A.I.R. 1960 Punjab, 382, approved.","['IN-Abs:3292:retrieval-0002', 'IN-Abs:3292:retrieval-0006', 'IN-Abs:3292:retrieval-0000', 'IN-Abs:3292:retrieval-0003', 'IN-Abs:3292:retrieval-0005', 'IN-Abs:3292:retrieval-0001']"
LQA-077,"Case background: on the next day another notification was issued under section 6 of the land acquisition act on november 28, 1962 and in view of the emergency action under section 17 was taken for obtaining possession of the land with a view to its development. How did the court interpret or apply section 4 and section 6 to resolve the dispute?",medium,statutory_interpretation,True,answer_with_supported_citations,test_in_ext_expert,IN-Ext,India,1971_S_1,b0ff2f44ab92330653d2464772ed6277e8073e2679e4709b6a721b5428baf503,IN-Ext:1971_S_1:A1,1586ff215607d91aca2d49fc4ebb76a37cd813e62fff4404cd5a709812bf5594,,"FACTS
this appeal is by special leave against the judgment of the high court of punjab and haryana confirming the conviction of the accused.
the facts of the case in brief are that in view of the chinese invasion air field at sirsa required to be extended for which purpose the ministry of defence, govt. of india took steps to acquire some lands of agriculturists pursuant to which a notification dated november 27, 1962 was issued under section 4 of the land acquisition act 1894 for acquiring 51.79 acres of land situated in the state of ahmedpur.
on the next day another notification was issued under section 6 of the land acquisition act on november 28, 1962 and in view of the emergency action under section 17 was taken for obtaining possession of the land with a view to its development.
the lands which were acquired belonged to several land holders including moti ram and p.w. 12 kewal chand.
the collector gave his award on 26-2-63 in respect of these lands, which actually measured 49.47 acres, at rs. 1350 per acre amounting to rs. 66,784.50 np.
apart from this amount compensation was also awarded for standing crop amounting to rs. 11,073.13 np.
the case of the prosecution initially was that after the land so acquired with the standing crop was taken possession of by the appellant.
he sold the crop to moti ram and kewal chand for rs. 2500 and facilitated the cutting and taking away of the crop by postponing the handing over of the possession to the contractor.
a chargesheet was filed against the appellant under section 5 (1) (c) and 5 (1) (d) read with 5 (2) of the prevention of corruption act on 5-8-1966 after obtaining sanction from the govt. of india, ministry of home affairs.

ARGUMENT
the learned advocate for the appellant has meticulously taken us through the entire documentary and oral evidence and commented at length upon the various contradictions and incongruities in the case of the prosecution with a view to establishing that when the appellant took possession of the land there was no crop standing on it-that tile possession of the land 'was in fact delivered to telu ram, contractor on 10-1-1963; that the said contractor had admitted 'that possession of the entire land was received by him; that he carried on the construction work in extending the aerodrome; that 200/250 donkeys were also used for doing the work by reason of which the crop was damaged before tehsildar had put the appellant in possession of the land and as a matter of fact there was no crop thereon when he got the possession of the land.
it was also contended that the high court had not considered the contradictions in the earlier statement made by some of the witnesses to the military authorities and that it relied on many of the documents for affirming the conviction of the appellant without their actually being put to, him under section 342.
it is further contended that the stand taken by the prosecution was that 'the persons who we're permitted to cut the crops bad' not committed any offence.

ISSUE
whether the facts were sufficient to sustain the sanction under 5(1)(c) even if the charge under 5(1)(d) had failed. this question in turnwill depend upon what are the ingredients of the offences under 5(1)(c) and (d) read with section 5(2).
there was utter confusion in respect of the date on which possession of the acquired land was given to the appellant and the date on which it was given to the contractor for carrying on the work, as also in respect of the fact whether there was any crop standing when the appellant took possession of the land and at what period of time the crop was cut and the work commenced.

ANALYSIS
though it is desirable that the facts should be referred to in the sanction itself, nonetheless if they do not appear on the face of it, the prosecution must establish aliunde by evidence that those facts were placed before the sanctioning authorities.
it is therefore necessary to first examine the order of sanction to ascertain on what facts it has been accorded.
it is apparent that the facts which the central govt. considered for the purposes of according sanction were (a) that the appellant as a public servant was entrusted with crops situated on the land acquired for the extension of air field, sirsa ; (b) that by abusing his position as a public servant he allowed the standing crops to be cut from the said land. c. that by corrupt or illegal means and by abusing his position as a public servant he obtained pecuniary advantage of rs. 2500 as the value of the crops to be cut from the land and/or he dishonestly or fraudulently misappropriated that sum by converting it into his own use instead of depositing the said sale price in the govt. treasury.
it would be seen therefore that under section 5(1)(c) a public servant will be said to commit the offence of misconduct in hi&; duties if he dishonestly allows any other persons to convert to his own use property which is entrusted to the said public servant
the facts which have been set out in the order granting the sanction certainly are sufficient to indicate that the authorities granting the sanction had the offence under section 5(1)(c) also in their contemplation.
no work had in fact been undertaken on the land acquired and also that possession of the existing runway and track had already been given.
nothing is specifically mentioned about possession of the acquired land being given to him on that date. re no basis for sanction for a charge under section 5(1)(c.
a person could not be charged merely with the breach of a particular provision of the order; he must be charged with the commission of certain acts which constitute a breach, and it is to that prosecution that is for having done acts which constitution breach of the order-that the sanction 'is required.
in the present case -there is nothing on the face ,of the sanction, and no extraneous evidence, to show that the sanctioning authority knew the facts alleged to constitute a breach of the order, and the sanction is invalid.
the case of jaswant singh v. the state of puniab. 1957 indlaw sc 59 was also cited by the respondent's advocate in support of the contention that the trial of two offences requiring sanction was not valid.

STATUTE
the facts disclose the commission of the offence of criminal misconduct as defined in section 5(1)(d) read with section 5(2) of the prevention of corruption act 1947 by major som nath accused.
under 5(1)(c)-a public servant is said to commit the offence of misconduct in the discharge of his duty if he dishonestly or fraudulently misappropriates or otherwise converts for' his own use any property entrusted to him or under his control as a public servant or allows any other person so to do, and under (d) if he by corrupt or illegal means or by otherwise abusing his position as a public servant, obtains for himself or for any other person any valuable thing or pecuniary advantage.","['IN-Ext:1971_S_1:retrieval-0000', 'IN-Ext:1971_S_1:retrieval-0001', 'IN-Ext:1971_S_1:retrieval-0009', 'IN-Ext:1971_S_1:retrieval-0011', 'IN-Ext:1971_S_1:retrieval-0017', 'IN-Ext:1971_S_1:retrieval-0073']"
LQA-078,"Case background: According to section 176, accommodation is to be regarded as available for a persons occupation only if it is available for occupation by him together with any other person who normally resides with him as a member of his family... What controlling precedent or doctrine guided the court's analysis?",medium,precedent_application,True,answer_with_supported_citations,test_uk_abs,UK-Abs,United Kingdom,uksc-2011-0117,c9aa1c88fad4bbd7f1672b03d52b7285c836720907c824a02bd6e3456644797e,UK-Abs:uksc-2011-0117:reference,53c01efacfb3d3d06ef2f613beef590e8c7dbb285d6a77394939bac51a0ae88c,,"This appeal concerns the interpretation of a provision of the Housing Act 1996 (the 1996 Act) relating to the duties of local housing authorities to provide accommodation for those who are, or claim to be, homeless or threatened with homelessness.
Section 175 of the 1996 Act states, in essence, that a person is homeless if he has no accommodation available for his occupation in the United Kingdom or elsewhere.
According to section 176, accommodation is to be regarded as available for a persons occupation only if it is available for occupation by him together with any other person who normally resides with him as a member of his family, or any other person who might reasonably be expected to reside with him [3].
The phrase available for his occupation is relevant not only to establishing whether a person is homeless for the purposes of the 1996 Act, but also to identifying what duties a local authority owes to a person who is, or claims to be, homeless [4].
In 2004, Camden London Borough Council accepted that it owed a duty under the 1996 Act to provide accommodation to Ms Sharif, her father (a man in his 60s with certain health problems) and her sister (aged 14), on the basis that Ms Sharif was homeless.
They were initially accommodated by the Council in a hostel and later moved to a three bedroom house owned by a private sector landlord.
In 2009, the Council asked Ms Shariff, her father and her sister to move to two units on the same floor of a block of flats in North London.
Each unit comprised a single bed sitting room with cooking facilities, plus a bathroom.
The two units were separated by only a few yards.
It was envisaged by the Council that Ms Sharif and her sister would share one unit, and the other unit (suitable only for one person) would be used by her father [8].
Ms Sharif refused the offer, saying that the accommodation was not suitable because her fathers medical condition required them to live in the same unit of accommodation [9].
Ms Sharif requested a review of the Councils decision, but the Councils reviewing officer concluded that the accommodation offered was suitable [9].
Ms Sharif appealed to the London Central County Court on a number of grounds, including the suggestion that the accommodation was not suitable and that section 176 of the 1996 Act precluded the Council from offering Ms Sharif and her family two separate units of accommodation [10].
The County Court dismissed the appeal [11].
There was no further appeal on the issue of the suitability of the accommodation.
However, the Court of Appeal reversed the County Courts decision on the basis that the words together with in section 176 require a homeless family to be housed in the same unit of accommodation [12].
The Council appealed to the Supreme Court.
The Supreme Court allows the Councils appeal.
It holds that section 176 of the 1996 Act does not preclude local authorities from offering a homeless family two separate units of accommodation.
The lead judgment for the majority is given by Lord Carnwath.
Lord Kerr gives a dissenting judgment.
The majority concludes that, whilst one of the main purposes of the 1996 Act is to ensure that members of a homeless family are not split up by local housing authorities, section 176 does not prevent a local housing authority offering a homeless family two separate units of accommodation if they are so located that they enable the family to live together in practical terms.
That is a factual judgment to be made by the local housing authority [17].
The 1996 Act requires accommodation provided by a local housing authority to be suitable.
However, Ms Sharif no longer denies that the two flats offered to her by the Council meet that requirement [18, 29].
Neither the word accommodation nor the words together with in section 176 imply that a homeless family must be accommodated in the same unit of accommodation [5, 17].
Had the Councils reviewing officer been asked to answer the question of whether section 176 prohibits the Council from housing a homeless family in two separate units of accommodation, it is reasonably clear that he would have answered in the negative.
The main obstacle to family living which had been raised before the reviewing officer had been the problem of caring for Ms Sharifs father in a separate unit of accommodation.
That problem was discounted by the reviewing officer, on the basis that the problem of communication between the two flats would be no greater than in a house with two floors [18].
The arguments made on behalf of Ms Sharif would produce surprising results.
For example, the Council would not be able to improve the position of a homeless family residing in an overcrowded house or flat by offering them an additional neighbouring unit of accommodation, even on a temporary basis [19].
Ms Sharif also accepted that two separate rooms in a hostel or hotel would satisfy the requirements of section 176 of the 1996 Act.
However, the majority found it hard to see why that should be treated differently from the provision of two adjacent flats [20, 30].
Lady Hale emphasises that there is no requirement under the 1996 Act for local housing authorities to provide a communal living space to those who are, or claim to be, homeless [30].
The majority emphasises that their interpretation of section 176 of the 1996 Act does not give local housing authorities a free hand.
It is a fundamental objective of the 1996 Act to ensure that families can live together in a true sense; accommodation provided by a local housing authority will not satisfy section 176 unless it enables that objective to be achieved [23].
Lord Hope says that the test is not to be exploited by local housing authorities; it must be applied reasonably and proportionately [28].
Lord Kerr, dissenting, says that section 176 requires a local housing authority to accommodate a homeless family in the same unit of accommodation.
The accommodation must be of a character that will allow all members of the family to live within it [34].
Lord Kerr concludes that the words together with in section 176 imply joint occupation of the same unit of accommodation [32, 33].
He takes the view that sufficient proximity is very different from living together [35].","['UK-Abs:uksc-2011-0117:retrieval-0021', 'UK-Abs:uksc-2011-0117:retrieval-0000', 'UK-Abs:uksc-2011-0117:retrieval-0007', 'UK-Abs:uksc-2011-0117:retrieval-0009', 'UK-Abs:uksc-2011-0117:retrieval-0004', 'UK-Abs:uksc-2011-0117:retrieval-0002']"
LQA-079,Case background: The appellant has bid in an auction of Beni Country Liquor Shop in the District of Samastipur and was given the shop being the highest bidder but he failed to deposit the bid money in time. Why did the court reach its conclusion under the applicable legal principles?,hard,judicial_reasoning,True,answer_with_supported_citations,test_in_abs,IN-Abs,India,5888,d8738e0f0df19a706e33d6f4f8d76de86aa13b2ddda8e316689a35028eaef274,IN-Abs:5888:reference,c591637a76cae3c4496c8bdea2f92edd3b1d9a1af8cf6c369483cf12cc0dc8b1,,"The appellant has bid in an auction of Beni Country Liquor Shop in the District of Samastipur and was given the shop being the highest bidder but he failed to deposit the bid money in time.
The Collector, Samastipur by an order cancelled the bid and black listed the appellant.
He then moved the High Court against the order of the Collector.
The High Court upheld the order of the Collector.
The appellant appealed to this Court by special leave.
Disposing of the appeal, the Court, HELD: 1.
It is an implied principle of the rule of law that any order having civil consequences should be passed only after following the principles of natural justice.
Black listing any person in respect of business ventures has civil consequences for the future business of the person concerned in any event.
[868H; 869A] 2.
Even if the rules do not express so, it is an elementary principle of natural justice that parties affected by any order should have right of being heard and making representations against the order.
[869B] In the instant case, that portion of the order directing that the appellant be placed in the black list in respect of future contracts under the Collector is set aside.
So far as the cancellation of the bid of the appellant is concerned, that is not affected.
[869B C]","['IN-Abs:5888:retrieval-0001', 'IN-Abs:5888:retrieval-0000', 'IN-Abs:5888:retrieval-0002']"
LQA-080,"Case background: it was alleged by the respondent no.4 that since the respondent no.3 was a film actor and had settled in madras, with the consent of the respondent no.3... Which competing submissions mattered, and how did the court resolve them?",hard,arguments_and_reasoning,True,answer_with_supported_citations,test_in_ext_expert,IN-Ext,India,2008_S_549,c8682e91a655805a3251b03a14d91c5a56996ce64d0e5948e945c60d4d35e5bb,IN-Ext:2008_S_549:A1,00ec7cc12574ba23ae16dfb19388af834df83748293c56aa58b317282ae7344d,,"FACTS
the appellants claiming to be the tenants of agricultural land, (hereinafter called as the ""scheduled land"") situated in the state of karnataka,filed before the land tribunal praying for a declaration that they had acquired occupancy rights in respect of the scheduled land.
they alleged that they were cultivating the scheduled land from 1968 till the notified date under the act on wara basis giving 1/3rd of the share in the foodgrains to respondent no.4.
accordingly,the appellants prayed for an order of occupancy right in respect of the scheduled land alleging that they and their father were cultivating the scheduled land as occupancy right holders relying,inter alia,on the entries under the rtc record.
the case of respondent no.4 was that the scheduled land was mortgaged to the 3rd respondent,rajashankar,in 1968 and after the expiry of the said mortgage,the mortgagee was liable to deliver possession of the same.
the case of tenancy as made out by the appellants or their father was denied.
it was alleged by the respondent no.4 that since the respondent no.3 was a film actor and had settled in madras, with the consent of the respondent no.3,the scheduled land was given to the father of the appellants and the father of the appellants was cultivating the same from 1968 but not as a tenant.
accordingly,they prayed for rejection of the application filed by the father of the appellants claiming occupancy rights under the act.
initially,the land tribunal allowed the application of the father of the appellants and feeling aggrieved; a writ petition was filed against the said order.the high court had set aside the order of the land tribunal and remanded the case back to the tribunal for a fresh decision.
feeling aggrieved,the respondent no.4 filed an appeal before the appellate authority,which was also dismissed.
a revision petition,thereafter,was moved before the high court and the high court,by the impugned judgment,had set aside the concurrent findings of fact and rejected the application filed by the father,since deceased,of the appellants holding,inter alia,that the appellants or their father had failed to prove the tenancy in respect of the scheduled land.
a special leave petition was filed against the judgment of the high court,setting aside the concurrent orders allowing the application,in respect of which leave has already been granted.

ARGUMENT
it was not open to the high court,in the exercise of its revisional jurisdiction under section 121a of the act,to interfere with the concurrent findings of fact arrived at by the appellate authority and the land tribunal.

ANALYSIS
section 121a of the act,had set aside the concurrent findings of fact of the land tribunal as well as of the appellate authority,even then,examining the findings of the high court and considering the power conferred on it in the revisional jurisdiction under section 121a of the act,the court did not find any reason to interfere with the impugned order of the high court in the exercise of our power u/art.136 of the constitution.
from a plain reading of section 121a of the act,under which revisional jurisdiction can be exercised,it would be clear that the high court,while exercising such power is entitled to re-appreciate the evidence when it finds that the conclusion arrived at by the appellate authority runs contrary to the materials on record and when it finds that there is no evidence to support the conclusion of the appellate authority or when it finds that the reasons given by the appellate authority are absolutely perverse and cannot be supported by the evidence on record.
the high court is also entitled to interfere with the orders of the tribunals below when the material evidence on record was ignored or a finding was such that no court would come to such conclusion or that the decision of the tribunals below was manifestly unjust.
the tribunals below,while accepting the case of the appellants,had relied on the entries made in the rtc record in respect of certain period.
while considering such entries,the high court had rightly held that from the entries in the rtc record for the years 1968 to 1974,the name of the appellants was not shown as the person in cultivation of the land in dispute and also the nature of cultivation of the scheduled land was not shown as that of the tenants in the said rtc record.
the court did not find any reason to interfere with the judgment of the high court,although the high court,in the exercise of its power under section 121a of the act,had set aside the concurrent orders of the appellate authority as well as the land tribunal.
even assuming that the high court was not justified in setting aside the concurrent findings of fact in the exercise of its revisional jurisdiction under section 121a of the act,then also,the court was of the view that it is not a fit case where this court should interfere with the impugned judgment of the high court in the exercise of our power u/art.136 of the constitution.
in union of india &amp; ors.vs.gangadhar narsingdas aggarwal &amp; anr.[(1997) 10 scc 305],1995 indlaw sc 1227 this court,while declining to interfere with the order of the high court in the exercise of its power u/art.136 of the constitution,held that even if two views are possible,the view taken by the high court being a plausible one,it would not call for intervention by this court u/art.136 of the constitution.
this court has already considered the findings made by the high court while setting aside the concurrent orders of the tribunals below and found that the same appear to be well merited and in accordance with the material evidence on record,therefore,this court would not interfere with the order of the high court u/art.136 of the constitution.
finally in taherakhatoon (d) by lrs.vs.salambin mohammad [(1992) 2 scc 635 1992 indlaw sc 355],this court observed that in view of the above decisions,even though we are now dealing with the appeal after grant of special leave,we are not bound to go into merits and even if we do so and declare the law or point out the error-still we may not interfere if the justice of the case on facts does not require interference or if we feel that the relief could be moulded in a different fashion.

STATUTE
section 121a of the karnataka land reforms act,1974 states that ""the high court may at any time call for the records of any order or proceeding recorded by the appellate authority under this act or any other law for the purpose of satisfying itself as to the legality of such order or as to the regularity of such proceeding and may pass such order with respect thereto as it thinks fit.""","['IN-Ext:2008_S_549:retrieval-0000', 'IN-Ext:2008_S_549:retrieval-0001', 'IN-Ext:2008_S_549:retrieval-0004', 'IN-Ext:2008_S_549:retrieval-0002', 'IN-Ext:2008_S_549:retrieval-0038', 'IN-Ext:2008_S_549:retrieval-0017']"
LQA-081,"Case background: The principal issues are: (1) whether the reasoning in Barker still applies in Guernsey [8], and means that an employers liability insurer covering an employer for only part of the period during which the employer exposed a victim is liable for only a pro rata part of the... What complete path from factual background through legal analysis led to the final order?",hard,multi_issue_synthesis,True,answer_with_supported_citations,test_uk_abs,UK-Abs,United Kingdom,uksc-2013-0057,df7dbb11a64828949d089acccc1ac0dc2b5c6e239c4ac3fe48c62a73890c6186,UK-Abs:uksc-2013-0057:reference,c4631630c17c57858c1894feb180402333de516039c0b744ed30514d7e3a8648,,"The present appeal is from Guernsey, where there is no equivalent of the 2006 Act.
The common laws of England and Guernsey are agreed to be identical in this area.
The principal issues are: (1) whether the reasoning in Barker still applies in Guernsey [8], and means that an employers liability insurer covering an employer for only part of the period during which the employer exposed a victim is liable for only a pro rata part of the employers liability to the victim [9], and (2) if Barker does not apply and the position in Guernsey is now the same as in the UK under the 2006 Act, whether such an insurer is liable in the first instance for the whole of the employers liability to the victim, and (3) if so, whether the insurer has pro rata rights to contribution from any other insurer of that employer and/or from the employer in respect of any periods not covered by the insurer [9].
There are parallel issues regarding such an insurers responsibility for defence costs incurred in meeting the victims claim.
For 27 years from 1961 to 1988, Mr Carr was negligently and consistently exposed to asbestos dust by his employer, Guernsey Gas Light Co Ltd (GGLCL).
He later contracted mesothelioma, from which he died [10].
Before his death, he sued the Respondent (IEG), as successor in title of GGLCL, and recovered compensation of 250,000 damages and interest plus 15,300 towards his costs.
IEG also incurred defence costs of 13,151.60 [11].
During the 27 years of exposure GGLCL had two identifiable liability insurances, one with Excess Insurance Co Ltd, for two years from 1978 to 1980, the other with Midland Assurance Ltd, for six years from 1982 to 1988 [12].
The Appellant (Zurich), as successor to Midlands liabilities, maintains that it is only liable to meet 22.08% of IEGs loss and defence costs, based on the fact that Midland only insured GGLCL for 6/27ths of the 27 year period
of exposure [14].
The trial judge ordered Zurich to meet 22.08% of the compensation but 100% of defence costs.
The Court of Appeal ordered Zurich to pay 100% of both the compensation and defence costs [15].
Zurich appeals in relation to both compensation and defence costs.
The Supreme Court unanimously holds that the common law rule of proportionate recovery established in Barker [2006] UKHL 20 continues to apply in Guernsey; it accordingly allows Zurichs appeal in respect of compensation; but it dismisses the appeal in relation to defence costs [35 and 100].
The judges order is therefore restored.
The other issues do not in these circumstances arise, but, because of their general importance, the Supreme Court states its opinion on them.
By a majority of 4 3 the Court concludes that, had the position in Guernsey been as in the UK under the 2006 Act, Zurich would have been liable in the first instance to meet IEGs claim in respect of the compensation paid by IEG in full, but would have been entitled, in respect of the 21 years not covered by the Midland insurance, to claim pro rata contribution from the Excess and IEG [96].
Lord Mance (with whom Lords Clarke, Carnwath and Hodge agree) gives the leading majority judgment, and Lord Sumption (with whom Lords Neuberger and Reed agree) the leading minority judgment.
Lord Hodge gives a separate judgment, as does Lord Neuberger and Lord Reed.
(1) All members of the Court agree that the common law rule in Barker remains unaltered in Guernsey where the 2006 Act does not apply. [27 31].
Only 22.08% of IEGs loss is thus attributable to the period of the Midland insurance for which Zurich must answer [35]. (2) The defence costs are different.
They would have been incurred in defending the claim whatever the total period of exposure by GGLCL.
They were incurred with insurers consent, in defending a claim for damages for injury or disease caused during the Midland insurance period within the meaning of the main insuring clause.
Under the rule in Fairchild, as applied in Trigger, mesothelioma is caused in any period in which exposure occurs which materially contributed to the risk of contracting mesothelioma [36 39]. (3) Had Guernsey had an equivalent to the 2006 Act, IEG would have been liable to Mr Carr for his full 100% loss whether it had exposed him to asbestos for actual 27 years or only for the 6 years of the Midland insurance cover.
But it would be anomalous if Zurich had to answer for the full 100% loss without any defence or right of recourse.
In this situation, the majority holds that, although Zurich must in the first instance answer for the full 100%, Zurich has equitable rights to contribution pro rata from any other insurer (such as Excess) able to contribute and, in respect of any period where there is no such insurer, from IEG itself. [42 54], [63] and [77 78].
The minority considers that Zurich is only liable to IEG in the first instance for 22.08% of the full loss [180 187]. (4) Lord Mances judgment also discusses the position under the Third Party (Rights against Insurers) Act 1930 had IEG been insolvent, and concludes that it is probable that Mr Carr would in such a case have been able to look to Zurich for his full 100% loss [97].","['UK-Abs:uksc-2013-0057:retrieval-0034', 'UK-Abs:uksc-2013-0057:retrieval-0008', 'UK-Abs:uksc-2013-0057:retrieval-0151', 'UK-Abs:uksc-2013-0057:retrieval-0001', 'UK-Abs:uksc-2013-0057:retrieval-0101', 'UK-Abs:uksc-2013-0057:retrieval-0041']"
LQA-082,"Case background: In 1956, the Life Insurance Corpora tion of India, the appellant stepped into the shoes of the said companies The appellant moved two applications before the Rent Controller for fixation of a 'fair rent ' for each of the premises... Which facts were legally material to the court's determination?",easy,facts,True,answer_with_supported_citations,test_in_abs,IN-Abs,India,6521,e8a9249e320aea48d78dc66ac15b07e9f3a6cb891751efe7adc6aedad89e04ce,IN-Abs:6521:reference,74dc83c849b730881c376449b3bac106f9c13c7a4d646949e8991fbe6d9667eb,,"Two separate properties bearing Door Nos. 2 and 3 ad measuring 41 grounds and 2005 sq. ft., which originally formed part of an extent of land, situate at Mount Road, Madras belonged to several co owners, who leased out the same to the Respondent, by two separate lease deeds (exhibit P 1 and P 2) item 1 and 2 in the Schedule A to the plaint.
The property contained in Door No. 2 which comprised an area of 4 grounds and 151 sq ft with certain buildings was given on rent for Rs. 150 p.m., whereas the property contained in Door No. 3 which also had some buildings thereon was let out for Rs.200 p.m.
The owners sold the properties to the United India Life Assurance Co. and the New Guardian of India Life Insurance Co. Ltd. in July 1953.
In 1956, the Life Insurance Corpora tion of India, the appellant stepped into the shoes of the said companies The appellant moved two applications before the Rent Controller for fixation of a 'fair rent ' for each of the premises; In respect of the property in Door No. 2, the rent claimed was Rs.2,399/03 while in respect of the other, the rent claimed was Rs.3266/50p.
The tenants claimed that, under both the lease deeds, what had been leased out to them was only a vacant land and since the superstructure had been built by them, they were entitled to relief under the Madras City Tenants ' Protection Act.
It was further contended that the Rent Controller had no jurisdiction to fix a fair rent.
The Rent Controller accepted the contention of the tenant so far as item No. 1 (property at Door No. 2) was concerned but with regard to the second property (Door No. 3), he fixed the fair rent at Rs. 1451 p.m.
There were then two appeals to the Court of Small Causes.
The Small Causes Court came to the conclusion that the buildings on the land leased vide P 1 had also been conveyed to the appellant and that the LIC was entitled to seek fixation of fair rent in respect of this premises also.
However the order of the Rent Controller in regard to the 546 other property in Door No. 3 was upheld.
However, in certain earlier proceedings for fixation of fair rent etc., it had been held by the Rent Controller that item No. (Door No. 2) belonged to the LIC, but his order of eviction had been set aside by the appellate court on some other ground.
The Court of Small Causes did not treat that decision as res judicata.
The tenants being aggrieved by the order of the Court of Small Causes filed revision petitions but they were dis missed on 20.11.1968.
The appellant thereupon filed Civil Suit against the tenants respondents for recovery of arrears of rent together with interests etc.
on the basis of the fair rent fixed.
The respondents tenants also filed a civil suit claiming protec tion under the Madras City Tenants ' Protection Act but this suit and further appeals therefrom were dismissed.
In the suit for recovery of rent filed by the appellant, the ten ants contended that since the subject matter of the lease under exhibit P 1 was only a vacant site, the Rent Controller had no jurisdiction to fix the fair rent in respect thereof and that, therefore, the claim in the suit for arrears of rent, based on the Rent Controller 's order in respect of the premises covered by exhibit P 1 had to fail.
The trial Judge in the High Court came to the conclusion that exhibit P 1 did not, in law, create a valid lease between the co owners and the tenants.
He further held that the superstructure constructed on the land had been conveyed to the vendee under the sale deed dated 30.7.1953 and thus vested in LIC.
On this reason ing the High Court held that the Rent Controller had juris diction to fix the fair rent in respect of the premises.
The tenants filed an appeal.
The appellate Bench confirmed the decree in respect of Item 2 but as regards Item No. 1, the Appellate Bench vacated the decree passed by the trial Court.
It held that there was a valid lease between the owners and the tenants under Exts.
P 1 and P 2.
The appel lant Bench held that the Rent Controller had no jurisdiction to entertain the application for fixation of fair rent in respect of the property which was only a vacant piece of land.
Thus, the Court held that the LIC could not maintain the suit for recovery of rent based on the order made by the statutory tribunal under the Rent Control Act.
The tenants ' appeal was accordingly partly allowed.
LIC came up in appeal to this Court against the said order, after obtaining special leave.
Two questions arose for determination by this Court viz., (1) Was the LIC the vendee only of a vacant land with no title to the buildings standing on the site in Item 1, and (2) it open for the tenants to contend that the order of the Court of Small Causes in the earlier rent 547 control proceedings deciding to the contrary, and fixing the fair rent of item 1 could be completely ignored as an order passed totally without jurisdiction though it had become final between the parties? Dismissing the appeal, this Court, HELD: There are clear indications in the Act and rules that the Rent Controller does not have the jurisdiction to decide questions of title.
In a proceeding under the Act, whether it be for fixation of fair rent or eviction, the tenant may raise several objections.
He may, inter alia, take the point that the opposite party is not the landlord.
[561C D] All that the Rent Controller has to do is to satisfy himself that the person seeking eviction or fixation of fair rent is a 'landlord ' who has, prima facie, the right to receive the rent of the property in question.
That the Rent Controller 's jurisdiction on this issue is limited is clear from the proviso to Section 10(1) of the Act.
[561 F G] The extensive jurisdiction conferred on civil courts under Section 9 of the Code of Civil Procedure should not be curtailed without a specific statutory warrant or except on some clear principle.
There is nothing in the Tamil Nadu Rent Control Act which, in any way, takes away, or narrows down, the civil court 's jurisdiction as, for example, there is in the Delhi Rent Control Act (Section 50).
[569G H] Section 4 of the Rent Control Act provides only a ma chinery for fixation of fair rent in respect of certain premises.
It is the quantum of fair rent that arises for determination by the Rent Controller.
There is no doubt that, since an application for this purpose cannot lie except at the instance of a landlord or a tenant, the Rent Controller has to deal with this incidentally but this is not one of the direct issues before the Rent Controller.
If and only if, this relationship exists between the parties, the Rent Controller steps in for a limited purpose to determine what the fair rent is and then fades out of the picture.
Where a fair rent is fixed by a Controller, the Rent Control Act does not provide for a machinery for recov ery of the amount.
The amount has to be recovered by the landlord only by recourse to a civil court.
This gives an indication that the determination of the relationship that gives rise to the application is also not conclusive.
This is indeed made clear by the provisions relating to eviction.
[570B E] If the civil court in the instant case, had come to the conclusion that there is a relationship of a landlord and a tenant, and that the LIC 548 was entitled to recover the rent from the tenants, it will have to pass a decree in favour of the LIC on the basis of the fair rent fixed by the Rent Controller.
It will not be open to the civil court to re determine the rent payable by the tenant to the landlord because that is a matter squarely and exclusively within the jurisdiction of the Rent Control ler and, therefore, impliedly excluded from the purview of the civil court.
But his decision is not final on the issue that opens up his jurisdiction and cannot preclude an owner from contending, in a civil court, that he should not be asked to pay rent for his own property to some one else.
[570F H] There is no reason to hold that contract between a person with himself and others is invalid.
[571A] Krishnamurthy vs Parthasarathy, AIR 1949 Mad. 780; Manibhai Hathibhai vs Arbuthnot, AIR 1947 Bom.
413; Rai Brij Raj vs Shaw, ; at 147, 150; Official Trustee vs Sachindranath; , & 99 pp.
Antulay vs Nayak, ; at 649, 677 and 700; Trideshwar Dayal vs Maheshwar Dayal; , at 1437; Shiv Chander Kapoor vs Amar Bose, ; paras 22 and 23: Palaniappa Chettiar and Ors.
vs Vairavan Chettiar, [19631 76 L.W. 21; Palaniappa Chettiar vs Babu Sahib alias Sheik Mytheen Sahib and Ors., [1964] 77 LW 551; Salay Mohamed Sail etc.
vs Jaffer Mohamed Sait 's Memorial Dispensary Charity and Ors., [1969] 1 Andhra Weekly Reporter (S.C. 16); Bhagwan Dayal vs Reoti Devi, ; ; Desika Charyulu vs State of Andhra Pradesh and Ant., AIR 1964 SC 807; Dhulabhai vs State, ; ; Mathura Prasad Bajoo Jaiswal and Ors.
vs Dossibai N.B. Jee jeebhoy, [1070] 3 SCR 830; Jeeth Kaur and Ors.
vs Smt.
P. Rondalamma and Ant., AIR 1983 A.P. 219 and State of Tamil Nadu vs Ramalinga Samigal Madam and Ors.","['IN-Abs:6521:retrieval-0000', 'IN-Abs:6521:retrieval-0001', 'IN-Abs:6521:retrieval-0002', 'IN-Abs:6521:retrieval-0003', 'IN-Abs:6521:retrieval-0006', 'IN-Abs:6521:retrieval-0008']"
LQA-083,Case background: the state of manipur had not framed any recruitment rules for appointment inter alia in the revenue department and in particular the field staff thereof. What procedural steps and earlier rulings brought the matter before the deciding court?,easy,procedural_history,True,answer_with_supported_citations,test_in_ext_expert,IN-Ext,India,2007_S_632,e5df5cb4a7fe7480a2dde591b5883a2d0104b9b1f78bb11e257663215f5059e6,IN-Ext:2007_S_632:A1,61a443aad3951cf5fdbe748be5f6abd825da6f61994cdce72714e130d7ebf538,,"FACTS
one shri a.j.tayeng was the revenue commissioner of government of manipur.
the state of manipur had not framed any recruitment rules for appointment inter alia in the revenue department and in particular the field staff thereof.
the commissioner of revenue department was conferred with a power of being the cadre controlling authority for non-ministerial post of the revenue department.
he was also to be the chairman of the departmental promotion committee for non-ministerial post of the revenue department.
the commissioner allegedly made certain appointments in the posts of mandols,process-servers and zilladars which was not within the knowledge of the state.
the said appointments were made on temporary basis.
his action has created lots of misunderstanding and confusion.
he has been making false and wrong allegations against the commissioner (revenue) and putting him false position.
the respondents were appointed on ad hoc basis for a period of six months.their appointments were also cancelled on similar grounds.

ARGUMENT
in a case of this nature it was not necessary to comply with the principles of natural justice.
as to whether appointments were made without the knowledge of the department or for that matter whether any record was available there for was of not much significance as in effect and substance they lead to the same inference.

ISSUE
the respondents herein filed writ petitions before the high court on 4.06.1998 questioning the said order of cancellation of their appointments.

ANALYSIS
the state while offering appointments,having regard to the constitutional scheme adumbrated in arts.14 and 16 of the constitution of india,must comply with its constitutional duty,subject to just and proper exceptions,to give an opportunity of being considered for appointment to all persons eligible there for.
the state had not framed any recruitment rules in terms of the proviso appended to art.309 of the constitution of india but the same by itself would not clothe the commissioner of revenue to make recruitments in violation of the provisions contained in arts.14 and 16 of the constitution of india.
the offers of appointment were cancelled not on the ground that some irregularities had been committed in the process of recruitment but on the ground that they had been non-est in the eye of law.
the purported appointment letters were fake ones.
if the offers of appointments issued in favour of the respondents herein were forged documents,the state could not have been compelled to pay salaries to them from the state exchequer.
any action,which had not been taken by an authority competent therefor and in complete violation of the constitutional and legal framework,would not be binding on the state.
in any event,having regard to the fact that the said authority himself had denied to have issued a letter,there was no reason for the state not to act pursuant thereto or in furtherance thereof.
the action of the state did not,thus,lack bonafide.
with a view to establish their legal rights to enable the high court to issue a writ of mandamus,the respondents were obligated to establish that the appointments had been made upon following the constitutional mandate adumbrated in arts.14 and 16 of the constitution of india.
they have not been able to show that any advertisement had been issued inviting applications from eligible candidates to fill up the said posts.
it has also not been shown that the vacancies had been notified to the employment exchange.
the commissioner furthermore was not the appointing authority.
even assuming that dpc would mean selection committee,there is nothing on record to show who were its members and how and at whose instance it was constituted.
the appointing authority,in absence of any delegation of power having been made in that behalf,was the state government.
the government order did not delegate the power of appointment to the commissioner.
he,therefore,was wholly incompetent to issue the appointment letters.
where the facts are admitted,the principles of natural justice were not required to be complied with,particularly when the same would result in futility.
it is true that where appointments had been made by a competent authority or at least some steps have been taken in that behalf,the principles of natural justice are required to be complied with.
in kumari shrilekha vidyarthi 1990 indlaw sc 463 (supra), it was held that the wide sweep of art.14 undoubtedly takes within its fold the impugned circular issued by the state of u.p.in exercise of its executive power,irrespective of the precise nature of appointment of the government counsel in the districts and the other rights,contractual or statutory,which the appointees may have.
it is for this reason that we base our decision on the ground that independent of any statutory right,available to the appointees,and assuming for the purpose of this case that the rights flow only from the contract of appointment,the impugned circular,issued in exercise of the executive power of the state,must satisfy art.14 of the constitution and if it is shown to be arbitrary,it must be struck down.
this too is relevant for deciding the question of arbitrariness alleged in the present case.
in m.c.mehta v.union of india and others [(1999) 6 scc 237 1999 indlaw sc 1396],this court developed the ""useless formality"" theory stating: ""more recently lord bingham has deprecated the useless formality theory in r.v.chief constable of the thames valley police forces,ex p cotton by giving six reasons.
a detailed and emphatic criticism of the useless formality theory has been made much earlier in natural justice,substance or shadow by prof.d.h.clark of canada (1975 pl,27 63) contending that malloch and glynn were wrongly decided.foulkes,craig and others say that the court cannot prejudge what is to be decided by the decision-making authority.de smith says courts have not yet committed themselves to any one view though discretion is always with the court.
wade says that while futile writs may not be issued,a distinction has to be made according to the nature of the decision.
thus,in relation to cases other than those relating to admitted or indisputable facts,there is a considerable divergence of opinion whether the applicant can be compelled to prove that the outcome will be in his favour or he has to prove a case of substance or if he can prove a real likelihood of success or if he is entitled to relief even if there is some remote chance of success.
in kendriya vidyalaya sangathan 2002 indlaw sc 287 (supra),it was held: ""it is clear that if after the termination of services of the said dr.k.c.rakesh,the orders of appointment are issued,such orders are not valid.if such appointment orders are a nullity,the question of observance of principles of natural justice would not arise.
in bar council of india v.high court of kerala [(2004) 6 scc 311 2004 indlaw sc 340],it was stated that principles of natural justice,however,cannot be stretched too far and their application may be subject to the provisions of a statute or statutory rule.

STATUTE
article 15 and 16 of the constitution of india.","['IN-Ext:2007_S_632:retrieval-0000', 'IN-Ext:2007_S_632:retrieval-0001', 'IN-Ext:2007_S_632:retrieval-0009', 'IN-Ext:2007_S_632:retrieval-0007', 'IN-Ext:2007_S_632:retrieval-0023', 'IN-Ext:2007_S_632:retrieval-0004']"
LQA-084,"Case background: On 20 December 2010, the Financial Services Authority (FSA), acting in pursuance of its public duties under sections 3 to 6 of the Financial Services and Markets Act 2000 (FSMA)... What final order did the court make, and what relief followed?",easy,outcome,True,answer_with_supported_citations,test_uk_abs,UK-Abs,United Kingdom,uksc-2011-0244,e0c1fcde618318cc5c71b9ddf8790ec80ab1bd713548c799e42370a39180610e,UK-Abs:uksc-2011-0244:reference,44c5a47a59c713f9f3d7d441320eac71d29e39020245d08fd469bbb7b9bcf5b1,,"On 20 December 2010, the Financial Services Authority (FSA), acting in pursuance of its public duties under sections 3 to 6 of the Financial Services and Markets Act 2000 (FSMA), made a without notice application for a freezing injunction against Sinaloa Gold and PH Capital Invest under section 380(3) of FSMA.
The FSA alleged that both companies were involved in promoting the sale of shares in Sinaloa without proper authorisation and an approved prospectus and that PH Capital Invest had breached FSMA in various other respects.
Schedule B to the injunction stated that the FSA gave no cross undertaking in damages.
However, under Schedule B, the FSA undertook to cover both costs and losses incurred by third parties as a result of the injunction.
The undertaking in respect of third party losses was inadvertent and the FSA applied to have it removed.
Barclays with whom Sinaloa Gold plc had six bank accounts intervened to oppose this application.
The application to have the undertaking removed was refused in the High Court.
However, this decision was reversed in the Court of Appeal.
The effect of the Court of Appeals decision was to preserve the undertaking in respect of third party costs but eliminate the undertaking in respect of third party losses.
Barclays appealed to the Supreme Court.
The Supreme Court unanimously dismisses the appeal.
There is no general rule that an authority such as the FSA, acting pursuant to a public law duty, should be required to give a cross undertaking in respect of losses incurred by third parties.
Further, there are no particular circumstances which mean that the FSA should be required to give such a cross undertaking on the facts of this case.
The judgment of the Court is given by Lord Mance.
Whilst there is no continuing justification for the former blanket practice whereby the Crown was not required to give a cross undertaking in any circumstances, a general distinction still exists between private claims and law enforcement actions [33].
In a private claim, a claimant seeking an injunction will ordinarily be expected to give a cross undertaking in damages to the defendant(s) and to third parties.
This can be justified on the basis that such a claimant should be prepared to back its own interest with its own assets against the event that it obtains the injunction unjustifiably with the result that harm is caused to the interest of another [30].
However, different considerations arise in relation to law enforcement actions, where a public authority is seeking to enforce the law in the interests of the public generally, often in pursuance of a public duty to do so, and enjoys only the resources which have been assigned to it for its functions [31].
In these circumstances public authorities cannot generally be expected to back their legal actions with the public funds with which they are entrusted for the purpose of undertaking their functions [33].
Such a requirement may inhibit public officials from fulfilling their public duties for fear of exposing public funds to claims for compensation.
The position regarding the giving of any cross undertaking cannot differ according to whether it is intended to protect a defendant or a third party [14, 34].
In both instances the cross undertaking covers the loss caused by the grant of an injunction in circumstances where the person incurring the loss is essentially innocent [34].
A pragmatic distinction can be drawn between an undertaking in respect of costs and an undertaking in damages.
Public authorities should be able to enforce the law without being inhibited by the fear of cross claims and the exposure of their resources, and this applies with particular force to any open ended undertaking in respect of third party loss.
It does not apply with the same force to a more limited cross undertaking in respect of third party costs [35].
There are no special circumstances why the FSA should be required to give a cross undertaking in respect of losses suffered by third parties on the particular facts of this case.
In a case such as the instant one, where the FSA takes positive action to shut down allegedly unlawful activity, it does not in the course of so doing assume any responsibility towards or liability for breach of a duty of care enforceable at the instance of third parties [37 38].
The FSA enjoys a further power to freeze the assets of a permitted person, without making any application to a court, under Part IV of the FSMA.
In the exercise of its powers under Part IV the FSA is excluded from any risk of liability by virtue of paragraph 19 of Schedule 1 to FSMA.
There would therefore be an apparent imbalance were the FSA required to accept potential liability in cases such as the instant one concerned with the activities of unauthorised persons [37 38].","['UK-Abs:uksc-2011-0244:retrieval-0000', 'UK-Abs:uksc-2011-0244:retrieval-0001', 'UK-Abs:uksc-2011-0244:retrieval-0029', 'UK-Abs:uksc-2011-0244:retrieval-0003', 'UK-Abs:uksc-2011-0244:retrieval-0002', 'UK-Abs:uksc-2011-0244:retrieval-0033']"
LQA-085,"Case background: The petitioners employed as daily rated carpenters at the Wood Working Centre of the Himachal Pradesh State Handi crafts Corporation sought enforcement of their fundamental right to have ""equal pay for equal work"" in terms paid to their counterparts in regular services, or in the alterna tive... What central legal issue did the court have to resolve?",medium,legal_issue,True,answer_with_supported_citations,test_in_abs,IN-Abs,India,6118,ebc53839ca84f32702dee6e0654fdce828b1ec58af228401ca3ac02770a2ab37,IN-Abs:6118:reference,c8e22b3c70f99e143c1d2c16a69f125f331a637632410aaf20deca5f2ad13948,,"The petitioners employed as daily rated carpenters at the Wood Working Centre of the Himachal Pradesh State Handi crafts Corporation sought enforcement of their fundamental right to have ""equal pay for equal work"" in terms paid to their counterparts in regular services, or in the alterna tive, the minimum wages prescribed by the Deputy Commission er for like categories of workmen.
The petitioners ' claim was resisted by the respondents.
Their case was that the unit where the petitioners were working was a factory registered under the Factories Act, that they were treated as industrial workmen and given all benefits due to them under the various labour legislations, that the Government had not fixed the minimum wages payable to the workmen engaged in the Corporation or other like industries but the Corporation had adopted for its workmen the minimum wages payable for similar work in the construc tion industry, and that there were no regular employees of the petitioners ' categories in its establishment and, as such, the question of payment to them the pay admissible to regular employees does not arise.
Dismissing the writ petition, HELD: 1.
Unless it is shown that there is a discrimina tion amongst the same set of employees by the same master in the same establishment, the principle of ""equal pay for equal work"" cannot be enforced.
A comparison cannot be made with counterparts in other establishments with different management, or even in establishments in different geograph ical location though owned by the same master.
[668B] In the instant case, the petitioners were employed by a company incorporated under the Companies Act.
They cannot claim wages pay 663 able to their counterparts in government service.
[668C] Meva Ram Kanojia vs All India Institute of Medical Sciences & Anr., ; , referred to.
Randhir Singh vs Union of India, ; , ex plained.
The principle of 'equal pay for equal work ' has no mechanical application in every case of similar work.
No two jobs by the mere nomenclature or by the volume of work performed can be rated as equal.
It is not just a comparison of physical activity.
It requires the consideration of various dimensions of the job.
The accuracy required by the job and the dexterity it entails may differ from job to job.
It cannot be evaluated by the mere averments in the self serving affidavits or counter affidavits of the parties.
It must be left to be evaluated and determined by expert body.
[666D, 668D E] In the instant case, however, the Corporation had no regularly employed carpenters.
Even assuming that the peti tioners ' jobs were comparable with the counterparts in Government service they could not enforce the right to equal pay for equal work.
[667G, 668A] State of U.P. vs J.P. Chaurasia, ; ; Meva Ram Kanojia vs All India Institute of Medical Sciences & Anr., ; and Federation of All India Customs and Central Excise Stenographers (Recognised) vs Union of India, ; , referred to.
The order issued by the Deputy Commissioner on March 20, 1986 in exercise of his powers under the H.P. Financial Rules prescribing minimum wages was applicable only to skilled and unskilled workers in Class IV employees in Government service.
The benefit of the rates prescribed under that order cannot be extended to the petitioners unless the Government makes it applicable to the employees of the Corporation.
[668F G]","['IN-Abs:6118:retrieval-0000', 'IN-Abs:6118:retrieval-0001', 'IN-Abs:6118:retrieval-0008', 'IN-Abs:6118:retrieval-0007', 'IN-Abs:6118:retrieval-0002', 'IN-Abs:6118:retrieval-0009']"
LQA-086,"Case background: it appears that the regional settlement commissioner placed this property for auction through government auctioner and one gulabbai desai purchased the said property in auction for a consideration of rs.16,750/- on 17.5.1956 and,accordingly,sale certificate was issued by the regional settlement commissioner,bombay on behalf of the government. How did the court interpret or apply section 8(i) and section 257 to resolve the dispute?",medium,statutory_interpretation,True,answer_with_supported_citations,test_in_ext_expert,IN-Ext,India,2015_S_368,f576f903a98829ed629db3c001f40dd5f95f099aeb62a52bccbfab33a320ff94,IN-Ext:2015_S_368:A1,457b62cc21cc2ef599b78983f2b3ba45514e7e818444f9a61b80e5ff62022513,,"FACTS
survey nos.118,328 and 351 of lonavala were originally owned by one haji habib tar mohammed janu.
the said haji mohammed migrated to pakistan and while going to pakistan,he sold his property to one smt.hajrabi haji yusuf on 4.6.1949.
however,this transaction was cancelled by the collector and custodian of evacuee property on 17.4.1949 as per section 8(i) of the evacuee properties act and these lands were accordingly entered as evacuee property by the tahsildar,maval on 26.10.1949.
it appears that in cts no.129,130-a,130-b and 133,apart from vacant land there is a bungalow no.52-habib villa.
it appears that the regional settlement commissioner placed this property for auction through government auctioner and one gulabbai desai purchased the said property in auction for a consideration of rs.16,750/- on 17.5.1956 and,accordingly,sale certificate was issued by the regional settlement commissioner,bombay on behalf of the government.
in the said sale certificate the c.t.s.no 129,130-a,130-b and 133 of village lonavala were mentioned.
on the basis of the sale certificate the mutation entry no.1836 was effected in the village record in favour of gulabai desai,and thereby her name was entered in survey nos.118/1b and 328 of village lonavala to the extent of 29.30 acres and 70 acres respectively.
thereafter,gulabai sold cts no.133 admeasuring 33 gunthas on 24.4.1977 to respondent no.3 genu kadu.
the said gulabai also gifted her remaining area from this survey numbers to her grandson anil gajanan desai on 15.1.1979,who in turn has sold his properties to respondent no.2 -prem hasmatraj lalwani in 1980.
the survey nos.118/2 and 351,being evacuee properties,were allotted to the appellant in the year 1956.
later on,it was found that the appellant is in possession of more area and,therefore,the said order was modified and excess area was granted to the appellant on payment of rs.31,360/-,which appellant had paid on 17.5.1982 in government treasury and thereby the deputy collector and assistant settlement commissioner,pune granted the excess land to the appellant,and thereafter the dispute started between the parties.
being aggrieved by the order passed in the revision,respondent no.2 lalwani preferred rts appeal no.81 of 2000 and the respondent no.3 genu kadu preferred rts appeal no.114 of 2000.
both these rts appeals were heard by the additional collector,pune and by order the addl.collector,pune dismissed the said appeals and confirmed the order of the sub divisional officer,maval.
aggrieved by the said order of the additional collector,respondent no.2 preferred rts revision no.330 of 2001 under section 257 of maharashtra land revenue code,1966 before the additional commissioner,pune division,pune.
the said revision was decided by the additional commissioner,pune and it was dismissed.
appellant challenged the order dated 19.10.2002 passed by the minister by filing a writ petition,which was dismissed by learned single judge of the bombay high court.
thereafter,the appellant filed letters patent appeal,which was also dismissed by the division bench holding that when the state minister for revenue entertained the matter,he was possessed of jurisdiction under section 257 of the maharashtra land revenue code and,therefore,the order passed by him under the said authority is within his jurisdiction,power and competence.

ARGUMENT
it is the appellant's case that his father shri nawoosingh panjumal panjwani was a displaced person who migrated from pakistan to india during the period of partition and the appellant's family while in pakistan was having agricultural land over there admeasuring 4 acres 10 gunthas.after migration,the family took shelter at refugee camp of pimpri,pune in maharashtra.
in view of enactment of displaced persons (compensation and rehabilitation) act,1954 by the union of india,the immovable properties left behind by muslims who had migrated to pakistan were acquired and the same was distributed to displaced persons as a ""compensation pool"".
referring the decision of the bombay high court in the case of sambappa vs.state of maharashtra [(2002) scc on line,bombay 1222],learned counsel submitted that when the sub-divisional officer,additional collector and additional commissioner had concurrently recorded finding in favour of the appellant by observing that the revenue record is not in consonance with the factual aspect and they have directed to correct the revenue entries,in such a case,the second revisional authority exceeded its jurisdiction in entertaining the said application and interfering with the finding of fact.
section 257 makes it clear that a revisional authority has to consider only the legality and propriety of the decision.
learned counsel referring the revisional jurisdiction of the high court under section 115 of the code of civil procedure tried to impress us that when the power of revision is given to the district judge,then the high court cannot entertain second revision petition under section 115 of the code.

ISSUE
whether a second revision under section 257 is maintainable and that whether the state government exceeds its jurisdiction in entertaining the second revision?

ANALYSIS
the state government makes appointment of the revenue officers including the commissioner and the chief controlling authorities in the revenue matters.
section 5 makes it clear that the chief controlling authority in all matters connected with the land revenue in his division shall vest with the commissioner,subject to superintendence,directions and control of the state government.
section 11 provides that all revenue officers shall be subordinate to the state government.
it is,therefore,clear that in revenue matters the state government is the supreme revenue authority.
the power of revision exercised by any revenue officer including the commissioner is a proceeding by a subordinate officer and the state government can satisfy itself as to the legality and propriety of any decision including the order passed in revision by the revenue officers.
state government itself appoints the revenue officers including the commissioner under the scheme of the code and all revenue officers are subordinate to the state government as per section 11 of the act,and even the chief controlling authority in all matters connected with the land revenue in his division is vested with the commissioner,they are subject to the superintendence,direction and control of the state government as provided under section 5 of the code.
the state government's power to call for and examine the record and proceedings of subordinate officers is saved.
the revisional powers are not only exercisable by the state government but also by certain other revenue officers.
there is nothing in the code to suggest that if these revisional powers are exercised by a revenue officer who has jurisdiction,it cannot be further exercised by a superior revenue officer or by the state government.
in the case of ishwar singh v. state of rajasthan and others,(2005) 2 scc 334 under the rajasthan cooperative societies act,1965, this court held:- sub-section (2) of section 124 provides that if the decision or order is made by the registrar,appeal lies to the government and if the decision or order is made by any other person,or a cooperative society,the appeal lies to the registrar.
therefore,under chapter xiii a clear distinction is made between the state government and the registrar.
the test is whether the two authorities with concurrent revisional jurisdiction are equal in rank.
it is,therefore,not correct as contended by learned counsel for the appellant that the two authorities i.e.the state government and the registrar are interchangeable.
the power of the government and the registrar in terms of section 128 excludes matters which are covered by section 125 i.e. revision by the tribunal.

STATUTE
section 2(31) of the maharashtra land revenue code 1966 defines the revenue officer as that “revenue officer"" means every officer of any rank whatsoever appointed under any of the provisions of this code, and employed in or about the business of the land revenue or of the surveys, assessment, accounts, or records connected therewith.
chapter ii deals with the revenue officers,their powers and duties.
section 5 of the maharashtra land revenue code 1966 - chief controlling authority in revenue matters.
section 6 of the maharashtra land revenue code 1966 -revenue officers in division.
section 7 of the maharashtra land revenue code 1966 revenue officers in district.
section 11 of the maharashtra land revenue code 1966- subordination of officers.
sections 13 and 14 of the maharashtra land revenue code 1966 deal with the powers and duties of all revenue officers.
section 247 of the maharashtra land revenue code 1966 deals with the appeal and appellate authorities.
section 248 of the maharashtra land revenue code 1966 provides for the forum of appeal to the state government.
section 249 of the maharashtra land revenue code 1966 makes provision of appeal against the review or revision.
section 257 of the maharashtra land revenue code 1966- power of state government and of certain revenue and survey officers to call for and examine records and proceedings of subordinate officers.
section 259 of the maharashtra land revenue code 1966- rules as to decisions or orders expressly made final.","['IN-Ext:2015_S_368:retrieval-0002', 'IN-Ext:2015_S_368:retrieval-0004', 'IN-Ext:2015_S_368:retrieval-0000', 'IN-Ext:2015_S_368:retrieval-0001', 'IN-Ext:2015_S_368:retrieval-0005', 'IN-Ext:2015_S_368:retrieval-0008']"
LQA-087,"Case background: Article 40(1) of the United Nations Convention Relating to the Status of Refugees (1951) (the Convention) as modified by the Protocol Relating to the Status of Refugees (1967) (the Protocol) states that: any State may, at the time of signature, ratification or accession... Which precedent or governing legal principle did the court apply, and how was it applied?",medium,precedent_application,True,answer_with_supported_citations,test_uk_abs,UK-Abs,United Kingdom,uksc-2017-0106,e481a57811e06213c4d25fd3733c2502ee95506bfb55e89521d61dfd2ab55b9c,UK-Abs:uksc-2017-0106:reference,932c4da49bbb5226942514dab8ec126829049451d5d5f46258bafc319c0efe40,,"Until 1960 Cyprus was a colony of the UK.
In 1960, pursuant to the Cyprus Act, the Treaty concerning the Establishment of the Republic of Cyprus between the UK, Turkey Greece and Cyprus and an exchange of notes between the UK and Cyprus, Cyprus became an independent Republic.
The territory of the new republic was composed of the island of Cyprus with the exception of two areas Akrotiri and Dhekelia which were retained under UK sovereignty as Sovereign Base Areas (SBAs) for the purposes of accommodating military bases.
Article 40(1) of the United Nations Convention Relating to the Status of Refugees (1951) (the Convention) as modified by the Protocol Relating to the Status of Refugees (1967) (the Protocol) states that: any State may, at the time of signature, ratification or accession, declare that this Convention shall extend to all or any of the territories for the international relations of which it is responsible.
On 24 October 1956, prior to Cypriot independence, the UK notified the UN Secretary General that, subject to certain reservations, the Convention would be extended to Cyprus.
Post independence, Cyprus notified the Secretary General in 1963 that it had acceded to the Convention and in 1968 to the Protocol.
No notification has ever been made by the UK specifically in relation to the SBAs post Cypriot independence.
The Respondents are six refugees.
In October 1998 they boarded a ship in Lebanon which was bound for Italy but which foundered off the coast of Cyprus.
On 8 October 75 passengers including the respondents were airlifted to safety by RAF helicopters and brought to Akrotiri in south western Cyprus.
In due course they were accepted as lawful refugees under the Convention by the SBA Administration, and permitted to remain.
The SBA Administration sought to persuade the UK government to allow them to resettle in the UK but this was not acceptable to Ministers.
Ever since then they have lived in disused and highly unsatisfactory service accommodation in the SBA, while continuing to press for their admission to the UK, on the basis that this is the only practicable way for the UK to discharge its obligations to them under the Refugee Convention.
The arrival of the Respondents in the SBAs followed by further arrivals in 2000 and 2001 gave rise to arguments between the SBAs and Cyprus about which of them was to be responsible for the refugees and asylum seekers among them.
These arguments were resolved for future arrivals on 20 February 2003 when the UK and Cyprus entered into a Memorandum of Understanding relating to illegal migrants and asylum seekers (the 2003 Memorandum).
The agreement provided, in summary, for the full range of governmental services to be provided to refugees by Cyprus but at the expense of the UK.
Shortly after the 2003 Memorandum, the SBA Administrator enacted the Refugee Ordinance 2003 which gave effect within the SBAs to rights substantially corresponding to those conferred by the Convention.
The 2003 Memorandum did not apply to refugees such as the Respondents who had arrived in the SBAs prior to the date of its conclusion.
The Appellants case is that in 2005 the Cypriot authorities agreed with the SBA Administration that they would deal with refugees recognised as such by the SBA Administration in accordance with the 2003 Memorandum irrespective of the date of their arrival in the SBAs.
This agreement, however, has never been reduced to writing.
The Respondents were unwilling for responsibility for them under the Convention to be transferred to the Republic, and did not accept that this could lawfully be done without their consent.
They continued to press for admission to the UK, latterly with the support of the UN High Commissioner for Refugees (UNHCR).
The unhappy course of the ensuing dispute is summarised in the judgment.
It came to a head when in 2013, the Respondents formally asked to be admitted to the UK.
In a decision dated 25 November 2014, the Secretary of State refused entry.
The Respondents challenged that decision on the basis that it was inconsistent with the Convention.
The High Court held that the Convention did not extend to the SBAs as a matter of international law, but quashed the Secretary of States decision on the basis that she had failed to take into account concerns raised by the UNHCR.
The Court of Appeal overturned that decision, declared that the Convention did extend to the SBAs and directed the Secretary of State to make a fresh decision on whether to admit the Respondents to the UK, having regard to the UKs obligations under the Convention.
On 6 July 2017, the Secretary of State made a fresh decision refusing to admit the Respondents on the basis that she considered that they could resettle in the Cyprus or, alternatively that the UK could comply with its obligations by arranging for the Respondents to be supported by Cyprus as agreed in 2005.
The broad question at issue in the appeal is whether the Respondents are entitled or should be permitted to be resettled in the UK on the basis of the Convention or that in the exceptional circumstances of the case the Secretary of State should exercise his discretion to admit them.
The specific issues identified by the Court as essential to the resolution of the appeal are as follows [60]: (i) Does the Convention (as extended by the 1967 Protocol) apply to the SBAs? (ii) Does the Convention by its terms entitle the Respondents to be resettled in the UK? (iii) Was the Memorandum of Understanding of 2003 a valid performance of the Convention obligations for those within its scope? In particular: a. Was the UK in principle entitled to fulfil its obligations under the Convention by arranging for support to be provided by Cyprus? b.
If so, were the terms of the Memorandum of Understanding (including the 2003 Refugee Ordinance) a proper basis on which to do so? a.
Was the UK entitled in 2005 to make the same arrangements in respect of the Respondents without their consent given their lawful and accepted presence as refugees in the SBAs since 2000 (it being accepted that the Respondents are entitled to continue to live in the SBAs [107])? b.
If so, was the 2005 agreement with Cyprus a legally effective means of doing so, having regard to its informality and the absence of incorporation into SBA law? c.
Has the support of Cyprus for the Respondents in accordance with the 2005 agreement been available in practice, and can it be assured in the future? (v) If the 2005 agreement, for whatever reason, was not a legally effective means of discharging the UKs obligations to the Respondents under the Convention, or if such support has not been available in practice, what are the consequences, in terms of rights or remedies potentially available in these proceedings, and how should the court give effect to them in its order? (iv) If the answer to (iii) is yes:
The Supreme Court gives an interim judgment.
It is final as to the issues covered (issues (i) (iii)), but interim in the sense that other issues will have to be decided (issues (iv) (v)) before the appeal can be finally determined.
Certain critical and difficult issues had not been clearly identified in the agreed statement of facts and issues, nor adequately covered by the written or oral submissions.
In fairness to the parties and in order to reach a fully informed conclusion, the court sees no alternative but to invite further submissions on the matters identified in the interim judgment.
Issue (i) Until 1960 the Convention unquestionably applied to the territory now comprised in the SBAs [63].
Treaty obligations cease to apply to a territory where it secedes from the state which entered into the treaty, or where a formerly dependent territory becomes independent of the parent state which entered into the treaty [64].
The Cyprus Act 1960 did not alter the status of the SBAs but merely excluded them from the transfer of territory to the new Republic of Cyprus when it became independent [69].
As a matter of international law the Convention continues to apply to the SBAs by virtue of the declaration in 1956, in the same way it applied to the colony of Cyprus before 1960.
Article VII(4) of the Protocol provides that where a state made a declaration under Article 40(1) or (2) of the Convention extending its application to a territory for whose international relations it was responsible, and then acceded to the Protocol, the declaration should apply to the Protocol also, unless that state notified the Secretary General to the contrary.
No further declaration was required to extend the Protocol to dependent territories where the original Convention applied.
The UK acceded to the Protocol without any reservation relating to the SBAs.
Since the Convention continued to apply to the SBAs after 1960, the Protocol applies there also [71].
Issue (ii) The Convention does not entitle the Respondents to be resettled in the UK metropolitan territory.
A states duties under the Convention to a refugee reaching a particular territory for whose international relations the state is responsible are in principle and in normal circumstances limited to providing and securing the refugees Convention rights in that context [89].
The widespread use of colonial clauses in international treaties reflects the principle that for certain purposes, including the application of treaties, dependent territories of a state are treated as having a status in international law distinct from that of the parent states metropolitan territory [76].
Like many multilateral treaties, the Convention was framed to apply only to a states home country or metropolitan territory unless extended to other territories under Article 40 [78].
Article 40 suggests that for the purposes of the Convention the metropolitan territory and its dependent territories are to be treated as separate units [80].
Similarly, other articles of the Convention indicate that the metropolitan territory is to be treated as distinct such as Articles 15, 17 to 24, 26, 19, 32 and 34 [81 88].
Issue (iii) The Respondents submission that the 2003 Memorandum was not a proper basis for the provision of the support for refugees required by the Convention is rejected [103].
There are uniquely close practical links between the SBAs and Cyprus [91 93].
The Convention does refer to the appropriate treatment of refugees in a States territory and the provision of facilities to refugees there.
But nothing in the Convention is expressly directed to a situation like that which exists in Cyprus and nothing in it is expressly inconsistent with the nature of the arrangements which the UK has made with Cyprus [94].
International courts and tribunals will interpret a treaty in line with Article 31(1) of the Vienna Convention on the Law of Treaties.
They will endeavour to place the factual situation as it has developed since the inception of the treaty within the context of the preserved and developing treaty relationship in order to achieve its object and purpose in so far as that is feasible [95].
Subject to issues about the precise interpretation of certain articles, the court does not find objection in principle to some, most or all of the supporting facilities required for refugees being provided by co operative and effective arrangements with the Republic.
The more difficult issues are as to its application to those already accepted as lawful refugees [96].
Issues (iv) and (v) have been left for future determination and further submissions.
The parties may be able to reach agreement without further argument on those issues [104 114].
So far as they remain in dispute the appeal should be relisted for further submissions as soon as practicable [115].","['UK-Abs:uksc-2017-0106:retrieval-0013', 'UK-Abs:uksc-2017-0106:retrieval-0022', 'UK-Abs:uksc-2017-0106:retrieval-0011', 'UK-Abs:uksc-2017-0106:retrieval-0036', 'UK-Abs:uksc-2017-0106:retrieval-0076', 'UK-Abs:uksc-2017-0106:retrieval-0007']"
LQA-088,"Case background: An industrial dispute regarding fixation of wages and bonus, between the respondent paper mills and its workmen, the appellants, was referred to the Industrial Tribunal in October, 1962, and the reference included a dispute about bonus payable for the years 1962 63 and 1963 64. How did the court connect the governing legal rule to the facts in reaching its conclusion?",hard,judicial_reasoning,True,answer_with_supported_citations,test_in_abs,IN-Abs,India,2440,f7a5aada8e6fcc205a2b3ff84e94563e29b131e0064085b7c036fb1543a456c2,IN-Abs:2440:reference,fd53032425df293d3765e7e5e6bedc1c875f1cbad77d1a3250a62a1bc4b2f41e,,"An industrial dispute regarding fixation of wages and bonus, between the respondent paper mills and its workmen, the appellants, was referred to the Industrial Tribunal in October, 1962, and the reference included a dispute about bonus payable for the years 1962 63 and 1963 64.
The Tribunal held: (1 ) that there were in the region no ' other concerns in the same line of business which could be compared with the respondent but that there were three collieries, a steel plant, a cement factory and an aluminum company in the region which were comparable with the resportdent, that as the minimum wage in those industries which was about Rs. 95 was above that of the respondent, a revision of the minimum wage in the respondent mills was justified.
that such minimum wage should be fixed for the price index prevailing at the time of the award taking 100 as the basic index for the year 1939, and that on that basis, the basic wage and dearness allowance should be Pa. 73, and that Pa. 11 was payable as production bonus; (2) that the dearness allowance element need not be linked to the price index, but that wage should be fixed at the prevailing price index leaving it to the workmen to ask for increase in minimum wage on any further rise in price index; (3 ) that the revised wages were payable with effect from 13th December, 1962; (4) that the three elements of basic wage, dearness allowance, and production bonus which make up the total minimum wage packet of Rs. 84 (Rs. 73 + Pa. 11) should be in the proportion of 3: 3: 1, and that profit bonus was payable at three months ' basic wage.
The proportion of 3:3: 1 was fixed by the Tribunal, because, under an agreement of 1959 the management and workmen accepted that proportion by mutual consent.
On the basis of that agreement, the Tribunal also held that; (5) casual workers should not be equated to permanent workers for purpose of minimum wages, and that casual and radii workers should not be allowed bonus on the same basis as the permanent workers; (6) The appellants also claimed before the Tribunal 6 months ' basic wage instead of 3 months ' basic wage, which was being paid by the respondent, on the assumption that certain before staff were being paid as bonus 3 months ' consolidated wage consisting of basic wage and dearness allowance; but the Tribunal rejected the claim.
In appeal to this Court.
HELD: (1) This Court laid down in French Motor Car Co. Ltd. vs Its Workmen, [1963] Supp.
that where there is no concern in the same industry in the region comparable with the concern in which wages have to be fixed, greater emphasis should be laid on the region part of the industry cum region principle.
To give full effect to this rule the Tribunal should have proceeded to fix the minimum wage in the respondent mills on the basis of the average minimum wage prevailing 667 in the other industries in that region.
The respondent was not providing any amenities which should be taken into account in fixing the minimum wage, different from the amenities provided by those concerns in the region which were being compared.
Therefore, the Tribunal should have fixed the minimum wage packet at Rs. 95 per mensem which was the average wage prevailing in all those concerns and should not have fixed the wages on an entirely different basis.
[671 F H; 672 G H] (2) The Industrial, Tribunal has the discretion, in appropriate cases, of making a direction linking the dearness allowance element of a wage to the price index, or to fix the wage at the prevailing price index leaving the labour to raise a fresh demand and, if necessary, a fresh industrial dispute for further rise in wages, in case there is marked variation in price index and the wage fixed becomes outdated; and therefore.
the Tribunal was not wrong in choosing the latter alternative.
[674 F G; 675 B] Hydra (Engineers), vs The Workmen, ; , referred (3) This direction ' was objected to by respondents, on the ground that the respondent may have to pay arrears for 5 or 6 years which would be a heavy burden.
But the previous agreement of 1959 was binding only upto 12th December, 1962.
So, the Tribunal was right in directing that the revised wages should take effect from 13th December, 1962, in view of the considerable rise in the price index and the fact that the labour had not raised a fresh dispute for a further revision of wages since the date of the award.
[675 G H] (4) No error was committed by the Tribunal in the break up of the wages into the 3 elements of basic wage, dearness allowance and production bonus in the proportion of 3: 3: 1.
The contention of the workmen that the proportion should be 3:1: 1: so as to increase the basic wage element and consequently the profit bonus.
was rightly rejected by the Tribunal, because.
the proportion of 3:3:1 was accepted by mutual consent.
[674 B C] (5) The distinction between casual workers and permanent workers for purpose of minimum wage, and casual and badli workers on the hand and permanent workers on the other for purpose of bonus, was recognised by the parties themselves in the agreement of 1959, and therefore, the Tribunal was right in keeping up the distinction in its award.
[675 D E; 678 B C] (6) The allegation that some clerical staff was receiving what amounted to 6 months ' basic wage as bonus was incorrect.
There was some clerical staff which did not get any dearness allowance and the bonus in their case was worked out on the basis of their wages which was only the basic wage.
The appellants were wrong in assuming that the wage of such clerical staff was a consolidated wage consisting of the 2 elements of basic wage and dearness allowance.
Therefore, the appellants could not claim 3 months ' consolidated wages as bonus which would amount to 6 months ' basic wage.
[677 G H; 678 A B] It could not be urged by the appellants that calculation of available.
surplus for purposes of bonus should have been on the basis of the Full Bench formula approved by this Court in Associated Cement Companies Ltd. vs Its Workmen, , for justifying 6 months ' basic wages as bonus, because, that was not the basis of the claim before the Tribunal.
Further, the Tribunal was expected to decide the dispute only as referred to it, and at the time of the reference the accounts for the years 1962 63 and 1963 64 could not have been available, and therefore, 668 there could not possibly be a claim for higher bonus on the basis of the application of the Full Bench Formula.
[676 D F; 677 C D]","['IN-Abs:2440:retrieval-0013', 'IN-Abs:2440:retrieval-0006', 'IN-Abs:2440:retrieval-0020', 'IN-Abs:2440:retrieval-0000', 'IN-Abs:2440:retrieval-0019', 'IN-Abs:2440:retrieval-0005']"
LQA-089,"Case background: it was the appellant's case that he had been in occupation of the said 160 acres of cherikkal land about which and the adjoining lands there was a dispute as to whether the same belonged to a jenmi family known as koodalvalli illom--hereinafter called 'the illom or to... What were the parties' competing arguments, and why did the court accept one position over the other?",hard,arguments_and_reasoning,True,answer_with_supported_citations,test_in_ext_expert,IN-Ext,India,1973_S_68,f6a5bbb51ff34c299146cb4c07394a46bf99610d0e904ede7f44a8289515b258,IN-Ext:1973_S_68:A1,16f65fee37586952f918399f2b0f3d0cdc1fcf00d105cc198a70c5404319029e,,"FACTS
it was the appellant's case that he had been in occupation of the said 160 acres of cherikkal land about which and the adjoining lands there was a dispute as to whether the same belonged to a jenmi family known as koodalvalli illom--hereinafter called 'the illom or to the government of the erstwhile travancore state.
the appellant's father and the appellant had occupied these lands, made improvement thereon by planting coconut trees, arecanut palms, peppervines, rubber-trees, jack trees, other trees, and by constructing bungalow, huts, wells etc. in the bona fide belief that the lands belonged to the illom.
it was stated that according to the practice prevailing in the erstwhile state of travancore the cultivators could enter into unoccupied waste lands belonging to the janmies with the object of cultivating and improving them, and as they held the lands under them by paying rent, the consent of the jemies to such occupation was implied.
in respect of the 160 acres of land of' the illom which were occupied by the appellant's father and the appellant, there was a dispute between the illom and the travancore state from about 1848.
while this dispute was pending it appears the appellant applied to the conservator of forests for registration of the lands in his name, but the application was rejected in 1919 stating that the land applied for cannot be registered.
while the application for registration was pending, the dispute between the illom and the state of travancore had reached a stage when the illom had to institute a suit in the district court at quilon for a declaration of its title to those properties.
an appeal against it was dismissed.
against an appeal was filed in the high court of travancore.
the high court issued a commission for inspecting the properties and the commissioner in his report set out the improvements made by the appellant on the lands which comprised of a bungalow in which the appellant was residing, a number of small houses. a rubbers state, and a large number of other valuable trees like jack trees, mango trees, coconut trees etc. it appears that as there was no injunction restraining his dispossession.
the appellant, pursuant to this order, was dispossessed from the lands and possession of these lands was given to the second defendant nair service society ltd. in august 1939. thereafter the suit out of which this appeal arises was filed against the government.

ARGUMENT
there is no order forfeiting the improvements as required under s. 9 of the act, and if s. 9 does not apply and there is no right of forfeiture as contemplated under s. 9, then the appellant is entitled to compensation under the general law.
as the appellant was not served with a notice to quit as required under s. 9 of the act but was forcibly evicted without giving him an opportunity of cutting and taking away the trees etc. from the lands from which he was evicted, he would be entitled to claim compensation for the improvements made by him.
the appellant did not occupy the lands as a trespasser with a bona fide claim of title because it was his case that he trespassed upon the land with a bona fide intention to improve the land, and as such he can still be considered as a bona fide trespasser entitled to improvements under the general law.
even if trees are not included in s. 9 and no notice of forfeiture is necessary, under the general law even a trespasser on the land, whether bona fide or not, is entitled to compensation or damages for the improvements made by him on the land.
it was not his case nor is it under the general law necessary for a person who trespassed on the land to trespass with a claim of bona fide title.

ISSUE
it is the case of the appellant that even, after the act was passed, unauthorised occupants of land belonging to the government who had made improvements therein had, under the rules made both under the act and the land assignment act a preferential claim over others for getting kuthakapattom or assignment of the property in their possession.
several issues were framed, but it is not necessary to refer to: them except to say that the suit was decreed only for rs. 3000/being the value of the appellant's bungalow taken possession of by the respondent.

ANALYSIS
the possession of the appellant ,commenced after his application for registration was rejected in 1919, and the improvements, if any must have been effected only thereafter with full knowledge that the title to the lands was in dispute between the illom and the government, is unassailable.
the court had earlier adverted the fact that after the application for registration was ,rejected the appellant tried to get himself impleaded in the suit filed by the illom against the state which application was also rejected and so the claim that his possession was bona fide or that he was a bona fide trespasser has no validity.
this finding is fortified by s. 5 of the act which provides that from and after the commencement of the act it shall not be lawful for any person to occupy land which is the property of the government whether poramboke or not without the permission from the government or such officer of the government as may be ,empowered in that behalf.
in view of this specific provision the contravention of which is punishable under s. 6 thereof, his conduct in applying for registration and for getting himself impleaded in the suit of the illom against the government, would show that he knew that the land was government land or land in which the government had a claim.
the case of clark and another v. gaskarth, 8 taunt 431.
trees are not included within the meaning of 'other products raised on the, land' in s. 9 of the act and there is, therefore, no obligation on the government to give notice of forfeiture under that section.
the appellant was not a mere trespasser and had deliberately entered upon the lands knowing full well that he had no right, claim or title to the lands or had in any manner a right to enter the land and has been rightly evicted as a trespasser.

STATUTE
section 9 of the travancore land conservancy act 4 of 109 is in the following terms.
any person unauthorised occupying any land for which he is liable to pay a fine under section 6 and an assessment or prohibitory assessment under section 7, may be summarily evicted by the division peishkar, and any crop or other product raised on the land shall be liable to forfeiture and any building or other structure erected or anything deposited thereon shall also, if not removed by him after such written notice as the division peishkar may deem reasonable, be liable to forfeiture.
'forfeiture under this section shall be disposed of as the division peishkar may direct.
an eviction under this section shall be made in the following manner, namely, by serving a notice on a person reported to be in occupation or his agent, requiring him, within such time as the division peishkar may deem reasonable after receipt of the said notice to vacate the land, and if such notice is not obeyed, by removing or deputing a subordinate to remove any person who may refuse to vacate the same, and, if the officer removing any such person shall be resisted or obstructed by any person, the division peishkar shall hold a summary enquiry into the, facts of the case and, if satisfied that the resistance or obstruction still continues, may issue a warrant for the arrest of the said person, and on his appearance may send him with a warrant in the form of the schedule for imprisonment in the civil jail of the district for such period not exceeding 30 days as may be necessary to prevent the continuance of such obstruction or resistance.
provided that no person so committed or imprisoned under this section shall be liable to be prosecuted under sections 176, 179 and 181 of the travancore penal code in respect of the same facts.","['IN-Ext:1973_S_68:retrieval-0010', 'IN-Ext:1973_S_68:retrieval-0008', 'IN-Ext:1973_S_68:retrieval-0000', 'IN-Ext:1973_S_68:retrieval-0001', 'IN-Ext:1973_S_68:retrieval-0005', 'IN-Ext:1973_S_68:retrieval-0002']"
LQA-090,"Case background: It is argued that the cap has an unjustifiably discriminatory impact on women in relation to their right to the peaceful enjoyment of their possessions, contrary to article 14 of the European Convention on Human Rights taken with article 1 of the First Protocol to the ECHR (A1P1). Identify the controlling issues, explain the court's reasoning, and state the final outcome.",hard,multi_issue_synthesis,True,answer_with_supported_citations,test_uk_abs,UK-Abs,United Kingdom,uksc-2014-0079,e7a4668f25f34c35b45ee56591cee4ff08c53eda0dd0bd420652c30750f9cab8,UK-Abs:uksc-2014-0079:reference,6484c233af44800127795fc34ca9daeb5f3c6e5d593d355d0a78e74347e64db7,,"The benefit cap was introduced in the Welfare Reform Act 2012 and implemented by the Benefit Cap (Housing Benefit) Regulations 2012 (the Regulations).
The main issue in this appeal is whether the Regulations are unlawful under the Human Rights Act 1998.
It is argued that the cap has an unjustifiably discriminatory impact on women in relation to their right to the peaceful enjoyment of their possessions, contrary to article 14 of the European Convention on Human Rights taken with article 1 of the First Protocol to the ECHR (A1P1).
The cap applies where the total entitlement of a single person or couple to specified welfare benefits exceeds an amount which represents the average weekly earnings of a working household in Great Britain, net of tax and national insurance contributions.
The Regulations fix the cap at 350 a week for a single claimant without dependent children, and 500 for all other claimants.
Benefits taken into account include housing benefit, child benefit and child tax credit.
The Governments justification for the scheme is that it is necessary (i) to set a reasonable limit on the extent to which the state will support non working families from public funds; (ii) provide members of households of working age with a greater incentive to work and (iii) achieve savings in public expenditure.
The cap does not apply to persons or families entitled to working tax credit.
Receipt of this benefit requires a lone parent responsible for a child to work at least 16 hours a week, and a couple with a child to work a total of 24 hours a week, with one of them working at least 16 hours.
The cap affects a higher number of women than men.
That is because the majority of non working households receiving the highest levels of benefits are single parent households, and most single parents are women.
The appellants are two lone mothers and their youngest children.
The application of the cap reduced SGs weekly income from the specified benefits by 75, and NSs by 55.
The courts below held that the indirectly discriminatory impact of the scheme upon lone parents, and therefore women, could be justified and that the scheme was therefore lawful.
The Supreme Court dismisses the appeal by a majority of 3 2.
Lord Reed gives the lead judgment, with which Lord Hughes agrees.
Lord Carnwath concurs with the result but for different reasons.
Lady Hale and Lord Kerr each give dissenting judgments.
Lord Reed notes that it was conceded that the Regulations result, indirectly, in differential treatment of men and women in relation to welfare benefits, and that the benefits constitute possessions falling within A1P1. [60 61] The question is whether the cap is a proportionate means of meeting legitimate aims.
Lord Reed accepts that the aims of the cap are legitimate. [63 66] In relation to proportionality, the appellants argued that the aim of setting a reasonable limit to benefits could be achieved by setting the cap at the average income of working households inclusive of in work benefits, rather than their average earnings exclusive of benefits.
Lord Reed notes, however, that the Act requires the cap to be set by reference to earnings. [67 69] The appellants also argued that the savings in public expenditure were marginal.
Lord Reed notes that, although the short term savings are a small proportion of the total welfare budget, they nevertheless contribute towards deficit reduction.
The cap is also intended to change behaviour over the longer term.
Other arguments focused on the impact of the cap on the families affected.
Lord Reed notes that the cap for households with children is equivalent to
a gross annual salary of 35,000, which is higher than the earnings of half of the UKs working households.
Whether the cap should be higher is a political question.
It is not the function of the courts to determine how much public expenditure should be devoted to welfare benefits.
Importantly, affected households were given advance notice and assistance to enable them to adjust. [70 75] The differential impact results from including child related benefits in the cap.
Excluding these would reduce savings by 80 90% and compromise the achievement of the caps legitimate aims.
No credible means were suggested by which those aims might be achieved without affecting more women than men. [76 77] Other arguments relied on the United Nations Convention on the Rights of the Child (UNCRC), which has not been incorporated by Parliament into UK law, but which can be relevant to the application of the ECHR.
Strasbourg cases do not support the argument that the cap impinges on the article 8 ECHR rights of children, and that therefore article 3(1) UNCRC obliged the Government to treat the best interests of children as a primary consideration. [78 80] Although the UNCRC can be relevant to questions concerning the rights of children under the ECHR, the present context is one of alleged discrimination against women in the enjoyment of their A1P1 property rights. [86 89] The argument that the Regulations were vitiated by the Governments misinterpretation of article 3(1) was no stronger.
It is firmly established that UK courts cannot interpret or apply treaties to which Parliament has not given effect. [90] Lord Reed further reasons that the question of proportionality involves controversial issues of social and economic policy, with major implications for public spending.
It is therefore necessary for the court to give due weight to the considered assessment of democratically elected institutions.
Unless manifestly without reasonable foundation, their assessment should be respected by the court.
Many of the issues in the appeal were considered by Parliament before it approved the Regulations.
The Governments view, endorsed by Parliament, that achieving its aims was sufficiently important to justify making the Regulations, despite the differential impact on men and women, was not manifestly without reasonable foundation. [92 96] Lord Hughes adds that Strasbourgs case law is a long way from saying that article 3(1) is relevant to justification of any kind of discrimination, whether or not the rights, upbringing, or family life of a child are affected. [144] Lord Carnwath agrees that article 3(1) UNCRC has no role in justifying discrimination against women: the treatment of the child does not depend on the sex of their parent. [129] It is trite law that unincorporated treaties like the UNCRC have no direct effect in domestic law unless and until incorporated by statute. [115] On compliance with article 3(1), he reasons that the Governments reliance on limiting expenditure and the need for a clear upper limit on benefits ignores the distinctive statutory purpose of child related benefits: to meet the needs of children as individuals.
The cap means children lose these benefits for reasons unrelated to their own needs.
If excluding those benefits emasculates the scheme, this raises questions about the viability of a scheme so dependent on child related benefits.
However, though the Secretary of State failed to show how the Regulations comply with article 3(1), it is in the political, rather than the legal, arena that the consequences should be played out. [123 127, 133] Lady Hale, in her dissenting judgment, reasons that the question is whether the legitimate aims of the cap justify the discrimination involved in its implementation. [189] The manifestly without reasonable foundation test applies to both the aims of the interference with property rights, and the proportionality of the discriminatory means employed. [209] The UNCRC has not yet been generally translated into domestic law, but Strasbourg case law shows that article 3(1) UNCRC is relevant to proportionality and discrimination as well as informing the substantive content of Convention rights, even in cases where the discrimination is not against the children but their mothers. [215 222] What has to be considered is whether the benefit cap as it applies to lone parents can be justified independently of its discriminatory effects.
In considering that, it is necessary to ask whether proper account has been taken of the best interests of the children affected, i.e. whether the Government complied with article 3(1).
It is clear to Lady Hale that it did not.
The cap deprives some children of provision for their basic needs, which cannot be in their best interests.
It does so in order to incentivise their parents to seek work, but discriminates against lone parents, who are least likely to be able to do so. [223 226] In light of article 3(1), the indirect sex discrimination inherent in the caps implementation is not a proportionate way of achieving its aims. [228] Lord Kerr, in his dissenting judgment, considers that the UNCRC can be directly enforceable in domestic law. [255 256] He further reasons that a mothers personality is defined not simply by her gender but by her role as carer for her children, so that justification of a discriminatory measure must directly address the impact on the children of lone mothers. [264 265]","['UK-Abs:uksc-2014-0079:retrieval-0000', 'UK-Abs:uksc-2014-0079:retrieval-0011', 'UK-Abs:uksc-2014-0079:retrieval-0047', 'UK-Abs:uksc-2014-0079:retrieval-0135', 'UK-Abs:uksc-2014-0079:retrieval-0041', 'UK-Abs:uksc-2014-0079:retrieval-0164']"
LQA-091,What did the United States Supreme Court decide in TikTok Inc. v. Garland in January 2025?,easy,unanswerable,False,INSUFFICIENT_EVIDENCE,,,,,,,,out_of_corpus_jurisdiction,INSUFFICIENT_EVIDENCE: The retrieved sources do not provide enough information to answer this question.,[]
LQA-092,What termination payment is required by clause 14.3 of the private employment agreement between Arjun Mehta and Orion Analytics?,easy,unanswerable,False,INSUFFICIENT_EVIDENCE,,,,,,,,missing_private_document,INSUFFICIENT_EVIDENCE: The retrieved sources do not provide enough information to answer this question.,[]
LQA-093,"What sentence was imposed in State of Kerala v. Orion Robotics Ltd., Criminal Appeal No. 9999 of 2026?",easy,unanswerable,False,INSUFFICIENT_EVIDENCE,,,,,,,,nonexistent_case,INSUFFICIENT_EVIDENCE: The retrieved sources do not provide enough information to answer this question.,[]
LQA-094,"Under the European Union AI Act rules that became applicable in 2025, which AI practices are prohibited and what exceptions apply?",medium,unanswerable,False,INSUFFICIENT_EVIDENCE,,,,,,,,post_corpus_law,INSUFFICIENT_EVIDENCE: The retrieved sources do not provide enough information to answer this question.,[]
LQA-095,What is the exact filing fee and online submission deadline for a civil appeal in the Calcutta High Court on 12 September 2026?,medium,unanswerable,False,INSUFFICIENT_EVIDENCE,,,,,,,,current_operational_information,INSUFFICIENT_EVIDENCE: The retrieved sources do not provide enough information to answer this question.,[]
LQA-096,"According to the unpublished settlement agreement in the Raikot land-allotment dispute, what confidential compensation did each appellant receive?",medium,unanswerable,False,INSUFFICIENT_EVIDENCE,,,,,,,,missing_evidence,INSUFFICIENT_EVIDENCE: The retrieved sources do not provide enough information to answer this question.,[]
LQA-097,"I received a dismissal notice yesterday but have not provided my employment contract or jurisdiction; should I sue, and what damages will I receive?",hard,unanswerable,False,INSUFFICIENT_EVIDENCE,,,,,,,,personalized_legal_advice,INSUFFICIENT_EVIDENCE: The retrieved sources do not provide enough information to answer this question.,[]
LQA-098,What reasoning will the UK Supreme Court use in its final judgment for an appeal that is still pending and has no judgment in the corpus?,hard,unanswerable,False,INSUFFICIENT_EVIDENCE,,,,,,,,future_or_unavailable_decision,INSUFFICIENT_EVIDENCE: The retrieved sources do not provide enough information to answer this question.,[]
LQA-099,"Using an unpublished 2026 Indian Supreme Court judgment and an unreported 2025 UK judgment, compare the exact damages awarded in both cases.",hard,unanswerable,False,INSUFFICIENT_EVIDENCE,,,,,,,,unsupported_cross_case_comparison,INSUFFICIENT_EVIDENCE: The retrieved sources do not provide enough information to answer this question.,[]
LQA-100,"In the case where a company disputed a tax assessment, which judge dissented and what paragraph contained the dissent, without any party name, statute, year or court information?",hard,unanswerable,False,INSUFFICIENT_EVIDENCE,,,,,,,,insufficient_case_identity,INSUFFICIENT_EVIDENCE: The retrieved sources do not provide enough information to answer this question.,[]
